ident,type,name,latitude_deg,longitude_deg,iso_country,municipality,scheduled_service,gps_code,iata_code,local_code
OMAA,large_airport,Zayed International Airport,24.440966,54.649237,AE,Abu Dhabi,yes,OMAA,AUH,
OMAL,large_airport,Al Ain International Airport,24.2617,55.6092,AE,Al Ain,yes,OMAL,AAN,
OMDB,large_airport,Dubai International Airport,25.24979,55.370992,AE,Dubai,yes,OMDB,DXB,
OMDW,large_airport,Al Maktoum International Airport,24.896171,55.16235,AE,Dubai(Jebel Ali),yes,OMDW,DWC,
OMFJ,large_airport,Fujairah International Airport,25.108411,56.328061,AE,Fujairah,yes,OMFJ,FJR,
OMRK,large_airport,Ras Al Khaimah International Airport,25.613501,55.938801,AE,Ras Al Khaimah,yes,OMRK,RKT,
OMSJ,large_airport,Sharjah International Airport,25.3286,55.5172,AE,Sharjah,yes,OMSJ,SHJ,
OAHR,large_airport,Herat - Khwaja Abdullah Ansari International Airport,34.209999,62.228298,AF,Guzara,yes,OAHR,HEA,
OAKB,large_airport,Kabul International Airport,34.565899,69.212303,AF,Kabul,yes,OAKB,KBL,
OAKN,large_airport,Ahmad Shah Baba International Airport,31.505769,65.847963,AF,Kandahar,yes,OAKN,KDH,
OAMS,large_airport,Mazar-i-Sharif International Airport,36.70412,67.210459,AF,Mazar-i-Sharif,yes,OAMS,MZR,
TAPA,large_airport,V. C. Bird International Airport,17.1367,-61.792702,AG,Osbourn,yes,TAPA,ANU,
LATI,large_airport,Tirana International Airport Mother Teresa,41.4147,19.7206,AL,Rinas,yes,LATI,TIA,
UDSG,large_airport,Shirak International Airport,40.750401,43.859299,AM,Gyumri,yes,UDSG,LWN,
UDYZ,large_airport,Zvartnots International Airport,40.148941,44.397887,AM,Yerevan,yes,UDYZ,EVN,
FNLU,large_airport,Quatro de Fevereiro International Airport,-8.85837,13.2312,AO,Luanda,yes,FNLU,LAD,
FNBJ,large_airport,Dr. Antonio Agostinho Neto International Airport,-9.050734,13.499078,AO,Luanda (Ícolo e Bengo),yes,FNBJ,NBJ,
SABE,large_airport,Aeroparque Jorge Newbery,-34.559419,-58.415536,AR,Buenos Aires,yes,SABE,AEP,AER
SAEZ,large_airport,Ezeiza International Airport - Ministro Pistarini,-34.8222,-58.5358,AR,Buenos Aires (Ezeiza),yes,SAEZ,EZE,EZE
SAVC,large_airport,General Enrique Mosconi International Airport,-45.786941,-67.463355,AR,Comodoro Rivadavia,yes,SAVC,CRD,CRV
SACO,large_airport,Ingeniero Aeronáutico Ambrosio L.V. Taravella International Airport,-31.312346,-64.208329,AR,Cordoba,yes,SACO,COR,CBA
SAWC,large_airport,El Calafate - Commander Armando Tola International Airport,-50.281997,-72.053949,AR,El Calafate,yes,SAWC,FTE,ECA
SAME,large_airport,Governor Francisco Gabrielli International Airport,-32.831699,-68.7929,AR,Mendoza,yes,SAME,MDZ,DOZ
SAZN,large_airport,Presidente Perón International Airport,-38.949001,-68.155701,AR,Neuquén,yes,SAZN,NQN,NEU
SARE,large_airport,Resistencia International Airport,-27.44991,-59.056125,AR,Resistencia,yes,SARE,RES,SIS
SAWG,large_airport,Piloto Civil Norberto Fernández International Airport,-51.608791,-69.308948,AR,Rio Gallegos,yes,SAWG,RGL,GAL
SAAR,large_airport,Rosario Islas Malvinas International Airport,-32.9036,-60.785,AR,Rosario,yes,SAAR,ROS,ROS
SASA,large_airport,Martín Miguel de Güemes International Airport,-24.856001,-65.486198,AR,Salta,yes,SASA,SLA,SAL
SAZS,large_airport,Teniente Luis Candelaria International Airport,-41.151199,-71.157501,AR,San Carlos de Bariloche,yes,SAZS,BRC,BAR
SANT,large_airport,Teniente Benjamín Matienzo International Airport,-26.837397,-65.104195,AR,San Miguel de Tucumán,yes,SANT,TUC,TUC
SASJ,large_airport,Gobernador Horacio Guzman International Airport,-24.392799,-65.097801,AR,San Salvador de Jujuy,yes,SASJ,JUJ,JUJ
NSTU,large_airport,Pago Pago International Airport,-14.331,-170.710007,AS,Pago Pago,yes,NSTU,PPG,PPG
LOWG,large_airport,Graz Airport,46.9911,15.4396,AT,Feldkirchen bei Graz,yes,LOWG,GRZ,
LOWI,large_airport,Innsbruck Airport,47.260201,11.344,AT,Innsbruck,yes,LOWI,INN,
LOWK,large_airport,Klagenfurt Airport,46.642502,14.3377,AT,Klagenfurt am Wörthersee,yes,LOWK,KLU,
LOWL,large_airport,Linz-Hörsching Airport,48.235362,14.188128,AT,Linz,yes,LOWL,LNZ,
LOWS,large_airport,Salzburg Airport,47.793301,13.0043,AT,Salzburg,yes,LOWS,SZG,
LOWW,large_airport,Vienna International Airport,48.110298,16.5697,AT,Vienna,yes,LOWW,VIE,
YPAD,large_airport,Adelaide International Airport,-34.947512,138.533393,AU,Adelaide,yes,YPAD,ADL,
YBBN,large_airport,Brisbane International Airport,-27.384199142456055,153.11700439453125,AU,Brisbane,yes,YBBN,BNE,
YBRM,large_airport,Broome International Airport,-17.949194,122.2283,AU,Broome,yes,YBRM,BME,
YBCS,large_airport,Cairns International Airport,-16.878921,145.74948,AU,Cairns,yes,YBCS,CNS,
YPDN,large_airport,Darwin International Airport / RAAF Darwin,-12.41497,130.88185,AU,Darwin,yes,YPDN,DRW,
YMAV,large_airport,Melbourne Avalon International Airport,-38.040269,144.467196,AU,Geelong/Melbourne,yes,YMAV,AVV,
YBCG,large_airport,Gold Coast Airport,-28.165962,153.506641,AU,Gold Coast,yes,YBCG,OOL,
YMHB,large_airport,Hobart International Airport,-42.837032,147.513022,AU,Hobart (Cambridge),yes,YMHB,HBA,
YBSU,large_airport,Sunshine Coast Airport,-26.593324,153.08319,AU,Maroochydore,yes,YBSU,MCY,
YMML,large_airport,Melbourne Airport,-37.670732,144.837898,AU,Melbourne,yes,YMML,MEL,
YPPH,large_airport,Perth International Airport,-31.94029998779297,115.96700286865234,AU,Perth,yes,YPPH,PER,
YPPD,large_airport,Port Hedland International Airport,-20.382787,118.629789,AU,Port Hedland,yes,YPPD,PHE,
YSWS,large_airport,[Duplicate] Western Sydney International Airport,-33.88806,150.71472,AU,Sydney,yes,YSWS,WSI,
YSSY,large_airport,Sydney Kingsford Smith International Airport,-33.946098,151.177002,AU,Sydney (Mascot),yes,YSSY,SYD,
YBWW,large_airport,Toowoomba Wellcamp Airport,-27.558332,151.793335,AU,Toowoomba,yes,YBWW,WTB,
YWLM,large_airport,Newcastle Airport,-32.796114,151.835025,AU,Williamtown,yes,YWLM,NTL,
TNCA,large_airport,Queen Beatrix International Airport,12.501056,-70.014281,AW,Oranjestad,yes,TNCA,AUA,
UBBB,large_airport,Heydar Aliyev International Airport,40.47278,50.050931,AZ,Baku,yes,UBBB,GYD,
UBBG,large_airport,Ganja International Airport,40.738692,46.320383,AZ,Ganja,yes,UBBG,GNJ,
UBBN,large_airport,Nakhchivan International Airport,39.188801,45.458401,AZ,Nakhchivan,yes,UBBN,NAJ,
LQTZ,large_airport,Tuzla International Airport,44.459858,18.723627,BA,Dubrave Gornje,yes,LQTZ,TZL,
LQBK,large_airport,Banja Luka International Airport,44.941399,17.297501,BA,Mahovljani,yes,LQBK,BNX,
LQMO,large_airport,Mostar International Airport,43.282489,17.846101,BA,Mostar,yes,LQMO,OMO,
LQSA,large_airport,Sarajevo International Airport,43.8246,18.331499,BA,Sarajevo,yes,LQSA,SJJ,
TBPB,large_airport,Grantley Adams International Airport,13.074667,-59.491034,BB,Bridgetown,yes,TBPB,BGI,
VGEG,large_airport,Shah Amanat International Airport,22.249599,91.813301,BD,Chattogram (Chittagong),yes,VGEG,CGP,
VGHS,large_airport,Hazrat Shahjalal International Airport,23.843347,90.397783,BD,Dhaka,yes,VGHS,DAC,5500
VGSY,large_airport,Osmany International Airport,24.963071,91.866903,BD,Sylhet,yes,VGSY,ZYL,
EBCI,large_airport,Brussels South Charleroi Airport,50.461963,4.459562,BE,Charleroi,yes,EBCI,CRL,
EBOS,large_airport,Ostend-Bruges International Airport,51.1998,2.874673,BE,Oostende,yes,EBOS,OST,
EBBR,large_airport,Brussels Airport,50.901402,4.48444,BE,Zaventem,yes,EBBR,BRU,
DFOO,large_airport,Bobo Dioulasso Airport,11.1601,-4.33097,BF,Bobo Dioulasso,yes,DFOO,BOY,
DFFD,large_airport,Ouagadougou Thomas Sankara International Airport,12.3532,-1.51242,BF,Ouagadougou,yes,DFFD,OUA,
LBBG,large_airport,Burgas Airport,42.569917,27.515173,BG,Burgas,yes,LBBG,BOJ,
LBPD,large_airport,Plovdiv International Airport,42.067799,24.8508,BG,Plovdiv,yes,LBPD,PDV,
LBSF,large_airport,Sofia Airport,42.696357,23.417671,BG,Sofia,yes,LBSF,SOF,
LBWN,large_airport,Varna Airport,43.232101,27.8251,BG,Varna,yes,LBWN,VAR,
OBBI,large_airport,Bahrain International Airport,26.267295,50.63764,BH,Manama,yes,OBBI,BAH,
HBBA,large_airport,Bujumbura Melchior Ndadaye International Airport,-3.32402,29.318501,BI,Bujumbura,yes,HBBA,BJM,
DBBB,large_airport,Cotonou Cadjehoun International Airport,6.35723,2.38435,BJ,Cotonou,yes,DBBB,COO,
TXKF,large_airport,L.F. Wade International Airport,32.363802,-64.67824,BM,Hamilton,yes,TXKF,BDA,
WBSB,large_airport,Brunei International Airport,4.9442,114.928001,BN,Bandar Seri Begawan,yes,WBSB,BWN,
SLCB,large_airport,Jorge Wilsterman International Airport,-17.421105,-66.177102,BO,Cochabamba,yes,SLCB,CBB,
SLLP,large_airport,El Alto International Airport,-16.510272,-68.189416,BO,La Paz / El Alto,yes,SLLP,LPB,
SLOR,large_airport,Juan Mendoza International Airport,-17.956151,-67.075829,BO,Oruro,yes,SLOR,ORU,
SLUY,large_airport,Joya Andina International Airport,-20.441304,-66.857553,BO,Quijarro,yes,SLUY,UYU,
SLVR,large_airport,Viru Viru International Airport,-17.6448,-63.135399,BO,Santa Cruz,yes,SLVR,VVI,
SLAL,large_airport,Alcantarí International Airport,-19.246835,-65.149611,BO,Sucre,yes,SLAL,SRE,
TNCB,large_airport,Flamingo International Airport,12.131,-68.268501,BQ,Kralendijk,yes,TNCB,BON,
SBCF,large_airport,Tancredo Neves International Airport,-19.63571,-43.966928,BR,Belo Horizonte,yes,SBCF,CNF,MG0001
SBBE,large_airport,Val de Cans/Júlio Cezar Ribeiro International Airport,-1.379279,-48.476207,BR,Belém,yes,SBBE,BEL,PA0001
SBBV,large_airport,Atlas Brasil Cantanhede International Airport,2.84615,-60.690648,BR,Boa Vista,yes,SBBV,BVB,RR0001
SBBR,large_airport,Presidente Juscelino Kubitschek International Airport,-15.869167,-47.920834,BR,Brasília,yes,SBBR,BSB,DF0001
SBKP,large_airport,Viracopos International Airport,-23.007404,-47.134502,BR,Campinas,yes,SBKP,VCP,SP0003
SBCY,large_airport,Várzea Grande–Marechal Rondon International Airport,-15.6529,-56.116699,BR,Cuiabá,yes,SBCY,CGB,MT0001
SBCT,large_airport,Curitiba-Afonso Pena International Airport,-25.5285,-49.1758,BR,Curitiba,yes,SBCT,CWB,PR0001
SBFL,large_airport,Hercílio Luz International Airport,-27.670279,-48.552502,BR,Florianópolis,yes,SBFL,FLN,SC0001
SBFZ,large_airport,Pinto Martins International Airport,-3.775833,-38.532222,BR,Fortaleza,yes,SBFZ,FOR,CE0001
SBFI,large_airport,Cataratas International Airport,-25.594167,-54.489444,BR,Foz do Iguaçu,yes,SBFI,IGU,PR0002
SBGO,large_airport,Santa Genoveva International Airport,-16.632,-49.220699,BR,Goiânia,yes,SBGO,GYN,GO0001
SBJP,large_airport,Presidente Castro Pinto International Airport,-7.148691,-34.950554,BR,João Pessoa,yes,SBJP,JPA,PB0001
SBMO,large_airport,Zumbi dos Palmares International Airport,-9.512559,-35.791839,BR,Maceió,yes,SBMO,MCZ,AL0001
SBEG,large_airport,Eduardo Gomes International Airport,-3.03861,-60.049702,BR,Manaus,yes,SBEG,MAO,AM0001
SBSG,large_airport,Rio Grande do Norte/São Gonçalo do Amarante–Governador Aluízio Alves International Airport,-5.769822,-35.36661,BR,Natal,yes,SBSG,NAT,RN0001
SBNF,large_airport,Ministro Victor Konder International Airport,-26.879431,-48.650979,BR,Navegantes,yes,SBNF,NVT,SC0002
SBPA,large_airport,Porto Alegre-Salgado Filho International Airport,-29.993984,-51.167482,BR,Porto Alegre,yes,SBPA,POA,RS0001
SBPS,large_airport,Porto Seguro International Airport,-16.438426,-39.080584,BR,Porto Seguro,yes,SBPS,BPS,BA0002
SBPV,large_airport,Governador Jorge Teixeira de Oliveira International Airport,-8.708491,-63.902338,BR,Porto Velho,yes,SBPV,PVH,RO0001
SBRF,large_airport,Recife/Guararapes - Gilberto Freyre International Airport,-8.12747,-34.922961,BR,Recife,yes,SBRF,REC,PE0001
SBRB,large_airport,Rio Branco-Plácido de Castro International Airport,-9.869031,-67.893984,BR,Rio Branco,yes,SBRB,RBR,AC0001
SBGL,large_airport,Rio Galeão – Tom Jobim International Airport,-22.809999,-43.250557,BR,Rio De Janeiro,yes,SBGL,GIG,RJ0001
SBRJ,large_airport,Santos Dumont Airport,-22.910397,-43.16282,BR,Rio de Janeiro,yes,SBRJ,SDU,RJ0002
SBSV,large_airport,Deputado Luiz Eduardo Magalhães International Airport,-12.908611,-38.322498,BR,Salvador,yes,SBSV,SSA,BA0001
SBSL,large_airport,Marechal Cunha Machado International Airport,-2.586386,-44.235008,BR,São Luís,yes,SBSL,SLZ,MA0001
SBSP,large_airport,Congonhas–Deputado Freitas Nobre Airport,-23.627657,-46.654601,BR,São Paulo,yes,SBSP,CGH,SP0001
SBGR,large_airport,São Paulo/Guarulhos–Governor André Franco Montoro International Airport,-23.431274,-46.469954,BR,São Paulo,yes,SBGR,GRU,SP0002
SBVT,large_airport,Eurico de Aguiar Salles International Airport,-20.258,-40.285,BR,Vitória,yes,SBVT,VIX,ES0001
MYGF,large_airport,Grand Bahama International Airport,26.557996,-78.695583,BS,Freeport,yes,MYGF,FPO,
MYNN,large_airport,Lynden Pindling International Airport,25.039,-77.466202,BS,Nassau,yes,MYNN,NAS,
MYSM,large_airport,San Salvador International Airport,24.063041,-74.523233,BS,San Salvador,yes,MYSM,ZSA,
VQPR,large_airport,Paro International Airport,27.4032,89.424599,BT,Paro,yes,VQPR,PBH,
FBFT,large_airport,Phillip Gaonwe Matante International Airport,-21.159183,27.468826,BW,Francistown,yes,FBPM,FRW,
FBSK,large_airport,Sir Seretse Khama International Airport,-24.555201,25.9182,BW,Gaborone,yes,FBSK,GBE,
FBKE,large_airport,Kasane International Airport,-17.831653,25.166195,BW,Kasane,yes,FBKE,BBK,
FBMN,large_airport,Maun International Airport,-19.970491,23.431409,BW,Maun,yes,FBMN,MUB,
UMBB,large_airport,Brest International Airport,52.108138,23.89676,BY,Brest,yes,UMBB,BQT,
UMMS,large_airport,Minsk National Airport,53.888071,28.039964,BY,Minsk,yes,UMMS,MSQ,
MZBZ,large_airport,Philip S. W. Goldson International Airport,17.539951,-88.303556,BZ,Belize City,yes,MZBZ,BZE,
CYYC,large_airport,Calgary International Airport,51.118822,-114.009933,CA,Calgary,yes,CYYC,YYC,
CYEG,large_airport,Edmonton International Airport,53.3097,-113.580002,CA,Edmonton,yes,CYEG,YEG,CYEG
CYHZ,large_airport,Halifax / Stanfield International Airport,44.8807983398,-63.5085983276,CA,Halifax,yes,CYHZ,YHZ,
CYLW,large_airport,Kelowna International Airport,49.9561,-119.377998,CA,Kelowna,yes,CYLW,YLW,
CYUL,large_airport,Montreal / Pierre Elliott Trudeau International Airport,45.467837,-73.742294,CA,Montréal,yes,CYUL,YUL,YUL
CYOW,large_airport,Ottawa Macdonald-Cartier International Airport,45.322498,-75.669197,CA,Ottawa,yes,CYOW,YOW,YOW
CYQB,large_airport,Quebec Jean Lesage International Airport,46.7911,-71.393303,CA,Quebec,yes,CYQB,YQB,YQB
CYXE,large_airport,Saskatoon John G. Diefenbaker International Airport,52.170723,-106.700793,CA,Saskatoon,yes,CYXE,YXE,
CYYT,large_airport,St. John's International Airport,47.618599,-52.7519,CA,St. John's,yes,CYYT,YYT,
CYYZ,large_airport,Toronto Pearson International Airport,43.675935,-79.629421,CA,Toronto,yes,CYYZ,YYZ,YYZ
CYVR,large_airport,Vancouver International Airport,49.193901,-123.183998,CA,Vancouver,yes,CYVR,YVR,
CYYJ,large_airport,Victoria International Airport,48.647201,-123.427792,CA,Victoria,yes,CYYJ,YYJ,
CYWG,large_airport,Winnipeg / James Armstrong Richardson International Airport,49.909999847399995,-97.2398986816,CA,Winnipeg,yes,CYWG,YWG,YWG
YPCC,large_airport,Cocos (Keeling) Islands Airport,-12.192218,96.834103,CC,West Island,yes,YPCC,CCK,
FZNA,large_airport,Goma International Airport,-1.666758,29.238037,CD,Goma,yes,FZNA,GOM,
FZAA,large_airport,Ndjili International Airport,-4.38575,15.4446,CD,Kinshasa,yes,FZAA,FIH,
FZIC,large_airport,Bangoka International Airport,0.481639,25.337999,CD,Kisangani,yes,FZIC,FKI,
FZQA,large_airport,Lubumbashi International Airport,-11.591494,27.530753,CD,Lubumbashi,yes,FZQA,FBM,
FEFF,large_airport,Bangui M'Poko International Airport,4.39848,18.518801,CF,Bangui,yes,FEFF,BGF,
FCBB,large_airport,Maya-Maya International Airport,-4.2517,15.253,CG,Brazzaville,yes,FCBB,BZV,
FCPP,large_airport,Antonio Agostinho-Neto International Airport,-4.81603,11.8866,CG,Pointe Noire,yes,FCPP,PNR,
LSGG,large_airport,Geneva International Airport,46.238098,6.10895,CH,Geneva,yes,LSGG,GVA,
LSZH,large_airport,Zürich Airport,47.458056,8.548056,CH,Zurich,yes,LSZH,ZRH,
DIAP,large_airport,Félix-Houphouët-Boigny International Airport,5.26139,-3.92629,CI,Abidjan,yes,DIAP,ABJ,
NCRG,large_airport,Rarotonga International Airport,-21.2027,-159.806,CK,Avarua,yes,NCRG,RAR,
SCFA,large_airport,Andrés Sabella Gálvez International Airport,-23.445274,-70.445232,CL,Antofagasta,yes,SCFA,ANF,
SCIE,large_airport,Carriel Sur International Airport,-36.77235,-73.062828,CL,Concepcion,yes,SCIE,CCP,
SCDA,large_airport,Diego Aracena International Airport,-20.536273,-70.181373,CL,Iquique,yes,SCDA,IQQ,
SCIP,large_airport,Mataveri International Airport,-27.165411,-109.421027,CL,Isla De Pascua,yes,SCIP,IPC,
SCTE,large_airport,El Tepual International Airport,-41.443093,-73.094065,CL,Puerto Montt,yes,SCTE,PMC,
SCCI,large_airport,President Carlos Ibáñez International Airport,-53.002602,-70.854599,CL,Punta Arenas,yes,SCCI,PUQ,
SCEL,large_airport,Comodoro Arturo Merino Benítez International Airport,-33.393001556396484,-70.78579711914062,CL,Santiago,yes,SCEL,SCL,
SCQP,large_airport,La Araucanía International Airport,-38.9259,-72.6515,CL,Temuco,yes,SCQP,ZCO,
FKKD,large_airport,Douala International Airport,4.00608,9.71948,CM,Douala,yes,FKKD,DLA,
FKKR,large_airport,Garoua International Airport,9.334785,13.372129,CM,Garoua,yes,FKKR,GOU,
FKYS,large_airport,Yaoundé Nsimalen International Airport,3.72256,11.5533,CM,Yaoundé,yes,FKYS,NSI,
ZBOW,large_airport,Baotou Donghe International Airport,40.560001,109.997002,CN,Baotou,yes,ZBOW,BAV,
ZBAA,large_airport,Beijing Capital International Airport,40.077349,116.596702,CN,Beijing,yes,ZBAA,PEK,
ZBAD,large_airport,Beijing Daxing International Airport,39.501289,116.413967,CN,Beijing,yes,ZBAD,PKX,
ZYCC,large_airport,Changchun Longjia International Airport,43.996201,125.684998,CN,Changchun,yes,ZYCC,CGQ,
ZGHA,large_airport,Changsha Huanghua International Airport,28.189199,113.220001,CN,Changsha (Changsha),yes,ZGHA,CSX,
ZUTF,large_airport,Chengdu Tianfu International Airport,30.31252,104.441284,CN,Chengdu (Jianyang),yes,ZUTF,TFU,
ZUUU,large_airport,Chengdu Shuangliu International Airport,30.558257,103.945966,CN,Chengdu (Shuangliu),yes,ZUUU,CTU,
ZUCK,large_airport,Chongqing Jiangbei International Airport,29.712254,106.651895,CN,Chongqing,yes,ZUCK,CKG,
ZYTL,large_airport,Dalian Zhoushuizi International Airport,38.965719,121.538477,CN,Dalian (Ganjingzi),yes,ZYTL,DLC,
ZBDT,large_airport,Datong Yungang International Airport,40.06139,113.480509,CN,Datong,yes,ZBDT,DAT,
ZLDH,large_airport,Dunhuang Mogao International Airport,40.161953,94.812827,CN,Dunhuang,yes,ZLDH,DNH,
ZHEC,large_airport,Ezhou Huahu International Airport,30.341178,115.03926,CN,Ezhou,yes,ZHEC,EHU,
ZSFZ,large_airport,Fuzhou Changle International Airport,25.929254,119.672524,CN,Fuzhou (Changle),yes,ZSFZ,FOC,FOC
ZGGG,large_airport,Guangzhou Baiyun International Airport,23.392401,113.299004,CN,Guangzhou (Huadu),yes,ZGGG,CAN,
ZGKL,large_airport,Guilin Liangjiang International Airport,25.219828,110.039553,CN,Guilin (Lingui),yes,ZGKL,KWL,
ZUGY,large_airport,Guiyang Longdongbao International Airport,26.541805,106.80402,CN,Guiyang (Nanming),yes,ZUGY,KWE,
ZLXN,large_airport,Xining Caojiabao International Airport,36.52775,102.040215,CN,Haidong (Huzhu Tu Autonomous County),yes,ZLXN,XNN,
ZJHK,large_airport,Haikou Meilan International Airport,19.9349,110.459,CN,Haikou (Meilan),yes,ZJHK,HAK,
ZBLA,large_airport,Hulunbuir Hailar Airport,49.208616,119.822301,CN,Hailar,yes,ZBLA,HLD,
ZSHC,large_airport,Hangzhou Xiaoshan International Airport,30.23609,120.428865,CN,Hangzhou,yes,ZSHC,HGH,
ZYHB,large_airport,Harbin Taiping International Airport,45.623402,126.25,CN,Harbin,yes,ZYHB,HRB,
ZSOF,large_airport,Hefei Xinqiao International Airport,31.98779,116.9769,CN,Hefei,yes,ZSOF,HFE,
ZBHH,large_airport,Hohhot Baita International Airport,40.849658,111.824598,CN,Hohhot,yes,ZBHH,HET,
ZSSH,large_airport,Huai'an Lianshui Airport,33.792712,119.126657,CN,Huai'an,yes,ZSSH,HIA,
ZSTX,large_airport,Huangshan Tunxi International Airport,29.733299,118.255997,CN,Huangshan,yes,ZSTX,TXN,
ZLJQ,large_airport,Jiayuguan International Airport,39.859052,98.339344,CN,Jiayuguan,yes,ZLJQ,JGN,
ZGOW,large_airport,Jieyang Chaoshan International Airport,23.552,116.5033,CN,Jieyang (Rongcheng),yes,ZGOW,SWA,
ZSJN,large_airport,Jinan Yaoqiang International Airport,36.857201,117.216003,CN,Jinan (Licheng),yes,ZSJN,TNA,
ZPJH,large_airport,Xishuangbanna Gasa International Airport,21.974648,100.762224,CN,Jinghong (Gasa),yes,ZPJH,JHG,
ZWSH,large_airport,Kashgar Laining International Airport,39.542273,76.02023,CN,Kashgar,yes,ZWSH,KHG,
ZPPP,large_airport,Kunming Changshui International Airport,25.110313,102.936743,CN,Kunming,yes,ZPPP,KMG,
ZLLL,large_airport,Lanzhou Zhongchuan International Airport,36.515202,103.620003,CN,Lanzhou (Yongdeng),yes,ZLLL,LHW,
ZSLG,large_airport,Lianyungang Huaguoshan International Airport,34.41406,119.17899,CN,Lianyungang,yes,ZSLG,LYG,
ZPLJ,large_airport,Lijiang Sanyi International Airport,26.677483,100.244944,CN,Lijiang,yes,ZPLJ,LJG,
ZHLY,large_airport,Luoyang Beijiao Airport,34.7411,112.388,CN,Luoyang (Laocheng),yes,ZHLY,LYA,
ZSCN,large_airport,Nanchang Changbei International Airport,28.864815,115.90271,CN,Nanchang,yes,ZSCN,KHN,
ZSNJ,large_airport,Nanjing Lukou International Airport,31.735032,118.865949,CN,Nanjing,yes,ZSNJ,NKG,
ZGNN,large_airport,Nanning Wuxu International Airport,22.598071,108.181922,CN,Nanning (Jiangnan),yes,ZGNN,NNG,
ZSNB,large_airport,Ningbo Lishe International Airport,29.82670021057129,121.46199798583984,CN,Ningbo,yes,ZSNB,NGB,
ZBDS,large_airport,Ordos Ejin Horo International Airport,39.493514,109.8599,CN,Ordos,yes,ZBDS,DSN,
ZSQD,large_airport,Qingdao Jiaodong International Airport,36.361953,120.088171,CN,Qingdao (Jiaozhou),yes,ZSQD,TAO,
ZYQQ,large_airport,Qiqihar Sanjiazi Airport,47.229969,123.914179,CN,Qiqihar,yes,ZYQQ,NDG,
ZSQZ,large_airport,Quanzhou Jinjiang International Airport,24.795855,118.588599,CN,Quanzhou,yes,ZSQZ,JJN,
ZJSY,large_airport,Sanya Phoenix International Airport,18.3029,109.412003,CN,Sanya (Tianya),yes,ZJSY,SYX,
ZSSS,large_airport,Shanghai Hongqiao International Airport,31.198104,121.33426,CN,Shanghai (Minhang),yes,ZSSS,SHA,
ZSPD,large_airport,Shanghai Pudong International Airport,31.1434,121.805,CN,Shanghai (Pudong),yes,ZSPD,PVG,
ZULS,large_airport,Lhasa Gonggar International Airport,29.298001,90.911951,CN,Shannan (Gonggar),yes,ZULS,LXA,
ZYTX,large_airport,Shenyang Taoxian International Airport,41.6398,123.483668,CN,Shenyang,yes,ZYTX,SHE,
ZGSZ,large_airport,Shenzhen Bao'an International Airport,22.639474,113.803262,CN,Shenzhen,yes,ZGSZ,SZX,
ZBSJ,large_airport,Shijiazhuang Zhengding International Airport,38.280701,114.696999,CN,Shijiazhuang,yes,ZBSJ,SJW,
ZBYN,large_airport,Taiyuan Wusu International Airport,37.746899,112.627998,CN,Taiyuan,yes,ZBYN,TYN,
ZBTJ,large_airport,Tianjin Binhai International Airport,39.124401092499994,117.346000671,CN,Tianjin,yes,ZBTJ,TSN,
ZSWZ,large_airport,Wenzhou Longwan International Airport,27.910572,120.853465,CN,Wenzhou (Longwan),yes,ZSWZ,WNZ,
ZHHH,large_airport,Wuhan Tianhe International Airport,30.774798,114.213723,CN,Wuhan (Huangpi),yes,ZHHH,WUH,
ZSWX,large_airport,Sunan Shuofang International Airport,31.496952,120.43038,CN,Wuxi,yes,ZSWX,WUX,
ZLXY,large_airport,Xi'an Xianyang International Airport,34.442207,108.762385,CN,Xi'an,yes,ZLXY,XIY,
ZSAM,large_airport,Xiamen Gaoqi International Airport,24.543889,118.127454,CN,Xiamen,yes,ZSAM,XMN,
ZURK,large_airport,Xigaze Peace Airport / Shigatse Air Base,29.350876,89.299157,CN,Xigazê (Samzhubzê),yes,ZURK,RKZ,
ZSYN,large_airport,Yancheng Nanyang International Airport,33.428317,120.20545,CN,Yancheng (Tinghu),yes,ZSYN,YNZ,
ZSYT,large_airport,Yantai Penglai International Airport,37.659724,120.978124,CN,Yantai,yes,ZSYT,YNT,
ZLIC,large_airport,Yinchuan Hedong International Airport,38.322758,106.393214,CN,Yinchuan,yes,ZLIC,INC,
ZSYW,large_airport,Yiwu Airport,29.342095,120.03116,CN,Yiwu/Jinhua,yes,ZSYW,YIW,
ZBYC,large_airport,Yuncheng Yanhu International Airport,35.117823,111.034023,CN,Yuncheng (Yanhu),yes,ZBYC,YCU,
ZGDY,large_airport,Zhangjiajie Hehua International Airport,29.104749,110.442786,CN,Zhangjiajie (Yongding),yes,ZGDY,DYG,
ZGZJ,large_airport,Zhanjiang Wuchuan International Airport,21.481667,110.590278,CN,Zhanjiang,yes,ZGZJ,ZHA,
ZHCC,large_airport,Zhengzhou Xinzheng International Airport,34.526497,113.849165,CN,Zhengzhou,yes,ZHCC,CGO,
ZSZS,large_airport,Zhoushan Putuoshan International Airport,29.933874,122.362307,CN,Zhoushan,yes,ZSZS,HSN,
ZGSD,large_airport,Zhuhai Jinwan Airport,22.006399,113.375999,CN,Zhuhai (Jinwan),yes,ZGSD,ZUH,
ZWWW,large_airport,Ürümqi Tianshan International Airport,43.913584,87.479372,CN,Ürümqi,yes,ZWWW,URC,
SKBQ,large_airport,Ernesto Cortissoz International Airport,10.8896,-74.7808,CO,Barranquilla,yes,SKBQ,BAQ,BAQ
SKBO,large_airport,El Dorado International Airport,4.70159,-74.1469,CO,Bogota,yes,SKBO,BOG,BOG
SKCL,large_airport,Alfonso Bonilla Aragon International Airport,3.542717,-76.381898,CO,Cali,yes,SKCL,CLO,CLO
SKCG,large_airport,Rafael Nuñez International Airport,10.4424,-75.513,CO,Cartagena,yes,SKCG,CTG,CTG
SKRG,large_airport,Jose Maria Córdova International Airport,6.16454,-75.4231,CO,Medellín,yes,SKRG,MDE,MDE
SKSP,large_airport,Gustavo Rojas Pinilla International Airport,12.5836,-81.7112,CO,San Andrés,yes,SKSP,ADZ,ADZ
MRLB,large_airport,Daniel Oduber Quirós International Airport,10.5933,-85.544403,CR,Liberia,yes,MRLB,LIR,
MROC,large_airport,Juan Santamaría International Airport,9.99386,-84.208801,CR,San José (Alajuela),yes,MROC,SJO,
MUCM,large_airport,Ignacio Agramonte International Airport,21.419909,-77.848039,CU,Camaguey,yes,MUCM,CMW,
MUHA,large_airport,José Martí International Airport,22.989200592041016,-82.40910339355469,CU,Havana,yes,MUHA,HAV,
MUHG,large_airport,Frank Pais International Airport,20.785148,-76.315526,CU,Holguin,yes,MUHG,HOG,
MUVR,large_airport,Juan Gualberto Gomez International Airport,23.034401,-81.435303,CU,Matanzas,yes,MUVR,VRA,
MUSC,large_airport,Abel Santamaria International Airport,22.492215,-79.943119,CU,Santa Clara,yes,MUSC,SNU,
MUCU,large_airport,Antonio Maceo International Airport,19.97474,-75.835504,CU,Santiago,yes,MUCU,SCU,
GVAC,large_airport,Amílcar Cabral International Airport,16.7414,-22.9494,CV,Espargos,yes,GVAC,SID,
GVNP,large_airport,Nelson Mandela International Airport,14.941126,-23.484728,CV,Praia,yes,GVNP,RAI,
GVBA,large_airport,Aristides Pereira International Airport,16.136499,-22.888901,CV,Rabil,yes,GVBA,BVC,
GVSV,large_airport,Cesaria Evora International Airport,16.833363,-25.055308,CV,São Pedro,yes,GVSV,VXE,
TNCC,large_airport,Hato International Airport,12.1889,-68.959801,CW,Willemstad,yes,TNCC,CUR,
LCLK,large_airport,Larnaca International Airport,34.875099,33.624901,CY,Larnaca,yes,LCLK,LCA,
LCPH,large_airport,Paphos International Airport,34.717999,32.485699,CY,Paphos,yes,LCPH,PFO,
LCEN,large_airport,Ercan International Airport,35.153064,33.507352,CY,Tymbou (Kirklar),yes,LCEN,ECN,
LKKV,large_airport,Karlovy Vary Airport,50.202999,12.915,CZ,Karlovy Vary,yes,LKKV,KLV,
LKMT,large_airport,Leoš Janáček Airport Ostrava,49.696301,18.111099,CZ,Mošnov,yes,LKMT,OSR,
LKPD,large_airport,Pardubice Airport,50.015049,15.73981,CZ,Pardubice,yes,LKPD,PED,
LKPR,large_airport,Václav Havel Airport Prague,50.100874,14.259911,CZ,Prague,yes,LKPR,PRG,
LKCS,large_airport,České Budějovice South Bohemian Airport,48.948171,14.42832,CZ,České Budějovice,yes,LKCS,JCL,
EDDB,large_airport,Berlin Brandenburg Airport,52.361738,13.502341,DE,Berlin,yes,EDDB,BER,
EDDW,large_airport,Bremen Airport,53.046786,8.78932,DE,Bremen,yes,EDDW,BRE,
EDLP,large_airport,Paderborn Lippstadt Airport,51.612527,8.617459,DE,Büren,yes,EDLP,PAD,
EDVK,large_airport,Kassel Airport,51.418395,9.391638,DE,Calden,yes,EDVK,KSF,
EDLW,large_airport,Dortmund Airport,51.518299,7.61224,DE,Dortmund,yes,EDLW,DTM,
EDDC,large_airport,Dresden Airport,51.134123,13.767831,DE,Dresden,yes,EDDC,DRS,
EDDL,large_airport,Düsseldorf Airport,51.289501,6.76678,DE,Düsseldorf,yes,EDDL,DUS,
EDDE,large_airport,Erfurt-Weimar Airport,50.978281,10.960713,DE,Erfurt,yes,EDDE,ERF,
EDDF,large_airport,Frankfurt Main Airport,50.026706,8.55835,DE,Frankfurt am Main,yes,EDDF,FRA,
EDFH,large_airport,Frankfurt-Hahn Airport,49.946353,7.261734,DE,Frankfurt am Main (Lautzenhausen),yes,EDFH,HHN,
EDNY,large_airport,Bodensee Airport Friedrichshafen,47.671299,9.51149,DE,Friedrichshafen,yes,EDNY,FDH,
EDDG,large_airport,Münster Osnabrück Airport,52.133816,7.688482,DE,Greven,yes,EDDG,FMO,
EDDH,large_airport,Hamburg Helmut Schmidt Airport,53.630402,9.98823,DE,Hamburg,yes,EDDH,HAM,
EDDV,large_airport,Hannover Airport,52.461102,9.68508,DE,Hannover,yes,EDDV,HAJ,
EDDK,large_airport,Cologne Bonn Airport,50.865898,7.14274,DE,Köln (Cologne),yes,EDDK,CGN,
EDJA,large_airport,Memmingen Allgau Airport,47.988092,10.238248,DE,Memmingen,yes,EDJA,FMM,
EDDM,large_airport,Munich Airport,48.353802,11.7861,DE,Munich,yes,EDDM,MUC,
EDDN,large_airport,Nuremberg Airport,49.498699,11.078056,DE,Nuremberg,yes,EDDN,NUE,
EDSB,large_airport,Karlsruhe Baden-Baden Airport,48.7794,8.0805,DE,Rheinmünster,yes,EDSB,FKB,
EDDP,large_airport,Leipzig/Halle Airport,51.420657,12.232705,DE,Schkeuditz,yes,EDDP,LEJ,
EDDS,large_airport,Stuttgart Airport,48.689899,9.22196,DE,Stuttgart,yes,EDDS,STR,
EDLV,large_airport,Weeze (Niederrhein) Airport,51.601362,6.141228,DE,Weeze,yes,EDLV,NRN,
HDAM,large_airport,Djibouti-Ambouli Airport,11.5473,43.1595,DJ,Djibouti City,yes,HDAM,JIB,
EKYT,large_airport,Aalborg Airport,57.094763,9.84993,DK,Aalborg,yes,EKYT,AAL,
EKAH,large_airport,Aarhus Airport,56.303331,10.618286,DK,Aarhus,yes,EKAH,AAR,
EKBI,large_airport,Billund Airport,55.740335,9.157019,DK,Billund,yes,EKBI,BLL,
EKCH,large_airport,Copenhagen Kastrup Airport,55.617900848389,12.656000137329,DK,Copenhagen,yes,EKCH,CPH,
EKOD,large_airport,Odense Hans Christian Andersen Airport,55.475307,10.327206,DK,Odense,yes,EKOD,ODE,
MDLR,large_airport,Casa De Campo International Airport,18.452222,-68.911111,DO,La Romana,yes,MDLR,LRM,
MDPC,large_airport,Punta Cana International Airport,18.567093,-68.364558,DO,Punta Cana,yes,MDPC,PUJ,
MDST,large_airport,Cibao International Airport,19.40406,-70.604431,DO,Santiago,yes,MDST,STI,
MDSD,large_airport,Las Américas International Airport,18.42970085144,-69.668899536133,DO,Santo Domingo,yes,MDSD,SDQ,
DAAG,large_airport,Houari Boumediene Airport,36.693886,3.214531,DZ,Algiers,yes,DAAG,ALG,
DABB,large_airport,Annaba Rabah Bitat Airport,36.826781,7.81334,DZ,Annaba,yes,DABB,AAE,
DABT,large_airport,Batna Mostefa Ben Boulaid Airport,35.752102,6.30859,DZ,Batna,yes,DABT,BLJ,
DAUB,large_airport,Biskra - Mohamed Khider Airport,34.79318,5.738899,DZ,Biskra,yes,DAUB,BSK,
DAAE,large_airport,Soummam–Abane Ramdane Airport,36.712547,5.069909,DZ,Béjaïa,yes,DAAE,BJA,BJ1
DAOI,large_airport,Chlef Aboubakr Belkaid International Airport,36.216614,1.341114,DZ,Chlef,yes,DAOI,CFK,
DABC,large_airport,Mohamed Boudiaf International Airport,36.276001,6.62039,DZ,Constantine,yes,DABC,CZL,
DAAJ,large_airport,Tiska Djanet Airport,24.285448,9.463652,DZ,Djanet,yes,DAAJ,DJG,
DAOO,large_airport,Oran Es-Sénia (Ahmed Ben Bella) International Airport,35.620648,-0.622486,DZ,Es-Sénia,yes,DAOO,ORN,
DAAV,large_airport,Jijel Ferhat Abbas Airport,36.794125,5.873652,DZ,Tahir,yes,DAAV,GJL,
DAAT,large_airport,Aguenar – Hadj Bey Akhamok Airport,22.810992,5.450832,DZ,Tamanrasset,yes,DAAT,TMR,
DAON,large_airport,Zenata – Messali El Hadj Airport,35.012732,-1.457117,DZ,Zenata,yes,DAON,TLM,
SEGU,large_airport,José Joaquín de Olmedo International Airport,-2.15742,-79.883598,EC,Guayaquil,yes,SEGU,GYE,
SEQM,large_airport,Mariscal Sucre International Airport,-0.125399,-78.354306,EC,Quito,yes,SEQM,UIO,UIO
SESA,large_airport,General Ulpiano Paez International Airport,-2.210057,-80.985067,EC,Salinas/La Libertad,yes,SESA,SNC,
SETN,large_airport,Carlos Concha Torres International Airport,0.978519,-79.626602,EC,Tachina,yes,SETN,ESM,
EETN,large_airport,Lennart Meri Tallinn Airport,59.413246,24.83264,EE,Tallinn,yes,EETN,TLL,
HESX,large_airport,Sphinx International Airport,30.108179,30.895728,EG,Al Jiza,yes,HESX,SPX,
HEBA,large_airport,Alexandria International Airport,30.93249,29.696437,EG,Alexandria,yes,HEAX,HBE,
HESN,large_airport,Aswan International Airport,23.961075,32.820382,EG,Aswan,yes,HESN,ASW,
HEAT,large_airport,Asyut International Airport,27.045962,31.01276,EG,Asyut,yes,HEAT,ATZ,
HECA,large_airport,Cairo International Airport,30.111534,31.396694,EG,Cairo,yes,HECA,CAI,
HEAL,large_airport,El Alamein International Airport,30.924324,28.46161,EG,El Alamein,yes,HEAL,DBB,
HEAR,large_airport,El Arish International Airport,31.055324,33.827964,EG,El Arish,yes,HEAR,AAC,
HEGN,large_airport,Hurghada International Airport,27.176776,33.796692,EG,Hurghada,yes,HEGN,HRG,
HELX,large_airport,Luxor International Airport,25.671018,32.706446,EG,Luxor,yes,HELX,LXR,
HEMA,large_airport,Marsa Alam International Airport,25.555548,34.59245,EG,Marsa Alam,yes,HEMA,RMF,
HEMM,large_airport,Mersa Matruh International Airport,31.324313,27.22227,EG,Marsa Matruh,yes,HEMM,MUH,
HEPS,large_airport,Port Said International Airport,31.279285,32.240582,EG,Port Said,yes,HEPS,PSD,
HESH,large_airport,Sharm El Sheikh International Airport,27.977272,34.394717,EG,Sharm El Sheikh,yes,HESH,SSH,
HESG,large_airport,Sohag International Airport,26.342515,31.743017,EG,Suhaj,yes,HESG,HMB,
GMMH,large_airport,Dakhla Airport,23.7183,-15.932,EH,Dakhla,yes,GMMH,VIL,
GMML,large_airport,Laayoune Hassan I International Airport,27.142467,-13.224947,EH,El Aaiún,yes,GMML,EUN,
LEAL,large_airport,Alicante-Elche Miguel Hernández Airport,38.2822,-0.558156,ES,Alicante,yes,LEAL,ALC,
LEBL,large_airport,Josep Tarradellas Barcelona-El Prat Airport,41.2971,2.07846,ES,Barcelona,yes,LEBL,BCN,
LEBB,large_airport,Bilbao Airport,43.301102,-2.91061,ES,Bilbao,yes,LEBB,BIO,
LEMI,large_airport,Region of Murcia International Airport,37.802852,-1.124884,ES,Corvera,yes,LEMI,RMU,
GCFV,large_airport,Fuerteventura Airport,28.4527,-13.8638,ES,El Matorral,yes,GCFV,FUE,
LEGE,large_airport,Girona-Costa Brava Airport,41.904639,2.761774,ES,Girona,yes,LEGE,GRO,
GCLP,large_airport,Gran Canaria Airport,27.9319,-15.3866,ES,Gran Canaria Island,yes,GCLP,LPA,
LEIB,large_airport,Ibiza Airport,38.872898,1.37312,ES,Ibiza (Eivissa),yes,LEIB,IBZ,
LEMD,large_airport,Adolfo Suárez Madrid–Barajas Airport,40.493407,-3.572249,ES,Madrid,yes,LEMD,MAD,
LEMH,large_airport,Menorca Airport,39.862598,4.21865,ES,Mahón (Maó),yes,LEMH,MAH,
LEMG,large_airport,Málaga-Costa del Sol Airport,36.6749,-4.49911,ES,Málaga,yes,LEMG,AGP,
LEPA,large_airport,Palma de Mallorca Airport,39.551701,2.73881,ES,Palma de Mallorca,yes,LEPA,PMI,
LEAS,large_airport,Asturias Airport,43.563599,-6.03462,ES,Ranón,yes,LEAS,OVD,
LERS,large_airport,Reus Airport,41.147509,1.168354,ES,Reus,yes,LERS,REU,
GCRR,large_airport,César Manrique-Lanzarote Airport,28.945499,-13.6052,ES,San Bartolomé,yes,GCRR,ACE,
LEST,large_airport,Santiago-Rosalía de Castro Airport,42.896301,-8.41514,ES,Santiago de Compostela,yes,LEST,SCQ,
LEZL,large_airport,Seville Airport,37.417999,-5.89311,ES,Seville,yes,LEZL,SVQ,
GCXO,large_airport,Tenerife Norte-Ciudad de La Laguna Airport,28.482752,-16.341707,ES,Tenerife,yes,GCXO,TFN,
GCTS,large_airport,Tenerife Sur Airport,28.0445,-16.5725,ES,Tenerife,yes,GCTS,TFS,
LEVC,large_airport,Valencia Airport,39.489162,-0.480961,ES,Valencia,yes,LEVC,VLC,
LEZG,large_airport,Zaragoza Airport,41.666199,-1.04155,ES,Zaragoza,yes,LEZG,ZAZ,
HAAB,large_airport,Addis Ababa Bole International Airport,8.97789,38.799301,ET,Addis Ababa,yes,HAAB,ADD,
HADR,large_airport,Aba Tenna Dejazmach Yilma International Airport,9.623549,41.855027,ET,Dire Dawa,yes,HADR,DIR,
HALA,large_airport,Hawassa International Airport,7.100611,38.396455,ET,Hawassa,yes,HALA,AWA,
HAJJ,large_airport,Gerad Wilwal International Airport,9.331907,42.911811,ET,Jijiga,yes,HAJJ,JIJ,
EFHK,large_airport,Helsinki Vantaa Airport,60.318363,24.963341,FI,Helsinki (Vantaa),yes,EFHK,HEL,
EFIV,large_airport,Ivalo Airport,68.6073,27.4053,FI,Ivalo,yes,EFIV,IVL,
EFKT,large_airport,Kittilä International Airport,67.700996,24.8468,FI,Kittilä,yes,EFKT,KTT,
EFKU,large_airport,Kuopio Airport,63.007099,27.7978,FI,Kuopio / Siilinjärvi,yes,EFKU,KUO,
EFLP,large_airport,Lappeenranta Airport,61.044601,28.144743,FI,Lappeenranta,yes,EFLP,LPP,
EFMA,large_airport,Mariehamn Airport,60.1222,19.898199,FI,Mariehamn,yes,EFMA,MHQ,
EFOU,large_airport,Oulu Airport,64.930099,25.354601,FI,Oulu / Oulunsalo,yes,EFOU,OUL,
EFRO,large_airport,Rovaniemi Airport,66.563327,25.829751,FI,Rovaniemi,yes,EFRO,RVN,
EFTP,large_airport,Tampere-Pirkkala Airport,61.414101,23.604401,FI,Tampere / Pirkkala,yes,EFTP,TMP,
EFTU,large_airport,Turku Airport,60.514099,22.2628,FI,Turku,yes,EFTU,TKU,
EFVA,large_airport,Vaasa Airport,63.05023,21.762543,FI,Vaasa,yes,EFVA,VAA,
NFFN,large_airport,Nadi International Airport,-17.761822,177.437843,FJ,Nadi,yes,NFFN,NAN,
NFNA,large_airport,Nausori International Airport,-18.044226,178.561486,FJ,Nausori,yes,NFNA,SUV,
EGYP,large_airport,Mount Pleasant Airport / RAF Mount Pleasant,-51.822642,-58.445777,FK,Mount Pleasant,yes,EGYP,MPN,
PTSA,large_airport,Kosrae International Airport,5.35698,162.957993,FM,Okat,yes,PTSA,KSA,TTK
PTKK,large_airport,Chuuk International Airport,7.46187,151.843002,FM,Weno Island,yes,PTKK,TKK,TKK
PTYA,large_airport,Yap International Airport,9.49891,138.082993,FM,Yap Island,yes,PTYA,YAP,T11
EKVG,large_airport,Vágar Airport,62.063256,-7.275782,FO,Vágar,yes,EKVG,FAE,
LFKB,large_airport,Bastia-Poretta International airport,42.5527,9.48373,FR,Bastia,yes,LFKB,BIA,
LFOB,large_airport,Beauvais-Tillé airport,49.454399,2.11278,FR,Beauvais,yes,LFOB,BVA,
LFBD,large_airport,Bordeaux–Mérignac Airport,44.82865,-0.715356,FR,Bordeaux,yes,LFBD,BOD,
LFRB,large_airport,Brest Bretagne airport,48.447899,-4.41854,FR,Brest,yes,LFRB,BES,
LFSB,large_airport,EuroAirport Basel–Mulhouse–Freiburg,47.60068,7.521117,FR,Bâle / Mulhouse,yes,LFSB,BSL,
LFLC,large_airport,Clermont-Ferrand Auvergne airport,45.786701,3.16917,FR,Clermont-Ferrand,yes,LFLC,CFE,
LFLL,large_airport,Lyon Saint-Exupéry Airport,45.725996,5.090139,FR,"Colombier-Saugnieu, Rhône",yes,LFLL,LYS,
LFKF,large_airport,Figari Sud-Corse Airport,41.50185,9.097092,FR,Figari,yes,LFKF,FSC,
LFQQ,large_airport,Lille Airport,50.566564,3.102429,FR,Lesquin,yes,LFQQ,LIL,
LFML,large_airport,Marseille Provence Airport,43.438088,5.2125,FR,"Marignane, Bouches-du-Rhône",yes,LFML,MRS,
LFMT,large_airport,Montpellier-Méditerranée Airport,43.576199,3.96301,FR,Montpellier/Méditerranée,yes,LFMT,MPL,
LFMN,large_airport,Nice-Côte d'Azur Airport,43.658401,7.21587,FR,"Nice, Alpes-Maritimes",yes,LFMN,NCE,
LFPB,large_airport,Paris-Le Bourget International Airport,48.962276,2.436539,FR,Paris,yes,LFPB,LBG,
LFPO,large_airport,Paris-Orly Airport,48.729499,2.358963,FR,"Paris (Orly, Val-de-Marne)",yes,LFPO,ORY,
LFPG,large_airport,Charles de Gaulle International Airport,49.00896,2.554117,FR,"Paris (Roissy-en-France, Val-d'Oise)",yes,LFPG,CDG,
LFST,large_airport,Strasbourg Airport,48.5383,7.62823,FR,Strasbourg,yes,LFST,SXB,
LFBO,large_airport,Toulouse-Blagnac Airport,43.629101,1.36382,FR,Toulouse/Blagnac,yes,LFBO,TLS,
FOON,large_airport,M'Vengue El Hadj Omar Bongo Ondimba International Airport,-1.65616,13.438,GA,Franceville,yes,FOON,MVB,
FOOL,large_airport,Libreville Leon M'ba International Airport,0.458951,9.41214,GA,Libreville,yes,FOOL,LBV,
FOOG,large_airport,Port Gentil International Airport,-0.711739,8.75438,GA,Port Gentil,yes,FOOG,POG,
EGPD,large_airport,Aberdeen International Airport,57.2019,-2.19778,GB,Aberdeen,yes,EGPD,ABZ,
EGAA,large_airport,Belfast International Airport,54.6575012207,-6.2158298492399995,GB,Belfast,yes,EGAA,BFS,
EGBB,large_airport,Birmingham Airport,52.453899,-1.74803,GB,"Birmingham, West Midlands",yes,EGBB,BHX,
EGGD,large_airport,Bristol Airport,51.382326,-2.716453,GB,Bristol,yes,EGGD,BRS,
EGFF,large_airport,Cardiff International Airport,51.396702,-3.34333,GB,Cardiff,yes,EGFF,CWL,
EGPH,large_airport,Edinburgh Airport,55.950145,-3.372288,GB,Edinburgh,yes,EGPH,EDI,
EGPF,large_airport,Glasgow Airport,55.871899,-4.43306,GB,Glasgow,yes,EGPF,GLA,
EGNM,large_airport,Leeds Bradford Airport,53.865898,-1.66057,GB,"Leeds, West Yorkshire",yes,EGNM,LBA,
EGGP,large_airport,Liverpool John Lennon Airport,53.334863,-2.849637,GB,Liverpool,yes,EGGP,LPL,
EGKK,large_airport,London Gatwick Airport,51.148744,-0.185739,GB,London,yes,EGKK,LGW,
EGLL,large_airport,London Heathrow Airport,51.470748,-0.459909,GB,London,yes,EGLL,LHR,
EGSS,large_airport,London Stansted Airport,51.884998,0.235,GB,"London, Essex",yes,EGSS,STN,
EGGW,large_airport,London Luton Airport,51.874699,-0.368333,GB,"Luton, Luton",yes,EGGW,LTN,
EGCC,large_airport,Manchester Airport,53.349375,-2.279521,GB,"Manchester, Greater Manchester",yes,EGCC,MAN,
EGNT,large_airport,Newcastle International Airport,55.037958,-1.689577,GB,"Newcastle upon Tyne, Tyne and Wear",yes,EGNT,NCL,
EGNX,large_airport,East Midlands Airport,52.8311,-1.32806,GB,"Nottingham, Leicestershire",yes,EGNX,EMA,
EGPK,large_airport,Glasgow Prestwick Airport,55.501499,-4.577182,GB,"Prestwick, South Ayrshire",yes,EGPK,PIK,
TGPY,large_airport,Maurice Bishop International Airport,12.003996,-61.785302,GD,Saint George's,yes,TGPY,GND,
UGSB,large_airport,Alexander Kartveli Batumi International Airport,41.60939,41.600315,GE,Batumi,yes,UGSB,BUS,
UGKO,large_airport,David the Builder Kutaisi International Airport,42.177448,42.485353,GE,Kopitnari,yes,UGKO,KUT,
UGTB,large_airport,Tbilisi International Airport,41.669201,44.9547,GE,Tbilisi,yes,UGTB,TBS,
SOCA,large_airport,Cayenne – Félix Eboué Airport,4.819964,-52.361326,GF,Matoury,yes,SOCA,CAY,
DGAA,large_airport,Kotoka International Airport,5.605189800262451,-0.16678600013256073,GH,Accra,yes,DGAA,ACC,
DGSI,large_airport,Prempeh I International Airport,6.71456,-1.59082,GH,Kumasi,yes,DGSI,KMS,
DGLE,large_airport,Yakubu Tali International Airport,9.553909,-0.86606,GH,Tamale,yes,DGLE,TML,
LXGB,large_airport,Gibraltar Airport,36.151679,-5.34978,GI,Gibraltar,yes,LXGB,GIB,
BGGH,large_airport,Nuuk International Airport,64.191066,-51.67914,GL,Nuuk,yes,BGGH,GOH,
GBYD,large_airport,Banjul International Airport,13.338,-16.652201,GM,Banjul (Yundum),yes,GBYD,BJL,
GUCY,large_airport,Ahmed Sékou Touré International Airport,9.57689,-13.612,GN,Conakry,yes,GUCY,CKY,
TFFR,large_airport,Maryse Condé International Airport,16.265443,-61.532754,GP,Pointe-à-Pitre,yes,TFFR,PTP,
FGBT,large_airport,Bata International Airport,1.90547,9.80568,GQ,Bata,yes,FGBT,BSG,
OCS,large_airport,Corisco International Airport,0.910937,9.33027,GQ,Corisco Island,yes,FGCO,OCS,
FGSL,large_airport,Malabo International Airport,3.75527,8.70872,GQ,Malabo,yes,FGSL,SSG,
LGIR,large_airport,Heraklion International Nikos Kazantzakis Airport,35.339699,25.1803,GR,Heraklion,yes,LGIR,HER,
LGKV,large_airport,Kavala Alexander the Great International Airport,40.9133,24.6192,GR,Kavala,yes,LGKV,KVA,
LGKR,large_airport,Corfu Ioannis Kapodistrias International Airport,39.60145,19.912179,GR,Kerkyra (Corfu),yes,LGKR,CFU,
LGKO,large_airport,"Kos International Airport ""Ippokratis""",36.794523,27.09115,GR,Kos Island,yes,LGKO,KGS,
LGRP,large_airport,"Rhodes International Airport ""Diagoras""",36.405399,28.086201,GR,Rhodes,yes,LGRP,RHO,
LGSR,large_airport,Santorini International Airport,36.400045,25.478638,GR,Santorini Island,yes,LGSR,JTR,
LGSA,large_airport,Chania International Airport,35.531207,24.150673,GR,Souda,yes,LGSA,CHQ,
LGAV,large_airport,Athens Eleftherios Venizelos International Airport,37.936401,23.9445,GR,Spata-Artemida,yes,LGAV,ATH,
LGTS,large_airport,Thessaloniki Macedonia International Airport,40.51928,22.970009,GR,Thessaloniki,yes,LGTS,SKG,
MGGT,large_airport,La Aurora International Airport,14.582896,-90.527515,GT,Guatemala City,yes,MGGT,GUA,
PGUM,large_airport,Antonio B. Won Pat International Airport,13.485,144.797282,GU,Hagåtña,yes,PGUM,GUM,GUM
GGOV,large_airport,Osvaldo Vieira International Airport,11.894262,-15.653596,GW,Bissau,yes,GGOV,OXB,
SYCJ,large_airport,Cheddi Jagan International Airport,6.49855,-58.254101,GY,Georgetown,yes,SYCJ,GEO,
VHHH,large_airport,Hong Kong International Airport,22.31184,113.914862,HK,Hong Kong,yes,VHHH,HKG,
MHRO,large_airport,Juan Manuel Gálvez International Airport,16.316799,-86.523003,HN,Coxen Hole,yes,MHRO,RTB,
MHSC,large_airport,Palmerola International Airport,14.3824,-87.621201,HN,Palmerola,yes,MHPR,XPL,
MHLM,large_airport,Ramón Villeda Morales International Airport,15.4526,-87.923599,HN,San Pedro Sula,yes,MHLM,SAP,
LDDU,large_airport,Dubrovnik Ruđer Bošković Airport,42.562247,18.265543,HR,Dubrovnik,yes,LDDU,DBV,
LDPL,large_airport,Pula Airport,44.893501,13.9222,HR,Pula,yes,LDPL,PUY,
LDRI,large_airport,Rijeka Airport,45.216376,14.57085,HR,Rijeka(Omišalj),yes,LDRI,RJK,
LDSP,large_airport,Split Saint Jerome Airport,43.538898,16.298,HR,Split,yes,LDSP,SPU,
LDZA,large_airport,Zagreb Franjo Tuđman International Airport,45.742901,16.0688,HR,Velika Gorica,yes,LDZA,ZAG,
LDZD,large_airport,Zadar Airport,44.096986,15.353565,HR,Zadar,yes,LDZD,ZAD,
MTCH,large_airport,Cap Haitien International Airport,19.725547,-72.20071,HT,Cap Haitien,yes,MTCH,CAP,
MTPP,large_airport,Toussaint Louverture International Airport,18.580023,-72.292596,HT,Port-au-Prince,yes,MTPP,PAP,
LHBP,large_airport,Budapest Liszt Ferenc International Airport,47.43018,19.262393,HU,Budapest,yes,LHBP,BUD,
LHDC,large_airport,Debrecen International Airport,47.489469,21.616278,HU,Debrecen,yes,LHDC,DEB,
LHPP,large_airport,Pécs-Pogány International Airport,45.988891,18.242044,HU,Pécs,yes,LHPP,PEV,
WAPP,large_airport,Pattimura International Airport,-3.71026,128.089005,ID,Ambon,yes,WAPP,AMQ,
WALL,large_airport,Sultan Aji Muhammad Sulaiman Sepinggan International Airport,-1.268342,116.89452,ID,Balikpapan,yes,WALL,BPN,
WITT,large_airport,Sultan Iskandar Muda International Airport,5.525087,95.41997,ID,Banda Aceh,yes,WITT,BTJ,
WAOO,large_airport,Syamsudin Noor International Airport,-3.440112,114.761209,ID,Banjarbaru,yes,WAOO,BDJ,
WIDD,large_airport,Hang Nadim International Airport,1.12103,104.119003,ID,Batam,yes,WIDD,BTH,
WIMM,large_airport,Kualanamu International Airport,3.637847,98.870566,ID,Beringin,yes,WIMM,KNO,
WIHH,large_airport,Halim Perdanakusuma International Airport,-6.266989,106.890318,ID,Jakarta,yes,WIHH,HLP,
WIII,large_airport,Soekarno-Hatta International Airport,-6.12557,106.655998,ID,Jakarta,yes,WIII,CGK,
WADD,large_airport,Denpasar I Gusti Ngurah Rai International Airport,-8.748409,115.167123,ID,"Kuta, Badung",yes,WADD,DPS,
WAAA,large_airport,Sultan Hasanuddin International Airport,-5.075539,119.553702,ID,Makassar,yes,WAAA,UPG,
WAMM,large_airport,Sam Ratulangi International Airport,1.548591,124.92625,ID,Manado,yes,WAMM,MDC,
WADL,large_airport,Lombok International Airport,-8.759962,116.278169,ID,"Mataram (Pujut, Lombok Tengah)",yes,WADL,LOP,
WIPT,large_airport,Minangkabau International Airport,-0.785964,100.280384,ID,Padang (Katapiang),yes,WIEE,PDG,
WIOO,large_airport,Supadio International Airport,-0.152258,109.404493,ID,Pontianak,yes,WIOO,PNK,
WARS,large_airport,Jenderal Ahmad Yani Airport,-6.970732,110.373244,ID,Semarang,yes,WAHS,SRG,
WAJJ,large_airport,Dortheys Hiyo Eluay International Airport,-2.579627,140.519857,ID,Sentani,yes,WAJJ,DJJ,
WARR,large_airport,Juanda International Airport,-7.37983,112.787003,ID,Surabaya,yes,WARR,SUB,
WARQ,large_airport,Adisoemarmo International Airport,-7.516044,110.757492,ID,Surakarta,yes,WAHQ,SOC,
WAHI,large_airport,Yogyakarta International Airport,-7.905338,110.057264,ID,Yogyakarta,yes,WAHI,YIA,
EIKN,large_airport,Ireland West Airport Knock,53.910439,-8.817002,IE,Charlestown,yes,EIKN,NOC,
EICK,large_airport,Cork International Airport,51.841301,-8.49111,IE,Cork,yes,EICK,ORK,
EIDW,large_airport,Dublin Airport,53.428713,-6.262121,IE,Dublin,yes,EIDW,DUB,
EINN,large_airport,Shannon Airport,52.702,-8.92482,IE,Shannon,yes,EINN,SNN,
LLER,large_airport,Ramon International Airport,29.727009,35.014116,IL,Eilat,yes,LLER,ETM,
LLBG,large_airport,Ben Gurion International Airport,32.011398,34.8867,IL,Tel Aviv,yes,LLBG,TLV,
EGNS,large_airport,Isle of Man Airport,54.083081,-4.623871,IM,Castletown,yes,EGNS,IOM,
VAAH,large_airport,Sardar Vallabh Patel International Airport,23.0772,72.634697,IN,Ahmedabad,yes,VAAH,AMD,
VIAR,large_airport,Sri Guru Ram Das Ji International Airport,31.7096,74.797302,IN,Amritsar,yes,VIAR,ATQ,
VOBL,large_airport,Kempegowda International Airport Bengaluru,13.1979,77.706299,IN,Bengaluru,yes,VOBL,BLR,
VABP,large_airport,Raja Bhoj International Airport,23.2875,77.337402,IN,Bhopal,yes,VABP,BHO,
VEBS,large_airport,Biju Patnaik International Airport,20.251021,85.814747,IN,Bhubaneswar,yes,VEBS,BBI,
VOCL,large_airport,Calicut International Airport,11.135996,75.955152,IN,Calicut,yes,VOCL,CCJ,
VICG,large_airport,Shaheed Bhagat Singh International Airport,30.6735,76.788498,IN,Chandigarh,yes,VICG,IXC,
VOMM,large_airport,Chennai International Airport,12.990005,80.169296,IN,Chennai,yes,VOMM,MAA,
VOCB,large_airport,Coimbatore International Airport,11.03,77.043404,IN,Coimbatore,yes,VOCB,CJB,
VEGT,large_airport,Lokpriya Gopinath Bordoloi International Airport,26.106654,91.585226,IN,Guwahati,yes,VEGT,GAU,
VIHX,large_airport,Halwara International Airport,30.748501,75.629799,IN,Halwara,yes,VIHX,HWR,
VIHR,large_airport,Maharaja Agrasen International Airport,29.186065,75.74142,IN,Hisar,yes,VIHR,HSS,
VOHS,large_airport,Rajiv Gandhi International Airport,17.231318,78.429855,IN,Hyderabad,yes,VOHS,HYD,
VEIM,large_airport,Bir Tikendrajit International Airport,24.76,93.896698,IN,Imphal,yes,VEIM,IMF,
VAID,large_airport,Devi Ahilya Bai Holkar International Airport,22.721404,75.80051,IN,Indore,yes,VAID,IDR,
VIJP,large_airport,Jaipur International Airport,26.8242,75.812202,IN,Jaipur,yes,VIJP,JAI,
VASD,large_airport,Shirdi International Airport,19.689211,74.373655,IN,Kakadi,yes,VASD,SAG,
VOKN,large_airport,Kannur International Airport,11.916343,75.544979,IN,Kannur,yes,VOKN,CNN,
VOCI,large_airport,Cochin International Airport,10.151047,76.400838,IN,Kochi,yes,VOCI,COK,
VECC,large_airport,Netaji Subhash Chandra Bose International Airport,22.654012,88.44765,IN,Kolkata,yes,VECC,CCU,
VILK,large_airport,Chaudhary Charan Singh International Airport,26.760599,80.889297,IN,Lucknow,yes,VILK,LKO,
VOML,large_airport,Mangaluru International Airport,12.95471,74.886812,IN,Mangaluru,yes,VOML,IXE,
VOGA,large_airport,Manohar International Airport,15.744257,73.860625,IN,Mopa,yes,VOGA,GOX,
VABB,large_airport,Chhatrapati Shivaji Maharaj International Airport,19.088699,72.867897,IN,Mumbai,yes,VABB,BOM,
VANP,large_airport,Dr. Babasaheb Ambedkar International Airport,21.092199,79.047203,IN,Nagpur,yes,VANP,NAG,
VAOZ,large_airport,Nashik International Airport,20.119101,73.912903,IN,Nashik,yes,VAOZ,ISK,
IN-0276,large_airport,Navi Mumbai International Airport,18.984597,73.065253,IN,Navi Mumbai,yes,VANM,NMI,
VIDP,large_airport,Indira Gandhi International Airport,28.55563,77.09519,IN,New Delhi,yes,VIDP,DEL,
VOPB,large_airport,Veer Savarkar International Airport / INS Utkrosh,11.640194,92.72902,IN,Port Blair,yes,VOPB,IXZ,
VAPO,large_airport,Pune International Airport,18.5821,73.919701,IN,Pune,yes,VAPO,PNQ,
VAHS,large_airport,Rajkot International Airport,22.378824,71.039391,IN,Rajkot,yes,VAHS,HSR,
VEBD,large_airport,Bagdogra Airport,26.6812,88.328598,IN,Siliguri,yes,VEBD,IXB,
VISR,large_airport,Sheikh ul Alam International Airport,33.987099,74.7742,IN,Srinagar,yes,VISR,SXR,
VASU,large_airport,Surat International Airport,21.115531,72.743251,IN,Surat,yes,VASU,STV,
VOTV,large_airport,Thiruvananthapuram International Airport,8.481889,76.920029,IN,Thiruvananthapuram,yes,VOTV,TRV,
VOTR,large_airport,Tiruchirappalli International Airport,10.762915,78.717741,IN,Tiruchirappalli,yes,VOTR,TRZ,
VOTP,large_airport,Tirupati International Airport,13.631988,79.539869,IN,Tirupati,yes,VOTP,TIR,
VABO,large_airport,Vadodara International Airport,22.336201,73.226303,IN,Vadodara,yes,VABO,BDQ,
VEBN,large_airport,Lal Bahadur Shastri International Airport,25.452171,82.862549,IN,Varanasi,yes,VEBN,VNS,
VOGO,large_airport,Goa Dabolim International Airport,15.380062,73.833328,IN,Vasco da Gama,yes,VOGO,GOI,
VOBZ,large_airport,Vijayawada International Airport,16.530011,80.804888,IN,Vijayawada,yes,VOBZ,VGA,
VEVZ,large_airport,Visakhapatnam International Airport,17.723506,83.227729,IN,Visakhapatnam,yes,VOVZ,VTZ,
ORER,large_airport,Erbil International Airport,36.236047,43.946615,IQ,Arbil,yes,ORER,EBL,
ORBI,large_airport,Baghdad International Airport / New Al Muthana Air Base,33.262501,44.2346,IQ,Baghdad,yes,ORBI,BGW,
ORMM,large_airport,Basra International Airport,30.549101,47.662102,IQ,Basra,yes,ORMM,BSR,
ORKK,large_airport,Kirkuk International Airport,35.469501,44.3489,IQ,Kirkuk,yes,ORKK,KIK,
ORNI,large_airport,Al Najaf International Airport,31.991116,44.405019,IQ,Najaf,yes,ORNI,NJF,
OIAA,large_airport,Abadan Ayatollah Jami International Airport,30.367887,48.230075,IR,Abadan,yes,OIAA,ABD,
OIAW,large_airport,Qasem Soleimani International Airport,31.3364,48.763789,IR,Ahvaz,yes,OIAW,AWZ,
OIKB,large_airport,Bandar Abbas International Airport,27.2183,56.3778,IR,Bandar Abbas,yes,OIKB,BND,
OIMB,large_airport,Birjand International Airport,32.896525,59.281258,IR,Birjand,yes,OIMB,XBJ,
OIFM,large_airport,Isfahan Shahid Beheshti International Airport,32.755142,51.883877,IR,Isfahan,yes,OIFM,IFN,
OIIP,large_airport,Payam International Airport,35.7761,50.826698,IR,Karaj,yes,OIIP,PYK,
OIKK,large_airport,Ayatollah Hashemi Rafsanjani International Airport,30.271276,56.949692,IR,Kerman,yes,OIKK,KER,
OIBK,large_airport,Kish International Airport,26.525427,53.980462,IR,Kish Island,yes,OIBK,KIH,
OIMM,large_airport,Mashhad International Airport,36.234821,59.642949,IR,Mashhad,yes,OIMM,MHD,
OIKQ,large_airport,Qeshm International Airport,26.754639,55.902353,IR,Qeshm(Dayrestan),yes,OIKQ,GSM,
OISS,large_airport,Shiraz Shahid Dastghaib International Airport,29.5392,52.589802,IR,Shiraz,yes,OISS,SYZ,
OITT,large_airport,Tabriz International Airport,38.1339,46.235001,IR,Tabriz,yes,OITT,TBZ,
OIIE,large_airport,Imam Khomeini International Airport,35.416099548339844,51.152198791503906,IR,Tehran,yes,OIIE,IKA,
OIII,large_airport,Mehrabad International Airport,35.689175,51.314392,IR,Tehran,yes,OIII,THR,
OIZH,large_airport,Zahedan International Airport,29.4757,60.9062,IR,Zahedan,yes,OIZH,ZAH,
BIAR,large_airport,Akureyri International Airport,65.656573,-18.072018,IS,Akureyri,yes,BIAR,AEY,
BIKF,large_airport,Keflavik International Airport,63.985001,-22.6056,IS,Reykjavík,yes,BIKF,KEF,
LIBD,large_airport,Bari Karol Wojtyła International Airport,41.138901,16.760599,IT,Bari,yes,LIBD,BRI,BA02
LIPE,large_airport,Bologna Guglielmo Marconi Airport,44.5354,11.2887,IT,Bologna,yes,LIPE,BLQ,BO08
LIBR,large_airport,Brindisi Airport,40.6576,17.947001,IT,Brindisi,yes,LIBR,BDS,BR03
LIEE,large_airport,Cagliari Elmas Airport,39.251499,9.05428,IT,Cagliari,yes,LIEE,CAG,CA07
LIPX,large_airport,Verona Villafranca Valerio Catullo Airport,45.394955,10.887303,IT,Caselle (VR),yes,LIPX,VRN,VR10
LIMF,large_airport,Turin Airport,45.200802,7.64963,IT,Caselle Torinese (TO),yes,LIMF,TRN,TO11
LICC,large_airport,Catania-Fontanarossa Airport,37.466801,15.0664,IT,Catania,yes,LICC,CTA,CT03
LIMC,large_airport,Milan Malpensa International Airport,45.6306,8.72811,IT,Ferno (VA),yes,LIMC,MXP,MI12
LIRQ,large_airport,"Florence Airport, Peretola",43.808558,11.202822,IT,Firenze (FI),yes,LIRQ,FLR,FI04
LIMJ,large_airport,Genoa Cristoforo Colombo Airport,44.412039,8.840732,IT,Genova (GE),yes,LIMJ,GOA,GE01
LICA,large_airport,Lamezia Terme Sant'Eufemia International Airport,38.906214,16.246007,IT,Lamezia Terme (CZ),yes,LICA,SUF,CZ02
LIRN,large_airport,Naples International Airport,40.886002,14.2908,IT,Napoli,yes,LIRN,NAP,NA01
LIEO,large_airport,Olbia Costa Smeralda Airport,40.898953,9.518457,IT,Olbia (SS),yes,LIEO,OLB,SS03
LIME,large_airport,Il Caravaggio International Airport,45.669362,9.708851,IT,Orio al Serio (BG),yes,LIME,BGY,BG01
LICJ,large_airport,Falcone–Borsellino Airport,38.175999,13.091,IT,Palermo,yes,LICJ,PMO,PA03
LIRZ,large_airport,Perugia San Francesco d'Assisi – Umbria International Airport,43.095901,12.5132,IT,Perugia (PG),yes,LIRZ,PEG,PG10
LIBP,large_airport,Abruzzo Airport,42.431079,14.182981,IT,Pescara,yes,LIBP,PSR,PE01
LIRP,large_airport,Pisa International Airport,43.683899,10.3927,IT,Pisa (PI),yes,LIRP,PSA,PI05
LIPR,large_airport,Federico Fellini International Airport,44.020024,12.612198,IT,Rimini (RN),yes,LIPR,RMI,RN01
LIRA,large_airport,Ciampino–G. B. Pastine International Airport,41.798769,12.595331,IT,Rome,yes,LIRA,CIA,RM12
LIRF,large_airport,Rome–Fiumicino Leonardo da Vinci International Airport,41.804532,12.251998,IT,Rome,yes,LIRF,FCO,RM11
LIPQ,large_airport,Trieste Airport,45.827862,13.466672,IT,Ronchi dei Legionari/Trieste,yes,LIPQ,TRS,GO02
LIML,large_airport,Milano Linate Airport,45.445099,9.27674,IT,Segrate (MI),yes,LIML,LIN,MI11
LIPH,large_airport,Treviso Airport,45.648399,12.1944,IT,Treviso (TV),yes,LIPH,TSF,TV01
LIPZ,large_airport,Venice Marco Polo Airport,45.505299,12.3519,IT,Venezia (VE),yes,LIPZ,VCE,VE05
MKJP,large_airport,Norman Manley International Airport,17.935699462890625,-76.7874984741211,JM,Kingston,yes,MKJP,KIN,
MKJS,large_airport,Sangster International Airport,18.50342,-77.91323,JM,Montego Bay,yes,MKJS,MBJ,
OJAM,large_airport,Marka International (Amman Civil) Airport,31.9727,35.9916,JO,Amman,yes,OJAM,ADJ,
OJAI,large_airport,Queen Alia International Airport,31.7226009369,35.9931983948,JO,Amman,yes,OJAI,AMM,
OJAQ,large_airport,King Hussein International Airport,29.611601,35.018101,JO,Aqaba,yes,OJAQ,AQJ,
RJSA,large_airport,Aomori Airport,40.733777,140.689477,JP,Aomori,yes,RJSA,AOJ,
RJFF,large_airport,Fukuoka Airport,33.585899353027344,130.4510040283203,JP,Fukuoka,yes,RJFF,FUK,
RJCH,large_airport,Hakodate Airport,41.77,140.822006,JP,Hakodate,yes,RJCH,HKD,
RJOA,large_airport,Hiroshima Airport,34.4361,132.919006,JP,Hiroshima,yes,RJOA,HIJ,
RJFK,large_airport,Kagoshima Airport,31.8034,130.718994,JP,Kagoshima,yes,RJFK,KOJ,
RJNK,large_airport,Komatsu Airport / JASDF Komatsu Air Base,36.393407,136.406895,JP,Kanazawa,yes,RJNK,KMQ,
RJFR,large_airport,Kitakyushu Airport,33.845901,131.035004,JP,Kitakyushu,yes,RJFR,KKJ,
RJBE,large_airport,Kobe Airport,34.632801,135.223999,JP,Kobe,yes,RJBE,UKB,
RJFT,large_airport,Kumamoto Airport,32.837299,130.854996,JP,Kumamoto,yes,RJFT,KMJ,
RJNS,large_airport,Mount Fuji Shizuoka Airport,34.795022,138.190976,JP,Makinohara / Shimada,yes,RJNS,FSZ,
RJOM,large_airport,Matsuyama Airport,33.826893,132.700114,JP,Matsuyama,yes,RJOM,MYJ,
RJFM,large_airport,Miyazaki Airport,31.877199,131.449005,JP,Miyazaki,yes,RJFM,KMI,
RJFU,large_airport,Nagasaki Airport,32.916901,129.914001,JP,Nagasaki,yes,RJFU,NGS,
ROAH,large_airport,Naha International Airport,26.192437,127.639804,JP,Naha,yes,ROAH,OKA,
RJOK,large_airport,Kochi Ryoma Airport,33.545217,133.670166,JP,Nankoku,yes,RJOK,KCZ,
RJAA,large_airport,Narita International Airport,35.76858,140.388714,JP,Narita,yes,RJAA,NRT,
RJSS,large_airport,Sendai Airport,38.139702,140.917007,JP,Natori,yes,RJSS,SDJ,
RJSN,large_airport,Niigata Airport,37.954166,139.112189,JP,Niigata,yes,RJSN,KIJ,
RJOB,large_airport,Okayama Momotaro Airport,34.756901,133.854996,JP,Okayama,yes,RJOB,OKJ,
RJAH,large_airport,Ibaraki Airport,36.181456,140.414434,JP,Omitama,yes,RJAH,IBR,
RJBB,large_airport,Kansai International Airport,34.427299,135.244003,JP,Osaka,yes,RJBB,KIX,
RJOO,large_airport,Osaka Itami International Airport,34.780853,135.440829,JP,Osaka,yes,RJOO,ITM,
RJFS,large_airport,Kyushu Saga International Airport,33.1497,130.302002,JP,Saga,yes,RJFS,HSG,
RJCC,large_airport,New Chitose Airport,42.774753,141.690414,JP,Sapporo,yes,RJCC,CTS,
RJOT,large_airport,Takamatsu Airport,34.214963,134.015454,JP,Takamatsu,yes,RJOT,TAK,
RJGG,large_airport,Chubu Centrair International Airport,34.858398,136.804993,JP,Tokoname,yes,RJGG,NGO,
RJOS,large_airport,Tokushima Awaodori Airport / JMSDF Tokushima Air Base,34.132559,134.607816,JP,Tokushima,yes,RJOS,TKS,
RJTT,large_airport,Tokyo Haneda International Airport,35.549678,139.786958,JP,Tokyo,yes,RJTT,HND,
HKEL,large_airport,Eldoret International Airport,0.404458,35.238899,KE,Eldoret,yes,HKEL,EDL,
HKKI,large_airport,Kisumu International Airport,-0.086139,34.728901,KE,Kisumu,yes,HKKI,KIS,
HKMO,large_airport,Moi International Airport,-4.03483,39.5942,KE,Mombasa,yes,HKMO,MBA,
HKJK,large_airport,Jomo Kenyatta International Airport,-1.318886,36.928233,KE,Nairobi,yes,HKJK,NBO,
UAFM,large_airport,Manas International Airport,43.061298,74.4776,KG,Bishkek,yes,UCFM,BSZ,
UAFO,large_airport,Osh International Airport,40.609001,72.793297,KG,Osh,yes,UCFO,OSS,
UCFL,large_airport,Issyk-Kul International Airport,42.585584,76.701181,KG,Tamchy,yes,UCFL,IKU,IKU
KH-0002,large_airport,Techo International Airport,11.359987,104.921272,KH,Phnom Penh (Boeng Khyang),yes,VDTI,KTI,
VDSV,large_airport,Sihanouk International Airport,10.570557,103.632067,KH,Preah Sihanouk,yes,VDSV,KOS,
VDSA,large_airport,Siem Reap-Angkor International Airport,13.36974,104.223831,KH,Siem Reap,yes,VDSA,SAI,
KH-0001,large_airport,Dara Sakor International Airport,10.914244,103.226652,KH,Ta Noun,yes,VDDS,DSY,
PLCH,large_airport,Cassidy International Airport,1.986278,-157.350011,KI,Kiritimati,yes,PLCH,CXI,
NGTA,large_airport,Bonriki International Airport,1.38164,173.147003,KI,South Tarawa,yes,NGTA,TRW,
FMCH,large_airport,Prince Said Ibrahim International Airport,-11.5337,43.2719,KM,Moroni,yes,FMCH,HAH,
TKPK,large_airport,Robert L. Bradshaw International Airport,17.310845,-62.719117,KN,Basseterre,yes,TKPK,SKB,
ZKPY,large_airport,Pyongyang Sunan International Airport,39.224098,125.669998,KP,Pyongyang,yes,ZKPY,FNJ,
RKPK,large_airport,Gimhae International Airport,35.179501,128.938004,KR,Busan,yes,RKPK,PUS,
RKTU,large_airport,Cheongju International Airport/Cheongju Air Base (K-59/G-513),36.71556,127.500289,KR,Cheongju,yes,RKTU,CJJ,
RKTN,large_airport,Daegu International Airport,35.894394,128.656989,KR,Daegu,yes,RKTN,TAE,
RKNY,large_airport,Yangyang International Airport,38.060481,128.669822,KR,Gonghang-ro,yes,RKNY,YNY,
RKPC,large_airport,Jeju International Airport,33.512058,126.492548,KR,Jeju City,yes,RKPC,CJU,
RKJB,large_airport,Muan International Airport,34.991406,126.382814,KR,Muan (Piseo-ri),yes,RKJB,MWX,
RKSS,large_airport,Gimpo International Airport,37.5583,126.791,KR,Seoul,yes,RKSS,GMP,
RKSI,large_airport,Incheon International Airport,37.469101,126.450996,KR,Seoul,yes,RKSI,ICN,
OKKK,large_airport,Kuwait International Airport,29.224487,47.969813,KW,Kuwait City,yes,OKKK,KWI,
MWCR,large_airport,Owen Roberts International Airport,19.292801,-81.357697,KY,George Town,yes,MWCR,GCM,
UATE,large_airport,Aktau International Airport,43.860093,51.09086,KZ,Aktau,yes,UATE,SCO,
UATT,large_airport,Aktobe International Airport,50.248116,57.204144,KZ,Aktobe,yes,UATT,AKX,
UAAA,large_airport,Almaty International Airport,43.354267,77.042828,KZ,Almaty,yes,UAAA,ALA,
UACC,large_airport,Nursultan Nazarbayev International Airport,51.027035,71.467094,KZ,Astana,yes,UACC,NQZ,
UATG,large_airport,Atyrau International Airport,47.121318,51.820343,KZ,Atyrau,yes,UATG,GUW,
UAOL,large_airport,Baikonur Krayniy International Airport,45.621994,63.210773,KZ,Baikonur,yes,UAOL,BXY,
UAKK,large_airport,Sary-Arka Airport,49.670799,73.334396,KZ,Karaganda,yes,UAKK,KGF,
UACK,large_airport,Kokshetau International Airport,53.329102,69.594597,KZ,Kokshetau,yes,UACK,KOV,
UAUU,large_airport,Kostanay International Airport,53.206902,63.550301,KZ,Kostanay,yes,UAUU,KSN,
UAOO,large_airport,Korkyt Ata International Airport,44.706902,65.592499,KZ,Kyzylorda,yes,UAOO,KZO,
UASP,large_airport,Pavlodar International Airport,52.194982,77.073088,KZ,Pavlodar,yes,UASP,PWQ,
UACP,large_airport,Petropavl International Airport,54.775622,69.187415,KZ,Petropavl,yes,UACP,PPK,
UASS,large_airport,Semei International Airport,50.351295,80.234398,KZ,Semey,yes,UASS,PLX,
UAII,large_airport,Shymkent International Airport,42.365021,69.47564,KZ,Shymkent,yes,UAII,CIT,
UADD,large_airport,Taraz International Airport,42.8536,71.303596,KZ,Taraz,yes,UADD,DMB,
UAIT,large_airport,Hazrat Sultan International Airport,43.311087,68.550352,KZ,Turkıstan,yes,UAIT,HSA,
UARR,large_airport,Manshuk Mametova International Airport,51.151976,51.543652,KZ,Uralsk,yes,UARR,URA,
UASK,large_airport,Oskemen International Airport,50.035033,82.496057,KZ,Ust-Kamenogorsk (Oskemen),yes,UASK,UKK,
UAKD,large_airport,Zhezkazgan National Airport,47.708953,67.738094,KZ,Zhezkazgan,yes,UAKD,DZN,
VLLB,large_airport,Luang Phabang International Airport,19.904273,102.167191,LA,Luang Phabang,yes,VLLB,LPQ,
VLPS,large_airport,Pakse International Airport,15.133973,105.779871,LA,Pakse,yes,VLPS,PKZ,
VLVT,large_airport,Wattay International Airport,17.985052,102.566692,LA,Vientiane,yes,VLVT,VTE,
OLBA,large_airport,Beirut Rafic Hariri International Airport,33.819833,35.487443,LB,Beirut,yes,OLBA,BEY,
TLPL,large_airport,Hewanorra International Airport,13.7332,-60.952599,LC,Vieux Fort,yes,TLPL,UVF,
VCBI,large_airport,Bandaranaike International Colombo Airport,7.180759906768799,79.88410186767578,LK,Colombo,yes,VCBI,CMB,
VCCC,large_airport,Colombo Ratmalana International Airport,6.821638,79.885859,LK,Colombo,yes,VCCC,RML,
VCCJ,large_airport,Jaffna International Airport,9.79233,80.070099,LK,Jaffna,yes,VCCJ,JAF,
VCRI,large_airport,Mattala Rajapaksa International Airport,6.283878,81.124163,LK,Mattala,yes,VCRI,HRI,VCRI
GLRB,large_airport,Roberts International Airport,6.23379,-10.3623,LR,Monrovia,yes,GLRB,ROB,
FXMM,large_airport,Moshoeshoe I International Airport,-29.456277,27.554456,LS,Maseru(Mazenod),yes,FXMM,MSU,
EYKA,large_airport,Kaunas International Airport,54.963965,24.08582,LT,Kaunas,yes,EYKA,KUN,
EYPA,large_airport,Palanga International Airport,55.973202,21.093901,LT,Palanga,yes,EYPA,PLQ,
EYVI,large_airport,Vilnius International Airport,54.634102,25.285801,LT,Vilnius,yes,EYVI,VNO,
ELLX,large_airport,Luxembourg-Findel International Airport,49.626845,6.212134,LU,Luxembourg,yes,ELLX,LUX,
EVRA,large_airport,Riga International Airport,56.920752,23.970711,LV,Riga,yes,EVRA,RIX,
HLLQ,large_airport,Al Abraq International Airport,32.789036,21.954864,LY,Al Albraq,yes,HLLQ,LAQ,
HLLB,large_airport,Benina International Airport,32.096802,20.269501,LY,Benina,yes,HLLB,BEN,
HLLM,large_airport,Mitiga International Airport,32.89177,13.287878,LY,Tripoli,yes,HLLM,MJI,
GMAD,large_airport,Al Massira Airport,30.322478,-9.412003,MA,Agadir (Temsia),yes,GMAD,AGA,
GMFO,large_airport,Oujda Angads Airport,34.789558,-1.926041,MA,Ahl Angad,yes,GMFO,OUD,
GMMW,large_airport,Nador Al Aaroui International Airport,34.9888,-3.02821,MA,Al Aaroui,yes,GMMW,NDR,
GMMN,large_airport,Mohammed V International Airport,33.3675,-7.58997,MA,Casablanca,yes,GMMN,CMN,
GMMX,large_airport,Marrakesh Menara Airport,31.604807,-8.035788,MA,Marrakesh,yes,GMMX,RAK,
GMMZ,large_airport,Ouarzazate International Airport,30.9391,-6.90943,MA,Ouarzazate,yes,GMMZ,OZZ,
GMMD,large_airport,Beni Mellal Airport,32.401895,-6.315905,MA,Oulad Yaich,yes,GMMD,BEM,
GMME,large_airport,Rabat-Salé Airport,34.051498,-6.75152,MA,Rabat,yes,GMME,RBA,
GMFF,large_airport,Fes Saïss International Airport,33.927299,-4.97796,MA,Saïss,yes,GMFF,FEZ,
GMTT,large_airport,Tangier Ibn Battuta Airport,35.731741,-5.921459,MA,Tangier,yes,GMTT,TNG,
GMTN,large_airport,Sania Ramel Airport,35.594299,-5.32002,MA,Tétouan,yes,GMTN,TTU,
GMAZ,large_airport,Zagora Airport,30.265788,-5.860808,MA,Zagora,yes,GMAZ,OZG,
LUKK,large_airport,Chişinău International Airport,46.92774,28.931704,MD,Chişinău,yes,LUKK,RMO,
LYPG,large_airport,Podgorica Airport / Podgorica Golubovci Airbase,42.359402,19.2519,ME,Podgorica,yes,LYPG,TGD,
FMMI,large_airport,Ivato International Airport,-18.7969,47.478802,MG,Antananarivo,yes,FMMI,TNR,
FMNM,large_airport,Amborovy Airport,-15.666842,46.351233,MG,Mahajanga,yes,FMNM,MJN,
FMNN,large_airport,Nosy Be International Airport,-13.3121,48.3148,MG,Nosy Be,yes,FMNN,NOS,
FMMT,large_airport,Toamasina Ambalamanasy Airport,-18.113537,49.392262,MG,Toamasina,yes,FMMT,TMM,
PKMJ,large_airport,Marshall Islands International Airport,7.06511,171.271656,MH,Majuro Atoll,yes,PKMJ,MAJ,MAJ
LWSK,large_airport,Skopje International Airport,41.958087,21.622581,MK,Ilinden,yes,LWSK,SKP,
LWOH,large_airport,Ohrid St. Paul the Apostle Airport,41.18,20.7423,MK,Ohrid,yes,LWOH,OHD,
GABS,large_airport,Modibo Keita International Airport,12.5335,-7.94994,ML,Bamako,yes,GABS,BKO,
GATB,large_airport,Tombouktou Airport,16.730499,-3.00758,ML,Timbuktu,yes,GATB,TOM,
VYMD,large_airport,Mandalay International Airport,21.702199935913086,95.97789764404297,MM,Mandalay,yes,VYMD,MDL,
VYNT,large_airport,Nay Pyi Taw International Airport,19.623501,96.200996,MM,Naypyitaw,yes,VYNT,NYT,
VYYY,large_airport,Yangon International Airport,16.907300949099998,96.1332015991,MM,Yangon,yes,VYYY,RGN,
ZMCK,large_airport,Ulaanbaatar Chinggis Khaan International Airport,47.646916,106.819833,MN,Ulaanbaatar (Sergelen),yes,ZMCK,UBN,
VMMC,large_airport,Macau International Airport,22.149599,113.592003,MO,Nossa Senhora do Carmo,yes,VMMC,MFM,
PGRO,large_airport,Rota International Airport,14.173267,145.241103,MP,Rota Island,yes,PGRO,ROP,GRO
TFFF,large_airport,Martinique Aimé Césaire International Airport,14.591,-61.003201,MQ,Fort-de-France,yes,TFFF,FDF,
GQPP,large_airport,Nouadhibou International Airport,20.932404,-17.030199,MR,Nouadhibou,yes,GQPP,NDB,
GQNO,large_airport,Nouakchott–Oumtounsy International Airport,18.31,-15.969722,MR,Nouakchott,yes,GQNO,NKC,
TRPG,large_airport,John A. Osborne Airport,16.791835,-62.193204,MS,Gerald's Park,yes,TRPG,MNI,
LMML,large_airport,Malta International Airport,35.845932,14.491546,MT,Valletta,yes,LMML,MLA,
FIMP,large_airport,Sir Seewoosagur Ramgoolam International Airport,-20.430201,57.683601,MU,Plaine Magnien,yes,FIMP,MRU,
VRMG,large_airport,Gan International Airport,-0.692975,73.152627,MV,Gan,yes,VRMG,GAN,
VRMH,large_airport,Hanimaadhoo International Airport,6.743235,73.167072,MV,Haa Dhaalu Atoll,yes,VRMH,HAQ,
VRMM,large_airport,Velana International Airport,4.19183,73.529099,MV,Malé,yes,VRMM,MLE,
VRDA,large_airport,Maafaru International Airport,5.817407,73.468404,MV,Noonu Atoll,yes,VRDA,NMF,
FWCL,large_airport,Chileka International Airport,-15.677189,34.972319,MW,Blantyre,yes,FWCL,BLZ,
FWKI,large_airport,Kamuzu International Airport,-13.7894,33.780998,MW,Lumbadzi,yes,FWKI,LLW,
MMAA,large_airport,General Juan N. Álvarez International Airport,16.757126,-99.753113,MX,Acapulco,yes,MMAA,ACA,
MMAS,large_airport,Aguascalientes International Airport,21.699589,-102.318372,MX,Aguascalientes,yes,MMAS,AGU,
MMUN,large_airport,Cancún International Airport,21.040817,-86.87347,MX,Cancún,yes,MMUN,CUN,
MMCU,large_airport,General Roberto Fierro Villalobos International Airport,28.702649,-105.963764,MX,Chihuahua,yes,MMCU,CUU,
MMCS,large_airport,Abraham González International Airport,31.636673,-106.428533,MX,Ciudad Juárez,yes,MMCS,CJS,
MMCZ,large_airport,Cozumel International Airport,20.514922,-86.928538,MX,Cozumel,yes,MMCZ,CZM,
MMCL,large_airport,Bachigualato Federal International Airport,24.76504,-107.475228,MX,Culiacán,yes,MMCL,CUL,
MMGL,large_airport,Guadalajara International Airport,20.523342,-103.310108,MX,Guadalajara,yes,MMGL,GDL,GDL
MMHO,large_airport,General Ignacio L. Pesqueira International Airport,29.092811,-111.053015,MX,Hermosillo,yes,MMHO,HMO,
MMBT,large_airport,Bahías de Huatulco International Airport,15.775437,-96.260456,MX,Huatulco,yes,MMBT,HUX,HU1
MMZH,large_airport,Ixtapa-Zihuatanejo International Airport,17.601771,-101.460629,MX,Ixtapa,yes,MMZH,ZIH,
MMLT,large_airport,Loreto International Airport,25.989549,-111.348408,MX,Loreto,yes,MMLT,LTO,
MMMZ,large_airport,General Rafael Buelna International Airport,23.162823,-106.264517,MX,Mazatlàn,yes,MMMZ,MZT,
MMSM,large_airport,Felipe Ángeles International Airport,19.743824,-99.01507,MX,Mexico City,yes,MMSM,NLU,SLM
MMMX,large_airport,Mexico City Benito Juárez International Airport,19.435822,-99.07033,MX,Mexico City,yes,MMMX,MEX,ME1
MMMY,large_airport,Monterrey International Airport,25.778521,-100.106989,MX,Monterrey,yes,MMMY,MTY,
MMMM,large_airport,General Francisco J. Mujica International Airport,19.849899,-101.025002,MX,Morelia,yes,MMMM,MLM,
MMMD,large_airport,Manuel Crescencio Rejón International Airport,20.930485,-89.645462,MX,Mérida,yes,MMMD,MID,
MMOX,large_airport,Xoxocotlán International Airport,16.998773,-96.726092,MX,Oaxaca,yes,MMOX,OAX,
MMPB,large_airport,Hermanos Serdán International Airport,19.158465,-98.371582,MX,Puebla,yes,MMPB,PBC,
MMPR,large_airport,Puerto Vallarta International Airport,20.679913,-105.254391,MX,Puerto Vallarta,yes,MMPR,PVR,
MMQT,large_airport,Querétaro Intercontinental Airport,20.618779,-100.186449,MX,Querétaro,yes,MMQT,QRO,QET
MMSD,large_airport,Los Cabos International Airport,23.151919,-109.720731,MX,San José del Cabo,yes,MMSD,SJD,
MMLO,large_airport,Guanajuato International Airport,20.992695,-101.480284,MX,Silao,yes,MMLO,BJX,BJ1
MMTJ,large_airport,General Abelardo L. Rodriguez International Airport,32.541043,-116.969976,MX,Tijuana,yes,MMTJ,TIJ,
MMTO,large_airport,Adolfo López Mateos International Airport,19.3369,-99.56583,MX,Toluca,yes,MMTO,TLC,
MMTL,large_airport,Felipe Carrillo Puerto International Airport Tulum,20.172098,-87.660272,MX,Tulum,yes,MMTL,TQO,
MMVR,large_airport,General Heriberto Jara International Airport,19.139589,-96.188602,MX,Veracruz,yes,MMVR,VER,
MMVA,large_airport,Carlos Rovirosa Pérez International Airport,17.994283,-92.818199,MX,Villahermosa,yes,MMVA,VSA,
WMKI,large_airport,Sultan Azlan Shah Airport,4.56733,101.091643,MY,Ipoh,yes,WMKI,IPH,
WMKJ,large_airport,Senai International Airport,1.64131,103.669998,MY,Johor Bahru,yes,WMKJ,JHB,
WBKK,large_airport,Kota Kinabalu International Airport,5.932743,116.049324,MY,Kota Kinabalu,yes,WBKK,BKI,
WBGG,large_airport,Kuching International Airport,1.487364,110.352859,MY,Kuching,yes,WBGG,KCH,
WMKL,large_airport,Langkawi International Airport,6.32973,99.728699,MY,Langkawi,yes,WMKL,LGK,
WMKP,large_airport,Penang International Airport,5.296303,100.276185,MY,Penang,yes,WMKP,PEN,
WMKK,large_airport,Kuala Lumpur International Airport,2.74558,101.709999,MY,Sepang,yes,WMKK,KUL,
WMSA,large_airport,Sultan Abdul Aziz Shah International Airport,3.13058,101.549004,MY,Subang,yes,WMSA,SZB,
FQBR,large_airport,Beira International Airport,-19.7964,34.9076,MZ,Beira,yes,FQBR,BEW,
FQMA,large_airport,Maputo Airport,-25.920799,32.572601,MZ,Maputo,yes,FQMA,MPM,
FQNP,large_airport,Nampula Airport,-15.1056,39.281799,MZ,Nampula,yes,FQNP,APL,
FQTT,large_airport,Tete Airport,-16.104799,33.640202,MZ,Tete,yes,FQTT,TET,
FYWB,large_airport,Walvis Bay International Airport,-22.979332,14.647102,NA,Walvis Bay(Rooikop),yes,FYWB,WVB,
FYWH,large_airport,Hosea Kutako International Airport,-22.4799,17.4709,NA,Windhoek,yes,FYWH,WDH,
NWWW,large_airport,La Tontouta International Airport,-22.014601,166.212997,NC,Nouméa (La Tontouta),yes,NWWW,NOU,
DRRN,large_airport,Diori Hamani International Airport,13.4815,2.18361,NE,Niamey,yes,DRRN,NIM,
DNAA,large_airport,Nnamdi Azikiwe International Airport,9.00679,7.26317,NG,Abuja,yes,DNAA,ABV,
DNAS,large_airport,Asaba International Airport,6.204167,6.665278,NG,Asaba,yes,DNAS,ABB,
DNBC,large_airport,Sir Abubakar Tafawa Balewa Bauchi State International Airport,10.482833,9.744,NG,Bauchi,yes,DNBC,BCU,
DNEN,large_airport,Akanu Ibiam International Airport,6.473718,7.560463,NG,Enegu,yes,DNEN,ENU,
DNIL,large_airport,General Tunde Idiagbon International Airport,8.44021,4.49392,NG,Ilorin/Ogbomosho,yes,DNIL,ILR,
DNKA,large_airport,Kaduna International Airport,10.696,7.32011,NG,Kaduna,yes,DNKA,KAD,
DNKN,large_airport,Mallam Aminu Kano International Airport,12.045613,8.523566,NG,Kano,yes,DNKN,KAN,
DNMM,large_airport,Murtala Muhammed International Airport,6.57737,3.32116,NG,Lagos,yes,DNMM,LOS,
DNMA,large_airport,Maiduguri International Airport,11.854163,13.080702,NG,Maiduguri,yes,DNMA,MIU,
DNPO,large_airport,Port Harcourt International Airport,5.01549,6.94959,NG,Port Harcourt,yes,DNPO,PHC,
DNSO,large_airport,Sadiq Abubakar III International Airport,12.915729,5.207547,NG,Sokoto,yes,DNSO,SKO,
MNMG,large_airport,Augusto C. Sandino (Managua) International Airport,12.1415,-86.168198,NI,Managua,yes,MNMG,MGA,
EHAM,large_airport,Amsterdam Airport Schiphol,52.308601,4.76389,NL,Amsterdam,yes,EHAM,AMS,
EHEH,large_airport,Eindhoven Airport,51.4500999451,5.37452983856,NL,Eindhoven,yes,EHEH,EIN,
EHGG,large_airport,Groningen Airport Eelde,53.119107,6.577652,NL,Groningen,yes,EHGG,GRQ,
EHBK,large_airport,Maastricht Aachen Airport,50.911087,5.769401,NL,Maastricht,yes,EHBK,MST,
EHRD,large_airport,Rotterdam The Hague Airport,51.956902,4.43722,NL,Rotterdam,yes,EHRD,RTM,
ENBR,large_airport,"Bergen Airport, Flesland",60.2934,5.21814,NO,Bergen,yes,ENBR,BGO,
ENBO,large_airport,Bodø Airport,67.269203,14.3653,NO,Bodø,yes,ENBO,BOO,
ENEV,large_airport,Harstad/Narvik Airport,68.491302,16.678101,NO,Evenes,yes,ENEV,EVE,
ENCN,large_airport,Kristiansand Airport,58.204201,8.08537,NO,Kristiansand(Kjevik),yes,ENCN,KRS,
ENGM,large_airport,Oslo-Gardermoen International Airport,60.193901,11.1004,NO,Oslo (Gardermoen),yes,ENGM,OSL,
ENTO,large_airport,"Sandefjord Airport, Torp",59.186699,10.2586,NO,Sandefjord(Torp),yes,ENTO,TRF,
ENZV,large_airport,"Stavanger Airport, Sola",58.876701,5.63778,NO,Stavanger,yes,ENZV,SVG,
ENTC,large_airport,Tromsø Airport,69.683296,18.9189,NO,Tromsø,yes,ENTC,TOS,
ENVA,large_airport,"Trondheim Airport, Værnes",63.457802,10.924,NO,Trondheim,yes,ENVA,TRD,
ENAL,large_airport,Ålesund Airport,62.560443,6.110845,NO,Ålesund,yes,ENAL,AES,
VNKT,large_airport,Tribhuvan International Airport,27.6966,85.3591,NP,Kathmandu,yes,VNKT,KTM,
NP-0003,large_airport,Pokhara International Airport,28.1838,84.0147,NP,Pokhara,yes,VNPR,PHH,
VNBW,large_airport,Gautam Buddha International Airport,27.504636,83.410381,NP,Siddharthanagar (Bhairahawa),yes,VNBW,BWA,
NZAA,large_airport,Auckland International Airport,-37.01199,174.786331,NZ,Auckland,yes,NZAA,AKL,
NZCH,large_airport,Christchurch International Airport,-43.489029,172.532065,NZ,Christchurch,yes,NZCH,CHC,
NZQN,large_airport,Queenstown Airport,-45.019205,168.746379,NZ,Queenstown,yes,NZQN,ZQN,
NZWN,large_airport,Wellington International Airport,-41.326839,174.806862,NZ,Wellington,yes,NZWN,WLG,
OM-0003,large_airport,Duqm International Airport,19.501944,57.634167,OM,Duqm,yes,OODQ,DQM,
OOMS,large_airport,Muscat International Airport,23.600218,58.285268,OM,Muscat/Seeb,yes,OOMS,MCT,
OOSA,large_airport,Salalah International Airport,17.0387,54.091301,OM,Salalah,yes,OOSA,SLL,
OOSH,large_airport,Suhar International Airport,24.38604,56.62541,OM,Suhar,yes,OOSH,OHS,
MPTO,large_airport,Tocumen International Airport,9.07136,-79.383499,PA,Tocumen,yes,MPTO,PTY,
SPQU,large_airport,Rodríguez Ballón International Airport,-16.340786,-71.569485,PE,Arequipa,yes,SPQU,AQP,
SPHI,large_airport,Capitán FAP José A. Quiñones González International Airport,-6.789223,-79.828254,PE,Chiclayo,yes,SPHI,CIX,
SPZO,large_airport,Alejandro Velasco Astete International Airport,-13.535699844400002,-71.9387969971,PE,Cusco,yes,SPZO,CUZ,
SPQT,large_airport,Coronel FAP Francisco Secada Vignetta International Airport,-3.78474,-73.3088,PE,Iquitos,yes,SPQT,IQT,
SPJL,large_airport,Inca Manco Capac International Airport,-15.467689,-70.15653,PE,Juliaca,yes,SPJL,JUL,
SPIM,large_airport,Jorge Chávez International Airport,-12.0219,-77.114305,PE,Lima,yes,SPJC,LIM,
SPCL,large_airport,Cap FAP David Abenzur Rengifo International Airport,-8.378064,-74.574495,PE,Pucallpa,yes,SPCL,PCL,
SPRU,large_airport,Capitán FAP Carlos Martínez de Pinillos International Airport,-8.082382,-79.108821,PE,Trujillo,yes,SPRU,TRU,
NTAA,large_airport,Fa'a'ā International Airport,-17.553472,-149.606936,PF,Papeete,yes,NTAA,PPT,
AYNZ,large_airport,Nadzab Tomodachi International Airport,-6.567995,146.726544,PG,Lae,yes,AYNZ,LAE,
AYPY,large_airport,Port Moresby Jacksons International Airport,-9.443380355834961,147.22000122070312,PG,Port Moresby,yes,AYPY,POM,
RPVB,large_airport,Bacolod-Silay International Airport,10.776237,123.018879,PH,Bacolod City,yes,RPVB,BCD,
RPVI,large_airport,Iloilo International Airport,10.833017,122.493358,PH,Cabatuan,yes,RPVI,ILO,
RPVM,large_airport,Mactan Cebu International Airport,10.309261,123.97974,PH,Cebu City/Lapu-Lapu City,yes,RPVM,CEB,
RPMD,large_airport,Francisco Bangoy International Airport,7.12552,125.646004,PH,Davao,yes,RPMD,DVO,
RPMR,large_airport,General Santos International Airport,6.057208,125.096243,PH,General Santos,yes,RPMR,GES,
RPVK,large_airport,Kalibo International Airport,11.6794,122.375999,PH,Kalibo,yes,RPVK,KLO,
RPMY,large_airport,Laguindingan International Airport,8.612203,124.456496,PH,Laguindingan,yes,RPMY,CGY,
RPLI,large_airport,Laoag International Airport,18.175089,120.531006,PH,Laoag City,yes,RPLI,LAO,
RPLK,large_airport,Bicol International Airport,13.111915,123.676829,PH,Legazpi,yes,RPLK,DRP,
RPLC,large_airport,Clark International Airport / Clark Air Base,15.186,120.559998,PH,Mabalacat,yes,RPLC,CRK,
RPLL,large_airport,Ninoy Aquino International Airport,14.5086,121.019997,PH,Manila (Pasay),yes,RPLL,MNL,
RPLB,large_airport,Subic Bay International Airport / Naval Air Station Cubi Point,14.794833,120.271883,PH,Olongapo,yes,RPLB,SFS,
RPVP,large_airport,Puerto Princesa International Airport / PAF Antonio Bautista Air Base,9.742044,118.75911,PH,Puerto Princesa,yes,RPVP,PPS,
RPMZ,large_airport,Zamboanga International Airport,6.92242,122.059998,PH,Zamboanga,yes,RPMZ,ZAM,
OPIS,large_airport,Islamabad International Airport,33.549,72.82566,PK,Attock,yes,OPIS,ISB,
OPFA,large_airport,Faisalabad International Airport,31.364923,72.995319,PK,Faisalabad,yes,OPFA,LYP,
OPGD,large_airport,New Gwadar International Airport,25.296733,62.498822,PK,Gurandani,yes,OPGW,GWD,
OPKC,large_airport,Jinnah International Airport,24.9065,67.160797,PK,Karachi,yes,OPKC,KHI,
OPLA,large_airport,Allama Iqbal International Airport,31.521601,74.403603,PK,Lahore,yes,OPLA,LHE,
OPMT,large_airport,Multan International Airport,30.203199,71.419098,PK,Multan,yes,OPMT,MUX,
OPPS,large_airport,Bacha Khan International Airport,33.9939,71.514603,PK,Peshawar,yes,OPPS,PEW,
OPQT,large_airport,Quetta International Airport,30.2514,66.937798,PK,Quetta,yes,OPQT,UET,
OPST,large_airport,Sialkot International Airport,32.535941,74.364623,PK,Sialkot,yes,OPST,SKT,
OPSD,large_airport,Skardu International Airport,35.33866,75.538648,PK,Skardu,yes,OPSD,KDU,
OPTU,large_airport,Turbat International Airport,25.984767,63.028856,PK,Turbat,yes,OPTU,TUK,
EPKK,large_airport,Kraków John Paul II International Airport,50.077702,19.7848,PL,Balice,yes,EPKK,KRK,
EPGD,large_airport,Gdańsk Lech Wałęsa Airport,54.377602,18.4662,PL,Gdańsk,yes,EPGD,GDN,
EPRZ,large_airport,Rzeszów-Jasionka Airport,50.109791,22.024155,PL,Jasionka,yes,EPRZ,RZE,
EPKT,large_airport,Katowice Wojciech Korfanty International Airport,50.476015,19.080705,PL,Katowice,yes,EPKT,KTW,
EPLB,large_airport,Lublin Airport,51.240157,22.713461,PL,Lublin,yes,EPLB,LUZ,
EPMO,large_airport,Warsaw Modlin Airport,52.451099,20.6518,PL,Nowy Dwór Mazowiecki,yes,EPMO,WMI,
EPPO,large_airport,Poznań-Ławica Airport,52.421598,16.823359,PL,Poznań,yes,EPPO,POZ,
EPSC,large_airport,Solidarity Szczecin–Goleniów Airport,53.584702,14.9022,PL,Szczecin(Glewice),yes,EPSC,SZZ,
EPWA,large_airport,Warsaw Chopin Airport,52.165699,20.9671,PL,Warsaw,yes,EPWA,WAW,
EPWR,large_airport,Copernicus Wrocław Airport,51.103719,16.882096,PL,Wrocław,yes,EPWR,WRO,
EPLL,large_airport,Łódź Władysław Reymont Airport,51.721901,19.3981,PL,Łódź,yes,EPLL,LCJ,
TJSJ,large_airport,Luis Munoz Marin International Airport,18.4394,-66.001801,PR,San Juan,yes,TJSJ,SJU,SJU
LPFR,large_airport,Faro - Gago Coutinho International Airport,37.015909,-7.970939,PT,Faro,yes,LPFR,FAO,
LPMA,large_airport,Cristiano Ronaldo International Airport,32.697812,-16.774613,PT,Funchal,yes,LPMA,FNC,
LPPT,large_airport,Lisbon Humberto Delgado Airport,38.7813,-9.13592,PT,Lisbon,yes,LPPT,LIS,
LPPD,large_airport,João Paulo II Airport,37.7411994934,-25.6979007721,PT,Ponta Delgada,yes,LPPD,PDL,
LPPR,large_airport,Francisco de Sá Carneiro Airport,41.2481002808,-8.68138980865,PT,Porto,yes,LPPR,OPO,
PTRO,large_airport,Roman Tmetuchl International Airport,7.366965,134.544085,PW,Babelthuap Island,yes,PTRO,ROR,ROR
SGAS,large_airport,Silvio Pettirossi International Airport,-25.240156,-57.519227,PY,Asunción,yes,SGAS,ASU,
SGES,large_airport,Guaraní International Airport,-25.457186,-54.839544,PY,Ciudad del Este,yes,SGES,AGT,
SGEN,large_airport,Teniente Ramon A. Ayub Gonzalez International Airport,-27.227537,-55.837584,PY,Encarnación,yes,SGEN,ENO,
OTBD,large_airport,Doha International Airport,25.259431,51.565528,QA,Doha,yes,OTBD,DIA,
OTHH,large_airport,Hamad International Airport,25.273056,51.608056,QA,Doha,yes,OTHH,DOH,
FMEP,large_airport,Saint-Pierre Pierrefonds Airport,-21.319362,55.422506,RE,Saint-Pierre,yes,FMEP,ZSE,
FMEE,large_airport,Roland Garros Airport,-20.890087,55.518894,RE,Sainte-Marie,yes,FMEE,RUN,
LRBC,large_airport,Bacău George Enescu International  Airport,46.5219,26.910299,RO,Bacău,yes,LRBC,BCM,
LRBV,large_airport,Brașov-Ghimbav International Airport,45.70558,25.522871,RO,Brașov (Ghimbav),yes,LRBV,GHV,
LRBS,large_airport,Bucharest Băneasa Aurel Vlaicu International Airport,44.503133,26.102944,RO,Bucharest,yes,LRBS,BBU,
LRCL,large_airport,Avram Iancu Cluj International Airport,46.786042,23.685733,RO,Cluj-Napoca,yes,LRCL,CLJ,
LRCK,large_airport,Mihail Kogălniceanu International Airport,44.362202,28.4883,RO,Constanța,yes,LRCK,CND,
LRCV,large_airport,Craiova International Airport,44.3181,23.888599,RO,Craiova,yes,LRCV,CRA,
LRIA,large_airport,Iaşi International Airport,47.179633,27.621431,RO,Iaşi,yes,LRIA,IAS,
LROD,large_airport,Oradea International Airport,47.025299,21.9025,RO,Oradea,yes,LROD,OMR,
LROP,large_airport,Bucharest Henri Coandă International Airport,44.571792,26.103285,RO,Otopeni,yes,LROP,OTP,
LRSB,large_airport,Sibiu International Airport,45.785841,24.086666,RO,Sibiu,yes,LRSB,SBZ,
LRSV,large_airport,Suceava Ștefan cel Mare International Airport,47.6875,26.354099,RO,Suceava,yes,LRSV,SCV,
LRTR,large_airport,Timișoara Traian Vuia International Airport,45.809898,21.3379,RO,Timişoara,yes,LRTR,TSR,
LYBE,large_airport,Belgrade Nikola Tesla Airport,44.818401,20.309099,RS,Belgrade,yes,LYBE,BEG,
LYNI,large_airport,Niš Constantine the Great Airport,43.336538,21.856242,RS,Niš,yes,LYNI,INI,
UNAA,large_airport,Abakan International Airport,53.740002,91.385002,RU,Abakan,yes,UNAA,ABA,
UHWW,large_airport,Vladivostok International Airport,43.396256,132.148155,RU,Artyom,yes,UHWW,VVO,
URWA,large_airport,Astrakhan Narimanovo Boris M. Kustodiev International Airport,46.282843,48.010511,RU,Astrakhan,yes,URWA,ASF,
UNBB,large_airport,Barnaul Gherman Titov International Airport,53.361285,83.539701,RU,Barnaul,yes,UNBB,BAX,
USCC,large_airport,Kurchatov Chelyabinsk International Airport,55.303141,61.504927,RU,Chelyabinsk,yes,USCC,CEK,
UIAA,large_airport,Chita-Kadala International Airport,52.024841,113.305839,RU,Chita,yes,UIAA,HTA,
URMG,large_airport,Akhmat Kadyrov Grozny International Airport,43.388106,45.699772,RU,Grozny,yes,URMG,GRV,
UIII,large_airport,Irkutsk International Airport,52.266707,104.395563,RU,Irkutsk,yes,UIII,IKT,
UMKK,large_airport,Khrabrovo Airport,54.89161,20.598559,RU,Kaliningrad,yes,UMKK,KGD,
UWKD,large_airport,Kazan International Airport,55.606201,49.278702,RU,Kazan,yes,UWKD,KZN,
UNEE,large_airport,Alexei Leonov Kemerovo International Airport,55.2701,86.107201,RU,Kemerovo,yes,UNEE,KEJ,
URKK,large_airport,Krasnodar Pashkovsky International Airport,45.034465,39.174215,RU,Krasnodar,yes,URKK,KRR,
UNKL,large_airport,Krasnoyarsk International Airport,56.175743,92.485788,RU,Krasnoyarsk,yes,UNKL,KJA,
USCM,large_airport,Magnitogorsk International Airport,53.391991,58.755235,RU,Magnitogorsk,yes,USCM,MQF,
URML,large_airport,Makhachkala Uytash International Airport,42.816799,47.652302,RU,Makhachkala,yes,URML,MCX,
URMM,large_airport,Mineralnye Vody Airport,44.225101,43.081902,RU,Mineralnyye Vody,yes,URMM,MRV,
UUDD,large_airport,Domodedovo International Airport,55.408798,37.9063,RU,Moscow,yes,UUDD,DME,
UUEE,large_airport,Sheremetyevo International Airport,55.976858,37.41121,RU,Moscow,yes,UUEE,SVO,
UUWW,large_airport,Vnukovo International Airport,55.591499,37.261501,RU,Moscow,yes,UUWW,VKO,
UUBW,large_airport,Zhukovsky International Airport,55.553299,38.150002,RU,Moscow,yes,UUBW,ZIA,
ULMM,large_airport,Emperor Nicholas II Murmansk Airport,68.7817,32.750801,RU,Murmansk,yes,ULMM,MMK,
USNN,large_airport,Nizhnevartovsk Airport,60.949299,76.483597,RU,Nizhnevartovsk,yes,USNN,NJC,
UWGG,large_airport,Nizhny Novgorod / Strigino International Airport,56.227351,43.785152,RU,Nizhny Novgorod,yes,UWGG,GOJ,
UOOO,large_airport,Alykel International Airport,69.307951,87.325906,RU,Norilsk,yes,UOOO,NSK,
UNNT,large_airport,Novosibirsk Tolmachevo Airport,55.019756,82.618675,RU,Novosibirsk,yes,UNNT,OVB,
UNOO,large_airport,Omsk Central Airport,54.963124,73.312418,RU,Omsk,yes,UNOO,OMS,
USPP,large_airport,Perm International Airport,57.914501,56.021198,RU,Perm,yes,USPP,PEE,
UHPP,large_airport,Yelizovo Airport,53.168716,158.451068,RU,Petropavlovsk-Kamchatsky,yes,UHPP,PKC,
URRP,large_airport,Platov International Airport,47.493888,39.924722,RU,Rostov-on-Don,yes,URRP,ROV,
UWWW,large_airport,Kurumoch International Airport,53.504902,50.164299,RU,Samara,yes,UWWW,KUF,
UWPS,large_airport,Saransk International Airport,54.12513,45.212257,RU,Saransk,yes,UWPS,SKX,
UWSG,large_airport,Gagarin International Airport,51.712778,46.171111,RU,Saratov,yes,UWSG,GSV,
URSS,large_airport,Sochi International Airport,43.449902,39.9566,RU,Sochi,yes,URSS,AER,
ULLI,large_airport,Pulkovo Airport,59.800301,30.262501,RU,St. Petersburg,yes,ULLI,LED,
USRR,large_airport,Surgut International Airport,61.340501,73.405782,RU,Surgut,yes,USRR,SGC,
UNTT,large_airport,Tomsk Kamov Airport,56.380299,85.208298,RU,Tomsk,yes,UNTT,TOF,
UUDL,large_airport,Golden Ring Yaroslavl International Airport,57.560699,40.157398,RU,Tunoshna,yes,UUDL,IAR,
USTR,large_airport,Roshchino International Airport,57.178984,65.327696,RU,Tyumen,yes,USTR,TJM,
UWUU,large_airport,Ufa International Airport,54.557498931885,55.874401092529,RU,Ufa,yes,UWUU,UFA,
UIUU,large_airport,Baikal International Airport,51.808614,107.439652,RU,Ulan Ude,yes,UIUU,UUD,
URWW,large_airport,Volgograd International Airport,48.78134,44.339194,RU,Volgograd,yes,URWW,VOG,
UEEE,large_airport,Platon Oyunsky Yakutsk International Airport,62.0933,129.770996,RU,Yakutsk,yes,UEEE,YKS,XEEE
USSS,large_airport,Koltsovo Airport,56.743099212646,60.802700042725,RU,Yekaterinburg,yes,USSS,SVX,
UHSS,large_airport,Yuzhno-Sakhalinsk International Airport,46.885461,142.717466,RU,Yuzhno-Sakhalinsk,yes,UHSS,UUS,
HRYR,large_airport,Kigali International Airport,-1.96863,30.1395,RW,Kigali,yes,HRYR,KGL,
OEAB,large_airport,Abha International Airport,18.2404,42.656601,SA,Abha,yes,OEAB,AHB,
OEDF,large_airport,King Fahd International Airport,26.4691,49.798209,SA,Ad Dammam,yes,OEDF,DMM,
OESK,large_airport,Al-Jawf International Airport,29.783301,40.100905,SA,Al-Jawf,yes,OESK,AJF,
OEAO,large_airport,Al-Ula International Airport,26.483634,38.117048,SA,Al-Ula,yes,OEAO,ULH,
OEHL,large_airport,Hail International Airport,27.437901,41.686298,SA,Hail,yes,OEHL,HAS,
RSI,large_airport,Red Sea International Airport,25.627975,37.088914,SA,Hanak,yes,OERS,RSI,
OEAH,large_airport,Al-Ahsa International Airport,25.285299,49.485199,SA,Hofuf,yes,OEAH,HOF,
OEJN,large_airport,King Abdulaziz International Airport,21.680241,39.157436,SA,Jeddah,yes,OEJN,JED,
OEMA,large_airport,Prince Mohammad Bin Abdulaziz Airport,24.5534,39.705101,SA,Medina,yes,OEMA,MED,
OEPA,large_airport,Qaisumah–Hafar Al-Batin International Airport,28.335726,46.127108,SA,Qaisumah,yes,OEPA,AQI,
OEGS,large_airport,Prince Naif bin Abdulaziz International Airport,26.302799,43.774399,SA,Qassim,yes,OEGS,ELQ,
OERK,large_airport,King Khalid International Airport,24.9576,46.698799,SA,Riyadh,yes,OERK,RUH,
OENN,large_airport,Neom Bay Airport,27.924261,35.29358,SA,Sharma,yes,OENN,NUM,
OETB,large_airport,Prince Sultan bin Abdulaziz International Airport,28.3711,36.624865,SA,Tabuk,yes,OETB,TUU,
OETF,large_airport,Taif International Airport,21.484739,40.544074,SA,Taif,yes,OETF,TIF,
OEYN,large_airport,Prince Abdulmohsen Bin Abdulaziz International Airport,24.144199,38.0634,SA,Yanbu,yes,OEYN,YNB,
AGGH,large_airport,Honiara International Airport,-9.428,160.054993,SB,Honiara,yes,AGGH,HIR,
FSIA,large_airport,Seychelles International Airport,-4.67434,55.521801,SC,Victoria,yes,FSIA,SEZ,
HSSK,large_airport,Khartoum International Airport,15.5895,32.5532,SD,Khartoum,yes,HSSK,KRT,
HSPN,large_airport,Port Sudan New International Airport,19.434558,37.234125,SD,Port Sudan,yes,HSPN,PZU,
ESGG,large_airport,Göteborg Landvetter Airport,57.6628,12.2798,SE,Göteborg,yes,ESGG,GOT,
ESNQ,large_airport,Kiruna Airport,67.821999,20.3368,SE,Kiruna,yes,ESNQ,KRN,
ESSL,large_airport,Linköping City Airport,58.404909,15.684499,SE,Linköping,yes,ESSL,LPI,
ESPA,large_airport,Luleå Airport,65.5438,22.122,SE,Luleå,yes,ESPA,LLA,
ESMS,large_airport,Malmö Sturup Airport,55.535564,13.376327,SE,Malmö,yes,ESMS,MMX,
ESKS,large_airport,Scandinavian Mountains Airport,61.16508,12.83352,SE,Malung-Sälen,yes,ESKS,SCR,
ESKN,large_airport,Stockholm Skavsta Airport,58.789656,16.911479,SE,Nyköping,yes,ESKN,NYO,
ESSA,large_airport,Stockholm-Arlanda Airport,59.64849,17.928829,SE,Stockholm,yes,ESSA,ARN,
ESOW,large_airport,Stockholm Västerås Airport,59.589401,16.6336,SE,Stockholm / Västerås,yes,ESOW,VST,
ESNU,large_airport,Umeå Airport,63.791801,20.282801,SE,Umeå,yes,ESNU,UME,
ESSV,large_airport,Visby Airport,57.6628,18.346201,SE,Visby,yes,ESSV,VBY,
WSSS,large_airport,Singapore Changi Airport,1.35019,103.994003,SG,Singapore,yes,WSSS,SIN,
LJLJ,large_airport,Ljubljana Jože Pučnik Airport,46.223701,14.4576,SI,Zgornji Brnik,yes,LJLJ,LJU,
LZIB,large_airport,M. R. Štefánik Airport,48.1702,17.2127,SK,Bratislava,yes,LZIB,BTS,
GFLL,large_airport,Lungi International Airport,8.61644,-13.1955,SL,Freetown (Lungi-Town),yes,GFLL,FNA,
GOBD,large_airport,Blaise Diagne International Airport,14.670878,-17.072829,SN,Dakar,yes,GOBD,DSS,
GOOY,large_airport,Léopold Sédar Senghor International Airport,14.742337,-17.479222,SN,Dakar,yes,GOOY,DKR,
HCMF,large_airport,Bender Qassim International Airport,11.275235,49.139231,SO,Bosaso,yes,HCMF,BSA,
HCMH,large_airport,Egal International Airport,9.514082,44.083469,SO,Hargeisa,yes,HCMH,HGA,
HCMM,large_airport,Aden Adde International Airport,2.01444,45.304699,SO,Mogadishu,yes,HCMM,MGQ,
SMJP,large_airport,Johan Adolf Pengel International Airport,5.45283,-55.187801,SR,Paramaribo,yes,SMJP,PBM,
HJJJ,large_airport,Juba International Airport,4.87201,31.601101,SS,Juba,yes,HJJJ,JUB,
FPST,large_airport,São Tomé International Airport,0.378175,6.71215,ST,São Tomé,yes,FPST,TMS,
MSLP,large_airport,El Salvador International Airport Saint Óscar Arnulfo Romero y Galdámez,13.44447,-89.055784,SV,San Salvador (San Luis Talpa),yes,MSLP,SAL,
TNCM,large_airport,Princess Juliana International Airport,18.041,-63.108898,SX,Sint Maarten,yes,TNCM,SXM,
OSAP,large_airport,Aleppo International Airport,36.181262,37.226869,SY,Aleppo,yes,OSAP,ALP,
OSDI,large_airport,Damascus International Airport,33.4114990234375,36.51559829711914,SY,Damascus,yes,OSDI,DAM,
FDSK,large_airport,King Mswati III International Airport,-26.358611,31.716944,SZ,Mpaka,yes,FDSK,SHO,
MBPV,large_airport,Providenciales International Airport,21.773697,-72.268321,TC,Providenciales,yes,MBPV,PLS,
FTTJ,large_airport,N'Djamena International Airport,12.1337,15.034,TD,N'Djamena,yes,FTTJ,NDJ,
DXXX,large_airport,Lomé–Tokoin International Airport,6.16561,1.25451,TG,Lomé,yes,DXXX,LFW,
VTBD,large_airport,Don Mueang International Airport,13.9126,100.607002,TH,Bangkok,yes,VTBD,DMK,
VTBS,large_airport,Suvarnabhumi Airport,13.6811,100.747002,TH,Bangkok,yes,VTBS,BKK,
VTCC,large_airport,Chiang Mai International Airport,18.766799926799997,98.962600708,TH,Chiang Mai,yes,VTCC,CNX,
VTCT,large_airport,Mae Fah Luang - Chiang Rai International Airport,19.952299,99.882896,TH,Chiang Rai,yes,VTCT,CEI,
VTSS,large_airport,Hat Yai International Airport,6.93321,100.392998,TH,Hat Yai,yes,VTSS,HDY,
VTSG,large_airport,Krabi International Airport,8.095591,98.988955,TH,Krabi,yes,VTSG,KBV,
VTSM,large_airport,Samui International Airport,9.54779,100.061996,TH,Na Thon (Ko Samui Island),yes,VTSM,USM,
VTSP,large_airport,Phuket International Airport,8.113257,98.3174,TH,Phuket,yes,VTSP,HKT,
VTBU,large_airport,U-Tapao–Rayong–Pattaya International Airport,12.6799,101.004997,TH,Rayong,yes,VTBU,UTP,
VTUD,large_airport,Udon Thani International Airport,17.386186,102.788577,TH,Udon Thani,yes,VTUD,UTH,
UTDT,large_airport,Bokhtar International Airport,37.866315,68.864475,TJ,Bokhtar,yes,UTDT,KQT,
UTDD,large_airport,Dushanbe International Airport,38.543746,68.822977,TJ,Dushanbe,yes,UTDD,DYU,
UTDL,large_airport,Khujand International Airport,40.215401,69.694702,TJ,Khujand,yes,UTDL,LBD,
UTDK,large_airport,Kulob International Airport,37.988098,69.805,TJ,Kulob,yes,UTDK,TJU,
WPDL,large_airport,Presidente Nicolau Lobato International Airport,-8.546562,125.524507,TL,Dili,yes,WPDL,DIL,
WPOC,large_airport,Oecusse Route of the Sandalwood International Airport,-9.198419,124.337873,TL,Oecussi-Ambeno,yes,WPOC,OEC,
UTAA,large_airport,Ashgabat International Airport,37.986801,58.361,TM,Ashgabat,yes,UTAA,ASB,
TM-0002,large_airport,Balkanabat International Airport,39.681052,54.206008,TM,Balkanabat,yes,UTAN,BKN,
UTAT,large_airport,Dashoguz International Airport,41.759853,59.836149,TM,Daşoguz,yes,UTAT,TAZ,
UTAV,large_airport,Türkmenabat International Airport,38.930662,63.563982,TM,Türkmenabat,yes,UTAV,CRZ,
DTTJ,large_airport,Djerba Zarzis International Airport,33.873719,10.7773,TN,Mellita,yes,DTTJ,DJE,
DTTA,large_airport,Tunis Carthage International Airport,36.851002,10.2272,TN,Tunis,yes,DTTA,TUN,
NFTF,large_airport,Fua'amotu International Airport,-21.241438,-175.149164,TO,Nuku'alofa,yes,NFTF,TBU,
NFTV,large_airport,Vava'u International Airport,-18.5853,-173.962006,TO,Vava'u Island,yes,NFTV,VAV,
LTAC,large_airport,Esenboğa International Airport,40.128101,32.995098,TR,Ankara,yes,LTAC,ESB,
LTAI,large_airport,Antalya International Airport,36.898701,30.800501,TR,Antalya,yes,LTAI,AYT,
LTFE,large_airport,Milas Bodrum International Airport,37.249314,27.66401,TR,Bodrum,yes,LTFE,BJV,
LTBS,large_airport,Dalaman International Airport,36.7131,28.7925,TR,Dalaman,yes,LTBS,DLM,
LTFD,large_airport,Balıkesir Koca Seyit Airport,39.552533,27.010192,TR,Edremit,yes,LTFD,EDO,
LTBY,large_airport,Hasan Polatkan Airport,39.811644,30.519268,TR,Eskişehir,yes,LTBY,AOE,
LTAJ,large_airport,Gaziantep Oğuzeli International Airport,36.947201,37.478699,TR,Gaziantep,yes,LTAJ,GZT,
LTBJ,large_airport,Adnan Menderes International Airport,38.2924,27.157,TR,Gaziemir,yes,LTBJ,ADB,
LTFM,large_airport,İstanbul Airport,41.274874,28.732136,TR,Istanbul,yes,LTFM,IST,
LTAU,large_airport,Kayseri Erkilet International Airport,38.770401,35.495399,TR,Kayseri,yes,LTAU,ASR,
LTAN,large_airport,Konya Airport,37.979,32.561901,TR,Konya,yes,LTAN,KYA,
LTAZ,large_airport,Nevşehir Kapadokya Airport,38.7719,34.5345,TR,Nevşehir,yes,LTAZ,NAV,
LTFJ,large_airport,Istanbul Sabiha Gökçen International Airport,40.898602,29.3092,TR,"Pendik, Istanbul",yes,LTFJ,SAW,
LTFO,large_airport,Rize–Artvin Airport,41.179766,40.848802,TR,Rize,yes,LTFO,RZV,
LTAF,large_airport,Adana Şakirpaşa Airport,36.982201,35.280399,TR,Seyhan,yes,LTAF,ADA,
LTDB,large_airport,Çukurova International Airport,36.891478,35.071235,TR,Tarsus,yes,LTDB,COV,
LTCS,large_airport,Şanlıurfa GAP Airport,37.445663,38.895592,TR,Şanlıurfa,yes,LTCS,GNY,
TTPP,large_airport,Piarco International Airport,10.59535,-61.337568,TT,Port of Spain,yes,TTPP,POS,
TTCP,large_airport,A.N.R. Robinson International Airport,11.149571,-60.831298,TT,Scarborough,yes,TTCP,TAB,
RCYU,large_airport,Hualien Chiashan Airport,24.023163,121.617991,TW,Hualien City,yes,RCYU,HUN,
RCQC,large_airport,Penghu Magong Airport,23.568701,119.627998,TW,Huxi,yes,RCQC,MZG,
RCKH,large_airport,Kaohsiung International Airport,22.577101,120.349998,TW,Kaohsiung (Xiaogang),yes,RCKH,KHH,
RCMQ,large_airport,Taichung International Airport / Ching Chuang Kang Air Base,24.2647,120.621002,TW,Taichung (Qingshui),yes,RCMQ,RMQ,
RCNN,large_airport,Tainan International Airport / Tainan Air Base,22.950399,120.206001,TW,Tainan (Rende),yes,RCNN,TNN,
RCSS,large_airport,Taipei Songshan International Airport,25.067244,121.552822,TW,Taipei (Songshan),yes,RCSS,TSA,
RCTP,large_airport,Taiwan Taoyuan International Airport,25.0777,121.233002,TW,Taoyuan,yes,RCTP,TPE,
HTKJ,large_airport,Kilimanjaro International Airport,-3.427049,37.07353,TZ,Arusha,yes,HTKJ,JRO,
HTDA,large_airport,Julius Nyerere International Airport,-6.873499,39.207288,TZ,Dar es Salaam,yes,HTDA,DAR,
HTMW,large_airport,Mwanza International Airport,-2.446563,32.936049,TZ,Mwanza,yes,HTMW,MWZ,
HTZA,large_airport,Abeid Amani Karume International Airport,-6.22202,39.224899,TZ,Zanzibar,yes,HTZA,ZNZ,
UKLL,large_airport,Lviv International Airport,49.8125,23.9561,UA,Lviv,yes,UKLL,LWO,
UKFF,large_airport,Simferopol International Airport,45.0522,33.975101,UA,Simferopol,yes,UKFF,SIP,URFF
UKLU,large_airport,Uzhhorod International Airport,48.6343,22.263399,UA,Uzhhorod,yes,UKLU,UDJ,
HUEN,large_airport,Entebbe International Airport,0.042386,32.443501,UG,Entebbe,yes,HUEN,EBB,
KALB,large_airport,Albany International Airport,42.748299,-73.801697,US,Albany,yes,KALB,ALB,ALB
KABQ,large_airport,Albuquerque International Sunport,35.039976,-106.608925,US,Albuquerque,yes,KABQ,ABQ,ABQ
PANC,large_airport,Ted Stevens Anchorage International Airport,61.179004,-149.992561,US,Anchorage,yes,PANC,ANC,ANC
KATL,large_airport,Hartsfield Jackson Atlanta International Airport,33.6367,-84.428101,US,Atlanta,yes,KATL,ATL,ATL
KAUS,large_airport,Austin Bergstrom International Airport,30.197535,-97.662015,US,Austin,yes,KAUS,AUS,AUS
KBWI,large_airport,Baltimore/Washington International Thurgood Marshall Airport,39.1754,-76.668297,US,Baltimore,yes,KBWI,BWI,BWI
KBHM,large_airport,Birmingham-Shuttlesworth International Airport,33.562877,-86.750712,US,Birmingham,yes,KBHM,BHM,BHM
KBOI,large_airport,Boise Air Terminal/Gowen Field,43.5644,-116.223,US,Boise,yes,KBOI,BOI,BOI
KBOS,large_airport,Boston Logan International Airport,42.36197,-71.0079,US,Boston,yes,KBOS,BOS,BOS
KBUF,large_airport,Buffalo Niagara International Airport,42.940498,-78.732201,US,Buffalo,yes,KBUF,BUF,BUF
KBUR,large_airport,Hollywood Burbank/Bob Hope Airport,34.202834,-118.35805,US,Burbank,yes,KBUR,BUR,BUR
KCHS,large_airport,Charleston International Airport,32.896159,-80.038151,US,Charleston,yes,KCHS,CHS,CHS
KCLT,large_airport,Charlotte Douglas International Airport,35.2140007019043,-80.94309997558594,US,Charlotte,yes,KCLT,CLT,CLT
KMDW,large_airport,Chicago Midway International Airport,41.785999,-87.752403,US,Chicago,yes,KMDW,MDW,MDW
KORD,large_airport,Chicago O'Hare International Airport,41.9786,-87.9048,US,Chicago,yes,KORD,ORD,ORD
KCVG,large_airport,Cincinnati Northern Kentucky International Airport,39.048801,-84.667801,US,Cincinnati / Covington,yes,KCVG,CVG,CVG
KCLE,large_airport,Cleveland Hopkins International Airport,41.411701,-81.8498,US,Cleveland,yes,KCLE,CLE,CLE
KCOS,large_airport,City of Colorado Springs Municipal Airport,38.805801,-104.700996,US,Colorado Springs,yes,KCOS,COS,COS
KCMH,large_airport,John Glenn Columbus International Airport,39.998001,-82.891899,US,Columbus,yes,KCMH,CMH,CMH
KDAL,large_airport,Dallas Love Field,32.844776,-96.847653,US,Dallas,yes,KDAL,DAL,DAL
KDFW,large_airport,Dallas Fort Worth International Airport,32.896801,-97.038002,US,Dallas-Fort Worth,yes,KDFW,DFW,DFW
KDEN,large_airport,Denver International Airport,39.860027,-104.673792,US,Denver,yes,KDEN,DEN,DEN
KDSM,large_airport,Des Moines International Airport,41.534027,-93.656719,US,Des Moines,yes,KDSM,DSM,DSM
KDTW,large_airport,Detroit Metropolitan Wayne County Airport,42.21377,-83.353786,US,Detroit,yes,KDTW,DTW,DTW
KIAD,large_airport,Washington Dulles International Airport,38.9445,-77.455803,US,Dulles,yes,KIAD,IAD,IAD
KELP,large_airport,El Paso International Airport,31.809908,-106.375607,US,El Paso,yes,KELP,ELP,ELP
KFLL,large_airport,Fort Lauderdale Hollywood International Airport,26.072599,-80.152702,US,Fort Lauderdale,yes,KFLL,FLL,FLL
KRSW,large_airport,Southwest Florida International Airport,26.534685,-81.752816,US,Fort Myers,yes,KRSW,RSW,RSW
KFAT,large_airport,Fresno Yosemite International Airport,36.775767,-119.718018,US,Fresno,yes,KFAT,FAT,FAT
KGRR,large_airport,Gerald R. Ford International Airport,42.880798,-85.522797,US,Grand Rapids,yes,KGRR,GRR,GRR
KGSO,large_airport,Piedmont Triad International Airport,36.09937,-79.937262,US,Greensboro,yes,KGSO,GSO,GSO
KBDL,large_airport,Bradley International Airport,41.938555,-72.688016,US,Hartford,yes,KBDL,BDL,BDL
PHNL,large_airport,Daniel K. Inouye International Airport,21.318387,-157.92567,US,"Honolulu, Oahu",yes,PHNL,HNL,HNL
KIAH,large_airport,George Bush Intercontinental Airport,29.9844,-95.3414,US,Houston,yes,KIAH,IAH,IAH
KHOU,large_airport,William P. Hobby Airport,29.645336,-95.276812,US,Houston,yes,KHOU,HOU,HOU
KIND,large_airport,Indianapolis International Airport,39.7173,-86.294403,US,Indianapolis,yes,KIND,IND,IND
KJAX,large_airport,Jacksonville International Airport,30.492469,-81.687813,US,Jacksonville,yes,KJAX,JAX,JAX
PHOG,large_airport,Kahului International Airport,20.896263,-156.431837,US,Kahului,yes,PHOG,OGG,OGG
PHKO,large_airport,Ellison Onizuka Kona International Airport at Keāhole,19.738783,-156.045603,US,Kailua-Kona,yes,PHKO,KOA,KOA
KMCI,large_airport,Kansas City International Airport,39.301699,-94.713893,US,Kansas City,yes,KMCI,MCI,MCI
KTYS,large_airport,McGhee Tyson Airport,35.811001,-83.994003,US,Knoxville/Maryville,yes,KTYS,TYS,TYS
KLAS,large_airport,Harry Reid International Airport,36.083361,-115.151817,US,Las Vegas,yes,KLAS,LAS,LAS
PHLI,large_airport,Lihue Airport,21.974393,-159.337146,US,"Lihue, Kauai",yes,PHLI,LIH,LIH
KLGB,large_airport,Long Beach International Airport,33.816523,-118.149891,US,Long Beach,yes,KLGB,LGB,LGB
KLAX,large_airport,Los Angeles International Airport,33.942501,-118.407997,US,Los Angeles,yes,KLAX,LAX,LAX
KSDF,large_airport,Louisville Muhammad Ali International Airport,38.1706,-85.735076,US,Louisville,yes,KSDF,SDF,SDF
KMEM,large_airport,Memphis International Airport,35.043845,-89.97634,US,Memphis,yes,KMEM,MEM,MEM
KMIA,large_airport,Miami International Airport,25.796011,-80.289751,US,Miami,yes,KMIA,MIA,MIA
KMKE,large_airport,General Mitchell International Airport,42.947201,-87.896599,US,Milwaukee,yes,KMKE,MKE,MKE
KMSP,large_airport,Minneapolis–Saint Paul International Airport / Wold–Chamberlain Field,44.880081,-93.221741,US,Minneapolis,yes,KMSP,MSP,MSP
KMYR,large_airport,Myrtle Beach International Airport,33.679699,-78.928299,US,Myrtle Beach,yes,KMYR,MYR,MYR
KBNA,large_airport,Nashville International Airport,36.1245,-86.6782,US,Nashville,yes,KBNA,BNA,BNA
KMSY,large_airport,Louis Armstrong New Orleans International Airport,29.993401,-90.264673,US,New Orleans,yes,KMSY,MSY,MSY
KJFK,large_airport,John F. Kennedy International Airport,40.639447,-73.779317,US,New York,yes,KJFK,JFK,JFK
KLGA,large_airport,LaGuardia Airport,40.777199,-73.872597,US,New York,yes,KLGA,LGA,LGA
KEWR,large_airport,Newark Liberty International Airport,40.6894,-74.170545,US,Newark,yes,KEWR,EWR,EWR
KORF,large_airport,Norfolk International Airport,36.895341,-76.201,US,Norfolk,yes,KORF,ORF,ORF
KOAK,large_airport,San Francisco Bay Oakland International Airport,37.720085,-122.221184,US,Oakland,yes,KOAK,OAK,OAK
KOKC,large_airport,OKC Will Rogers World Airport,35.393388,-97.598248,US,Oklahoma City,yes,KOKC,OKC,OKC
KOMA,large_airport,Eppley Airfield,41.3032,-95.894096,US,Omaha,yes,KOMA,OMA,OMA
KONT,large_airport,Ontario International Airport,34.056,-117.600998,US,Ontario,yes,KONT,ONT,ONT
KMCO,large_airport,Orlando International Airport,28.429399490356445,-81.30899810791016,US,Orlando,yes,KMCO,MCO,MCO
KSFB,large_airport,Orlando Sanford International Airport,28.774277,-81.234626,US,Orlando,yes,KSFB,SFB,SFB
KPSP,large_airport,Palm Springs International Airport,33.8297,-116.507004,US,Palm Springs,yes,KPSP,PSP,PSP
KPNS,large_airport,Pensacola International Airport,30.472718,-87.186639,US,Pensacola,yes,KPNS,PNS,PNS
KPHL,large_airport,Philadelphia International Airport,39.871899,-75.241096,US,Philadelphia,yes,KPHL,PHL,PHL
KPHX,large_airport,Phoenix Sky Harbor International Airport,33.435302,-112.005905,US,Phoenix,yes,KPHX,PHX,PHX
KPIE,large_airport,St. Petersburg Clearwater International Airport,27.9102,-82.687401,US,Pinellas Park,yes,KPIE,PIE,PIE
KPIT,large_airport,Pittsburgh International Airport,40.491501,-80.232903,US,Pittsburgh,yes,KPIT,PIT,PIT
KPDX,large_airport,Portland International Airport,45.588699,-122.598,US,Portland,yes,KPDX,PDX,PDX
KPWM,large_airport,Portland International Jetport,43.646198,-70.309303,US,Portland,yes,KPWM,PWM,PWM
KPVD,large_airport,Rhode Island T. F. Green International Airport,41.725038,-71.425668,US,Providence/Warwick,yes,KPVD,PVD,PVD
KRDU,large_airport,Raleigh-Durham International Airport,35.878659,-78.7873,US,Raleigh/Durham,yes,KRDU,RDU,RDU
KRNO,large_airport,Reno Tahoe International Airport,39.4991,-119.767998,US,Reno,yes,KRNO,RNO,RNO
KRIC,large_airport,Richmond International Airport,37.505199,-77.319702,US,Richmond,yes,KRIC,RIC,RIC
KROC,large_airport,Frederick Douglass Greater Rochester International Airport,43.1189,-77.672401,US,Rochester,yes,KROC,ROC,ROC
KSMF,large_airport,Sacramento International Airport,38.6954,-121.591003,US,Sacramento,yes,KSMF,SMF,SMF
KSLC,large_airport,Salt Lake City International Airport,40.78886,-111.979866,US,Salt Lake City,yes,KSLC,SLC,SLC
KSAT,large_airport,San Antonio International Airport,29.533701,-98.469803,US,San Antonio,yes,KSAT,SAT,SAT
KSBD,large_airport,San Bernardino International Airport,34.096717,-117.236596,US,San Bernardino,yes,KSBD,SBD,SBD
KSAN,large_airport,San Diego International Airport,32.733601,-117.190002,US,San Diego,yes,KSAN,SAN,SAN
KSFO,large_airport,San Francisco International Airport,37.619806,-122.374821,US,San Francisco,yes,KSFO,SFO,SFO
KSJC,large_airport,Norman Y. Mineta San Jose International Airport,37.362452,-121.929188,US,San Jose,yes,KSJC,SJC,SJC
KSNA,large_airport,John Wayne Orange County International Airport,33.675063,-117.869281,US,Santa Ana,yes,KSNA,SNA,SNA
KSRQ,large_airport,Sarasota Bradenton International Airport,27.394631,-82.554359,US,Sarasota/Bradenton,yes,KSRQ,SRQ,SRQ
KSAV,large_airport,Savannah Hilton Head International Airport,32.126591,-81.19998,US,Savannah,yes,KSAV,SAV,SAV
KSEA,large_airport,Seattle–Tacoma International Airport,47.447943,-122.310276,US,Seattle,yes,KSEA,SEA,SEA
KGEG,large_airport,Spokane International Airport,47.6199,-117.533997,US,Spokane,yes,KGEG,GEG,GEG
KSTL,large_airport,St. Louis Lambert International Airport,38.748697,-90.370003,US,St Louis,yes,KSTL,STL,STL
KSYR,large_airport,Syracuse Hancock International Airport,43.11119842529297,-76.1063003540039,US,Syracuse,yes,KSYR,SYR,SYR
KTPA,large_airport,Tampa International Airport,27.9755,-82.533203,US,Tampa,yes,KTPA,TPA,TPA
KTUS,large_airport,Tucson International Airport,32.115004,-110.938053,US,Tucson,yes,KTUS,TUS,TUS
KTUL,large_airport,Tulsa International Airport,36.197084,-95.886225,US,Tulsa,yes,KTUL,TUL,TUL
KDCA,large_airport,Ronald Reagan Washington National Airport,38.8521,-77.037697,US,Washington,yes,KDCA,DCA,DCA
KPBI,large_airport,Palm Beach International Airport,26.683201,-80.095596,US,West Palm Beach,yes,KPBI,PBI,PBI
SUMU,large_airport,Carrasco General Cesáreo L. Berisso International Airport,-34.835647,-56.026497,UY,Ciudad de la Costa,yes,SUMU,MVD,
UTSB,large_airport,Bukhara International Airport,39.775319,64.482279,UZ,Bukhara,yes,UZSB,BHK,
UTFN,large_airport,Namangan International Airport,40.984622,71.5578,UZ,Namangan,yes,UZFN,NMA,
UTNN,large_airport,Nukus International Airport,42.4884,59.623299,UZ,Nukus,yes,UTNN,NCU,
UTSS,large_airport,Samarkand International Airport,39.701842,66.981467,UZ,Samarkand,yes,UZSS,SKD,
UTTT,large_airport,Tashkent International Airport,41.2579,69.281197,UZ,Tashkent,yes,UZTT,TAS,
UTNU,large_airport,Urgench International Airport,41.58274,60.64338,UZ,Urgench,yes,UZNU,UGC,
TVSA,large_airport,Argyle International Airport,13.159725,-61.148801,VC,Kingstown,yes,TVSA,SVD,
SVBC,large_airport,General José Antonio Anzoategui International Airport,10.111111,-64.692222,VE,Barcelona,yes,SVBC,BLA,
SVBM,large_airport,Jacinto Lara International Airport,10.042747,-69.35862,VE,Barquisimeto,yes,SVBM,BRM,
SVPR,large_airport,General Manuel Carlos Piar International Airport,8.28853,-62.760399,VE,Guyana City,yes,SVPR,PZO,
SVMG,large_airport,Del Caribe Santiago Mariño International Airport,10.912603,-63.966599,VE,Isla Margarita,yes,SVMG,PMV,
SVMI,large_airport,Maiquetía Simón Bolívar International Airport,10.602214,-66.991174,VE,Maiquetía,yes,SVMI,CCS,
SVMC,large_airport,La Chinita International Airport,10.557542,-71.729307,VE,Maracaibo,yes,SVMC,MAR,
SVVA,large_airport,Arturo Michelena International Airport,10.149733,-67.928398,VE,Valencia,yes,SVVA,VLN,
TUPJ,large_airport,Terrance B. Lettsome International Airport,18.445492,-64.541707,VG,Beef Island,yes,TUPJ,EIS,
TIST,large_airport,Cyril E. King Airport,18.337091,-64.977251,VI,Charlotte Amalie,yes,TIST,STT,STT
VVCT,large_airport,Can Tho International Airport,10.083397,105.709371,VN,Can Tho,yes,VVCT,VCA,
VVDN,large_airport,Da Nang International Airport,16.0439,108.198997,VN,Da Nang,yes,VVDN,DAD,
VVCI,large_airport,Cat Bi International Airport,20.817428,106.724315,VN,Haiphong (Hai An),yes,VVCI,HPH,
VVNB,large_airport,Noi Bai International Airport,21.221201,105.806999,VN,Hanoi (Soc Son),yes,VVNB,HAN,
VVTS,large_airport,Tan Son Nhat International Airport,10.8188,106.652,VN,Ho Chi Minh City,yes,VVTS,SGN,
VVCR,large_airport,Cam Ranh International Airport / Cam Ranh Air Base,11.9982,109.219002,VN,Nha Trang/nha Trang aiurportCam Ranh,yes,VVCR,CXR,
VVPQ,large_airport,Phú Quốc International Airport,10.169783,103.99353,VN,Phu Quoc Island,yes,VVPQ,PQC,
NVVV,large_airport,Bauerfield International Airport,-17.699301,168.320007,VU,Port Vila,yes,NVVV,VLI,
NLWW,large_airport,Hihifo Airport,-13.239445,-176.19865,WF,Wallis Island,yes,NLWW,WLS,
NSFA,large_airport,Faleolo International Airport,-13.83,-172.007996,WS,Apia,yes,NSFA,APW,
BKPR,large_airport,Priština Adem Jashari International Airport,42.5728,21.035801,XK,Prishtina,yes,BKPR,PRN,
OYAA,large_airport,Aden International Airport,12.829564,45.029976,YE,Aden,yes,OYAA,ADE,
OYRN,large_airport,Riyan International Airport,14.662241,49.375289,YE,Mukalla(Riyan),yes,OYRN,RIY,
OYSN,large_airport,Sanaa International Airport,15.4763,44.2197,YE,Sanaa,yes,OYSN,SAH,
OYSY,large_airport,Seiyun Hadhramaut International Airport,15.965887,48.788146,YE,Seiyun,yes,OYSY,GXF,
FMCZ,large_airport,Dzaoudzi Pamandzi International Airport,-12.809319,45.281815,YT,Dzaoudzi,yes,FMCZ,DZA,
FABL,large_airport,Bram Fischer International Airport,-29.092699,26.302401,ZA,Bloemfontein,yes,FABL,BFN,
FACT,large_airport,Cape Town International Airport,-33.97403,18.604333,ZA,Cape Town,yes,FACT,CPT,
FALE,large_airport,King Shaka International Airport,-29.6144444444,31.1197222222,ZA,Durban,yes,FALE,DUR,
FAEL,large_airport,King Phalo Airport,-33.035599,27.825899,ZA,East London,yes,FAEL,ELS,
FAGG,large_airport,George Airport,-34.0056,22.378902,ZA,George,yes,FAGG,GRJ,
FAPE,large_airport,Chief Dawid Stuurman International Airport,-33.989715,25.617353,ZA,Gqeberha (Port Elizabeth),yes,FAPE,PLZ,
FALA,large_airport,Lanseria International Airport,-25.938964,27.926642,ZA,Johannesburg,yes,FALA,HLA,
FAOR,large_airport,O.R. Tambo International Airport,-26.140081,28.246801,ZA,Johannesburg,yes,FAOR,JNB,
FAKM,large_airport,Kimberley Airport,-28.805401,24.764872,ZA,Kimberley,yes,FAKM,KIM,
FAKN,large_airport,Kruger Mpumalanga International Airport,-25.383327,31.105325,ZA,Mbombela,yes,FAKN,MQP,
FAPP,large_airport,Polokwane International Airport,-23.845269,29.458615,ZA,Polokwane,yes,FAPP,PTG,
FLLI,large_airport,Harry Mwanga Nkumbula International Airport,-17.821524,25.819642,ZM,Livingstone,yes,FLHN,LVI,
FLLS,large_airport,Kenneth Kaunda International Airport,-15.330833,28.452722,ZM,Lusaka,yes,FLKK,LUN,
FLMF,large_airport,Mfuwe International Airport,-13.2589,31.9366,ZM,Mfuwe,yes,FLMF,MFU,
FLSK,large_airport,Simon Mwansa Kapwepwe International Airport,-12.96513,28.515624,ZM,Ndola,yes,FLSK,NLA,
FVBU,large_airport,Joshua Mqabuko Nkomo International Airport,-20.016284,28.622897,ZW,Bulawayo,yes,FVJN,BUQ,
FVHA,large_airport,Robert Gabriel Mugabe International Airport,-17.931801,31.0928,ZW,Harare,yes,FVRG,HRE,
FVFA,large_airport,Victoria Falls International Airport,-18.097437,25.836867,ZW,Victoria Falls,yes,FVFA,VFA,
OAKS,medium_airport,Khost International Airport,33.284605,69.80734,AF,Khost,yes,OAKS,KHT,
OAMN,medium_airport,Maymana Zahiraddin Faryabi Airport,35.930801,64.760902,AF,Maymana,yes,OAMN,MMZ,
AG-0001,medium_airport,Burton-Nibbs International Airport,17.621194,-61.798347,AG,Codrington,yes,TAPB,BBQ,
TQPF,medium_airport,Clayton J. Lloyd International Airport,18.204773,-63.05383,AI,The Valley,yes,TQPF,AXA,
FNCA,medium_airport,Cabinda Airport,-5.59839,12.188145,AO,Cabinda,yes,FNCA,CAB,
FNCT,medium_airport,Catumbela Airport,-12.4792,13.4869,AO,Catumbela,yes,FNCT,CBT,
FNDU,medium_airport,Dundo Airport,-7.400889873504639,20.818500518798828,AO,Chitato,yes,FNDU,DUE,
FNHU,medium_airport,Albano Machado Airport,-12.8089,15.7605,AO,Huambo,yes,FNHU,NOV,
FNUB,medium_airport,Lubango Mukanka International Airport,-14.924839,13.576653,AO,Lubango,yes,FNUB,SDD,
FNMA,medium_airport,Malanje Airport,-9.525090217590332,16.312400817871094,AO,Malanje,yes,FNMA,MEG,
FNBC,medium_airport,Mbanza Congo Airport,-6.269899845123291,14.246999740600586,AO,Mbanza Congo,yes,FNBC,SSY,
FNME,medium_airport,Menongue Airport,-14.657600402832031,17.71980094909668,AO,Menongue,yes,FNME,SPP,
FNMO,medium_airport,Welwitschia Mirabilis International Airport,-15.2612,12.1468,AO,Moçâmedes,yes,FNMO,MSZ,
FNNG,medium_airport,Negage Airport,-7.754509925842285,15.287699699401855,AO,Negage,yes,FNNG,GXG,
FNGI,medium_airport,Ngjiva Pereira Airport,-17.0435009003,15.683799743700002,AO,Ngiva,yes,FNGI,VPE,
FNSO,medium_airport,Soyo Airport,-6.141089916229248,12.371800422668457,AO,Soyo,yes,FNSO,SZA,
SAZB,medium_airport,Comandante Espora Airport,-38.725,-62.1693,AR,Bahía Blanca,yes,SAZB,BHI,BCA
SANC,medium_airport,Coronel Felipe Varela International Airport,-28.593117,-65.7512,AR,Catamarca,yes,SANC,CTC,CAT
SAZY,medium_airport,Aviador C. Campos Airport,-40.075401,-71.137299,AR,Chapelco/San Martin de los Andes,yes,SAZY,CPC,CHP
SARC,medium_airport,Corrientes Airport,-27.4455,-58.7619,AR,Corrientes,yes,SARC,CNQ,CRR
SAVE,medium_airport,Esquel Brigadier Antonio Parodi International Airport,-42.908001,-71.139503,AR,Esquel,yes,SAVE,EQS,ESQ
SARF,medium_airport,Formosa National Airport,-26.2127,-58.2281,AR,Formosa,yes,SARF,FMA,FSA
SANL,medium_airport,Capitan V A Almonacid Airport,-29.381599,-66.795799,AR,La Rioja,yes,SANL,IRJ,LAR
SAVH,medium_airport,Las Heras Airport,-46.538517,-68.965323,AR,Las Heras,yes,SAVH,LHS,CLH
SAZM,medium_airport,Ástor Piazzola International Airport,-37.9342,-57.5733,AR,Mar del Plata,yes,SAZM,MDQ,MDP
SAZO,medium_airport,Necochea Airport,-38.490746,-58.816337,AR,Necochea,yes,SAZO,NEC,NEC
SAAP,medium_airport,General Urquiza Airport,-31.7948,-60.4804,AR,Parana,yes,SAAP,PRA,PAR
SAWP,medium_airport,Perito Moreno Jalil Hamer Airport,-46.537899,-70.978699,AR,Perito Moreno,yes,SAWP,PMQ,PTM
SARP,medium_airport,Libertador Gral D Jose De San Martin Airport,-27.3858,-55.9707,AR,Posadas,yes,SARP,PSS,POS
SAWD,medium_airport,Puerto Deseado Airport,-47.7353,-65.9041,AR,Puerto Deseado,yes,SAWD,PUD,ADO
SARI,medium_airport,Cataratas Del Iguazú International Airport,-25.737301,-54.4734,AR,Puerto Iguazu,yes,SARI,IGR,IGU
SAVY,medium_airport,El Tehuelche Airport,-42.7592,-65.1027,AR,Puerto Madryn,yes,SAVY,PMY,DRY
SAVT,medium_airport,Almirante Marco Andres Zar Airport,-43.2105,-65.2703,AR,Rawson,yes,SAVT,REL,TRE
SAWE,medium_airport,Gobernador Ramón Trejo Noel International Airport,-53.7777,-67.7494,AR,Rio Grande,yes,SAWE,RGA,GRA
SANU,medium_airport,Domingo Faustino Sarmiento Airport,-31.571501,-68.418198,AR,San Juan,yes,SANU,UAQ,JUA
SAOU,medium_airport,Brigadier Mayor D Cesar Raul Ojeda Airport,-33.273201,-66.3564,AR,San Luis,yes,SAOU,LUQ,UIS
SAMR,medium_airport,Suboficial Ay Santiago Germano Airport,-34.588299,-68.4039,AR,San Rafael,yes,SAMR,AFA,SRA
SAAV,medium_airport,Sauce Viejo Airport,-31.7117,-60.8117,AR,Santa Fe,yes,SAAV,SFN,SVO
SAZR,medium_airport,Santa Rosa Airport,-36.588299,-64.275703,AR,Santa Rosa,yes,SAZR,RSA,OSA
SAZL,medium_airport,Santa Teresita Airport,-36.5423,-56.7218,AR,Santa Teresita,yes,SAZL,SST,STR
SANE,medium_airport,Vicecomodoro Angel D. La Paz Aragonés Airport,-27.765556335399996,-64.3099975586,AR,Santiago del Estero,yes,SANE,SDE,SDE
SANR,medium_airport,Termas de Río Hondo international Airport,-27.4966,-64.93595,AR,Termas de Río Hondo,yes,SANR,RHD,TRH
SAWH,medium_airport,Ushuaia - Malvinas Argentinas International Airport,-54.8433,-68.2958,AR,Ushuaia,yes,SAWH,USH,USU
SAVV,medium_airport,Gobernador Castello Airport,-40.8692,-63.0004,AR,Viedma / Carmen de Patagones,yes,SAVV,VDM,VIE
YBDV,medium_airport,Birdsville Airport,-25.897499084472656,139.34800720214844,AU,,yes,YBDV,BVI,
YBOU,medium_airport,Boulia Airport,-22.913299560546875,139.89999389648438,AU,,yes,YBOU,BQL,
YBKE,medium_airport,Bourke Airport,-30.039199829101562,145.95199584960938,AU,,yes,YBKE,BRK,
YCDU,medium_airport,Ceduna Airport,-32.13059997558594,133.7100067138672,AU,,yes,YCDU,CED,
YCBA,medium_airport,Cobar Airport,-31.538299560546875,145.79400634765625,AU,,yes,YCBA,CAZ,
YCKN,medium_airport,Cooktown Airport,-15.443649,145.183221,AU,,yes,YCKN,CTN,
YCNM,medium_airport,Coonamble Airport,-30.980946,148.377833,AU,,yes,YCNM,CNB,
YCMU,medium_airport,Cunnamulla Airport,-28.030000686645508,145.6219940185547,AU,,yes,YCMU,CMA,
YFTZ,medium_airport,Fitzroy Crossing Airport,-18.183596,125.559783,AU,,yes,YFTZ,FIZ,
YKII,medium_airport,King Island Airport,-39.877498626708984,143.8780059814453,AU,,yes,YKII,KNS,
YKSC,medium_airport,Kingscote Airport,-35.71390151977539,137.52099609375,AU,,yes,YKSC,KGC,
YLST,medium_airport,Leinster Airport,-27.843299865722656,120.7030029296875,AU,,yes,YLST,LER,
YLRD,medium_airport,Lightning Ridge Airport,-29.452857,147.977146,AU,,yes,YLRD,LHG,
YMEK,medium_airport,Meekatharra Airport,-26.6117000579834,118.5479965209961,AU,,yes,YMEK,MKR,
YMOG,medium_airport,Mount Magnet Airport,-28.116100311279297,117.84200286865234,AU,,yes,YMOG,MMG,
YBOK,medium_airport,Oakey Army Aviation Centre,-27.409262,151.736727,AU,,yes,YBOK,OKY,
YPAG,medium_airport,Port Augusta Airport,-32.506900787353516,137.7169952392578,AU,,yes,YPAG,PUG,
YPOD,medium_airport,Portland Airport,-38.31809997558594,141.4709930419922,AU,,yes,YPOD,PTJ,
YQLP,medium_airport,Quilpie Airport,-26.609176,144.253746,AU,,yes,YQLP,ULP,
YWLG,medium_airport,Walgett Airport,-30.032801,148.126007,AU,,yes,YWLG,WGE,
YWLU,medium_airport,Wiluna Airport,-26.629199981689453,120.22100067138672,AU,,yes,YWLU,WUN,
YWTN,medium_airport,Winton Airport,-22.36359977722168,143.08599853515625,AU,,yes,YWTN,WIN,
YABA,medium_airport,Albany Airport,-34.943333,117.808889,AU,Albany,yes,YABA,ALH,
YSHL,medium_airport,Shellharbour Airport,-34.5611,150.789001,AU,Albion Park Rail,yes,YSHL,WOL,
YBAS,medium_airport,Alice Springs Airport,-23.806588,133.903427,AU,Alice Springs,yes,YBAS,ASP,
YARM,medium_airport,Armidale Airport,-30.528099060099997,151.617004395,AU,Armidale,yes,YARM,ARM,
YBNA,medium_airport,Ballina Byron Gateway Airport,-28.833236,153.561471,AU,Ballina,yes,YBNA,BNK,
YBAR,medium_airport,Barcaldine Airport,-23.566268,145.302086,AU,Barcaldine,yes,YBAR,BCI,
YBTH,medium_airport,Bathurst Airport,-33.406817,149.651161,AU,Bathurst,yes,YBTH,BHS,
YBIE,medium_airport,Bedourie Airport,-24.3461,139.460007,AU,Bedourie,yes,YBIE,BEU,
YTNG,medium_airport,Thangool Airport,-24.494863,150.577967,AU,Biloela,yes,YTNG,THG,
YBCK,medium_airport,Blackall Airport,-24.431678,145.429716,AU,Blackall,yes,YBCK,BKQ,
YPKG,medium_airport,Kalgoorlie Boulder Airport,-30.791543,121.464586,AU,Broadwood,yes,YPKG,KGI,
YBHI,medium_airport,Broken Hill Airport,-32.0013999939,141.472000122,AU,Broken Hill,yes,YBHI,BHQ,
YBUD,medium_airport,Bundaberg Airport,-24.905039,152.322612,AU,Bundaberg,yes,YBUD,BDB,
YWYY,medium_airport,Wynyard Airport,-40.997039,145.726,AU,Burnie,yes,YWYY,BWT,
YSCB,medium_airport,Canberra Airport,-35.3069,149.195007,AU,Canberra,yes,YSCB,CBR,
YCAR,medium_airport,Carnarvon Airport,-24.884337,113.666393,AU,Carnarvon,yes,YCAR,CVQ,
YBCV,medium_airport,Charleville Airport,-26.4132995605,146.261993408,AU,Charleville,yes,YBCV,CTL,
YCCY,medium_airport,Cloncurry Airport,-20.668600082399998,140.503997803,AU,Cloncurry,yes,YCCY,CNJ,
YCOE,medium_airport,Coen Airport,-13.761133,143.113311,AU,Coen,yes,YCOE,CUQ,
YCFS,medium_airport,Coffs Harbour Airport,-30.320601,153.115997,AU,Coffs Harbour,yes,YCFS,CFS,
YCBP,medium_airport,Coober Pedy Airport,-29.038312,134.722166,AU,Coober Pedy,yes,YCBP,CPD,
YCOM,medium_airport,Cooma Snowy Mountains Airport,-36.300445,148.972408,AU,Cooma,yes,YCOM,OOM,
YSHK,medium_airport,Shark Bay Airport,-25.897294,113.575802,AU,Denham,yes,YSHK,MJK,
YDPO,medium_airport,Devonport Airport,-41.1697006226,146.429992676,AU,Devonport,yes,YDPO,DPO,
YSDU,medium_airport,Dubbo City Regional Airport,-32.2167015076,148.574996948,AU,Dubbo,yes,YSDU,DBO,
YMAY,medium_airport,Albury Airport,-36.066758,146.959148,AU,East Albury,yes,YMAY,ABX,
YELD,medium_airport,Elcho Island Airport,-12.019399642899998,135.570999146,AU,Elcho Island,yes,YELD,ELC,
YEML,medium_airport,Emerald Airport,-23.5674991608,148.179000854,AU,Emerald,yes,YEML,EMD,
YESP,medium_airport,Esperance Airport,-33.684399,121.822998,AU,Esperance,yes,YESP,EPR,
YMEN,medium_airport,Melbourne Essendon Airport,-37.7281,144.901993,AU,Essendon Fields,yes,YMEN,MEB,
YPLM,medium_airport,Learmonth Airport,-22.235201,114.090024,AU,Exmouth,yes,YPLM,LEA,
YSWG,medium_airport,Wagga Wagga Airport,-35.163484,147.46832,AU,Forest Hill,yes,YSWG,WGA,
YGLA,medium_airport,Gladstone Airport,-23.869763,151.225439,AU,Gladstone,yes,YGLA,GLT,4680
YGTH,medium_airport,Griffith Airport,-34.2508010864,146.067001343,AU,Griffith,yes,YGTH,GFF,
YGTE,medium_airport,Groote Eylandt Airport,-13.972405,136.458553,AU,Groote Eylandt,yes,YGTE,GTE,
YBHM,medium_airport,Hamilton Island Airport,-20.3581008911,148.95199585,AU,Hamilton Island,yes,YBHM,HTI,
YHBA,medium_airport,Hervey Bay Airport,-25.320127,152.880662,AU,Hervey Bay,yes,YHBA,HVB,
YHID,medium_airport,Horn Island Airport,-10.585636,142.29277,AU,Horn,yes,YHID,HID,
YPKA,medium_airport,Karratha Airport,-20.712200164799995,116.773002625,AU,Karratha,yes,YPKA,KTA,
YKOW,medium_airport,Kowanyama Airport,-15.485369,141.752572,AU,Kowanyama,yes,YKOW,KWM,
YPKU,medium_airport,East Kimberley Regional (Kununurra) Airport,-15.7781,128.707993,AU,Kununurra,yes,YPKU,KNX,
YMLT,medium_airport,Launceston Airport,-41.544935,147.210785,AU,Launceston (Western Junction),yes,YMLT,LST,
YLEO,medium_airport,Leonora Airport,-28.87809944152832,121.31500244140625,AU,Leonora,yes,YLEO,LNO,
YLIS,medium_airport,Lismore Airport,-28.830689,153.258419,AU,Lismore,yes,YLIS,LSY,
YLHR,medium_airport,Lockhart River Airport,-12.7869,143.304993,AU,Lockhart River,yes,YLHR,IRG,
YLRE,medium_airport,Longreach Airport,-23.4342,144.279999,AU,Longreach,yes,YLRE,LRE,
YBMK,medium_airport,Mackay Airport,-21.170816,149.182588,AU,Mackay,yes,YBMK,MKY,
YMGD,medium_airport,Maningrida Airport,-12.0560998917,134.23399353,AU,Maningrida,yes,YMGD,MNG,
YMMB,medium_airport,Melbourne Moorabbin Airport,-37.977765,145.099799,AU,Melbourne,yes,YMMB,MBW,
YMER,medium_airport,Merimbula Airport,-36.9085998535,149.901000977,AU,Merimbula,yes,YMER,MIM,
YMIA,medium_airport,Mildura Airport,-34.229198455799995,142.085998535,AU,Mildura,yes,YMIA,MQL,
YSNB,medium_airport,Snake Bay Airport,-11.417674,130.648481,AU,Milikapiti,yes,YSNK,SNB,
YGEL,medium_airport,Geraldton Airport,-28.796101,114.707001,AU,Moonyoonooka,yes,YGEL,GET,
YMRB,medium_airport,Moranbah Airport,-22.057800293,148.07699585,AU,Moranbah,yes,YMRB,MOV,
YMOR,medium_airport,Moree Airport,-29.498899459799997,149.845001221,AU,Moree,yes,YMOR,MRZ,
YMRY,medium_airport,Moruya Airport,-35.8978004456,150.143997192,AU,Moruya,yes,YMRY,MYA,
YMTG,medium_airport,Mount Gambier Airport,-37.744382,140.780561,AU,Mount Gambier,yes,YMTG,MGB,
YHOT,medium_airport,Mount Hotham Airport,-37.0475006104,147.333999634,AU,Mount Hotham,yes,YHOT,MHU,
YBMA,medium_airport,Mount Isa Airport,-20.66638,139.488468,AU,Mount Isa,yes,YBMA,ISA,
YNBR,medium_airport,Narrabri Airport,-30.3192005157,149.82699585,AU,Narrabri,yes,YNBR,NAA,
YNAR,medium_airport,Narrandera Airport,-34.7022018433,146.511993408,AU,Narrandera,yes,YNAR,NRA,
YNWN,medium_airport,Newman Airport,-23.417800903299998,119.803001404,AU,Newman,yes,YNWN,ZNE,
YPGV,medium_airport,Gove Airport,-12.269399642899998,136.817993164,AU,Nhulunbuy,yes,YPGV,GOV,
YNTN,medium_airport,Normanton Airport,-17.68409,141.069664,AU,Normanton,yes,YNTN,NTN,
YPBO,medium_airport,Paraburdoo Airport,-23.1711006165,117.745002747,AU,Paraburdoo,yes,YPBO,PBO,
YPKS,medium_airport,Parkes Airport,-33.131401062,148.238998413,AU,Parkes,yes,YPKS,PKE,
YPLC,medium_airport,Port Lincoln Airport,-34.6053009033,135.880004883,AU,Port Lincoln,yes,YPLC,PLO,
YPMQ,medium_airport,Port Macquarie Airport,-31.4358005524,152.863006592,AU,Port Macquarie,yes,YPMQ,PQQ,
YBPN,medium_airport,Proserpine Whitsunday Coast Airport,-20.494416,148.553583,AU,Proserpine,yes,YBPN,PPP,
YBRK,medium_airport,Rockhampton Airport,-23.380019,150.475359,AU,Rockhampton,yes,YBRK,ROK,
YROM,medium_airport,Roma Airport,-26.545000076300003,148.774993896,AU,Roma,yes,YROM,RMA,
YSTW,medium_airport,Tamworth Airport,-31.077898,150.845484,AU,Tamworth,yes,YSTW,TMW,
YTNK,medium_airport,Tennant Creek Airport,-19.6343994140625,134.18299865722656,AU,Tennant Creek,yes,YTNK,TCA,
YTGM,medium_airport,Thargomindah Airport,-27.986368,143.812065,AU,Thargomindah,yes,YTGM,XTG,
YBTL,medium_airport,Townsville Airport / RAAF Base Townsville,-19.252904,146.766512,AU,Townsville,yes,YBTL,TSV,
YBWP,medium_airport,Weipa Airport,-12.677493,141.922618,AU,Weipa,yes,YBWP,WEI,
YWHA,medium_airport,Whyalla Airport,-33.05889892578125,137.51400756835938,AU,Whyalla,yes,YWHA,WYA,
YWDH,medium_airport,Windorah Airport,-25.410641,142.668428,AU,Windorah,yes,YWDH,WNR,
YAYE,medium_airport,Ayers Rock Connellan Airport,-25.185913,130.97703,AU,Yulara,yes,YAYE,AYQ,
UBBQ,medium_airport,Gabala International Airport,40.808617,47.725389,AZ,Gabala,yes,UBBQ,GBB,
UBLC,medium_airport,Lachin International Airport,39.883787,46.363137,AZ,Lachin,yes,UBLC,LHL,
VGBR,medium_airport,Barisal Airport,22.801001,90.301201,BD,Barisal,yes,VGBR,BZL,
VGCB,medium_airport,Cox's Bazar Airport,21.457517,91.963263,BD,Cox's Bazar,yes,VGCB,CXB,
VGJR,medium_airport,Jessore Airport,23.1838,89.160797,BD,Jashore (Jessore),yes,VGJR,JSR,
VGRJ,medium_airport,Shah Makhdum Airport,24.437201,88.616501,BD,Rajshahi,yes,VGRJ,RJH,
VGSD,medium_airport,Saidpur Airport,25.759199,88.908897,BD,Saidpur,yes,VGSD,SPD,
EBAW,medium_airport,Antwerp International Airport (Deurne),51.190667,4.463153,BE,Antwerp,yes,EBAW,ANR,
EBLG,medium_airport,Liège Airport,50.638574,5.443897,BE,Grâce-Hollogne,yes,EBLG,LGG,
HBBE,medium_airport,Gitega Airport,-3.417209,29.911308,BI,Gitega,yes,HBBE,GID,
TFFJ,medium_airport,St. Jean Airport,17.904398,-62.843333,BL,Gustavia,yes,TFFJ,SBH,
SLCO,medium_airport,Capitán Aníbal Arab Airport,-11.039109,-68.782774,BO,Cobija,yes,SLCO,CIJ,
SLGM,medium_airport,Guayaramerín Airport,-10.88856,-65.380955,BO,Guayaramerín,yes,SLGM,GYA,
SLPS,medium_airport,Capitán Av. Salvador Ogaya G. airport,-18.975301,-57.820599,BO,Puerto Suárez,yes,SLPS,PSZ,
SLRI,medium_airport,Capitán Av. Selin Zeitun Lopez Airport,-11.009355,-66.075468,BO,Riberalta,yes,SLRI,RIB,
SLET,medium_airport,El Trompillo Airport,-17.8115997314,-63.1715011597,BO,Santa Cruz,yes,SLET,SRZ,
SLTJ,medium_airport,Capitan Oriel Lea Plaza Airport,-21.5557,-64.701302,BO,Tarija,yes,SLTJ,TJA,
SLTR,medium_airport,Teniente Av. Jorge Henrich Arauz Airport,-14.8187,-64.917999,BO,Trinidad,yes,SLTR,TDD,
TNCE,medium_airport,F. D. Roosevelt Airport,17.4965,-62.979401,BQ,Oranjestad,yes,TNCE,EUX,
TNCS,medium_airport,Juancho E. Yrausquin Airport,17.64533,-63.220514,BQ,Zion's Hill,yes,TNCS,SAB,
SBAT,medium_airport,Piloto Osvaldo Marques Dias Airport,-9.866389,-56.106298,BR,Alta Floresta,yes,SBAT,AFL,MT0003
SBHT,medium_airport,Altamira Interstate Airport,-3.253144,-52.253938,BR,Altamira,yes,SBHT,ATM,PA0003
SBAR,medium_airport,Aracaju - Santa Maria Airport,-10.98394,-37.072873,BR,Aracaju,yes,SBAR,AJU,SE0001
SWGN,medium_airport,Araguaína Airport,-7.22787,-48.240501,BR,Araguaína,yes,SWGN,AUX,TO0002
SBAQ,medium_airport,Araraquara Airport,-21.812,-48.132999,BR,Araraquara,yes,SBAQ,AQA,SP0012
SBAX,medium_airport,Romeu Zema Airport,-19.5632,-46.9604,BR,Araxá,yes,SBAX,AAX,MG0008
SBAU,medium_airport,Araçatuba Airport,-21.141479,-50.424575,BR,Araçatuba,yes,SBAU,ARU,SP0009
SBAE,medium_airport,Bauru/Arealva–Moussa Nakhal Tobias State Airport,-22.160755,-49.070325,BR,Bauru,yes,SBAE,JTC,SP0010
SBKG,medium_airport,Presidente João Suassuna Airport,-7.269662,-35.896057,BR,Campina Grande,yes,SBKG,CPV,PB0003
SBCG,medium_airport,Campo Grande Airport,-20.469998,-54.673988,BR,Campo Grande,yes,SBCG,CGR,MS0001
SBCP,medium_airport,Bartolomeu Lisandro Airport,-21.698299,-41.301701,BR,Campos dos Goytacazes,yes,SBCP,CAW,RJ0006
SBCA,medium_airport,Coronel Adalberto Mendes da Silva Airport,-25.000323,-53.501208,BR,Cascavel,yes,SBCA,CAC,PR0005
SBCX,medium_airport,Hugo Cantergiani Regional Airport,-29.197183,-51.187647,BR,Caxias Do Sul,yes,SBCX,CXJ,RS0007
SBCH,medium_airport,Serafin Enoss Bertaso Airport,-27.134199,-52.656601,BR,Chapecó,yes,SBCH,XAP,SC0003
SBCR,medium_airport,Corumbá International Airport,-19.01193,-57.672772,BR,Corumbá,yes,SBCR,CMG,MS0009
SBCM,medium_airport,Forquilhinha - Criciúma  Airport,-28.725743,-49.424475,BR,Criciúma,yes,SSIM,CCM,SC0009
SBJE,medium_airport,Comandante Ariston Pessoa Airport,-2.906425,-40.357338,BR,Cruz,yes,SBJE,JJD,CE0003
SBCZ,medium_airport,Cruzeiro do Sul Airport,-7.59991,-72.769501,BR,Cruzeiro Do Sul,yes,SBCZ,CZS,AC0002
SDIY,medium_airport,João Durval Carneiro Airport,-12.200694,-38.906164,BR,Feira de Santana,yes,SDIY,FEC,BA0013
SBFN,medium_airport,Fernando de Noronha Airport,-3.854534,-32.423017,BR,Fernando de Noronha,yes,SBFN,FEN,PE0003
SBGV,medium_airport,Coronel Altino Machado Airport,-18.895882,-41.982869,BR,Governador Valadares,yes,SBGV,GVR,MG0032
SBIL,medium_airport,Bahia - Jorge Amado Airport,-14.815929,-39.033458,BR,Ilhéus,yes,SBIL,IOS,BA0004
SBIZ,medium_airport,Prefeito Renato Moreira Airport,-5.53129,-47.459999,BR,Imperatriz,yes,SBIZ,IMP,MA0002
SBIP,medium_airport,Usiminas Airport,-19.470699,-42.487598,BR,Ipatinga,yes,SBIP,IPN,MG0007
SBIH,medium_airport,Itaituba Airport,-4.242131,-56.000651,BR,Itaituba,yes,SBIH,ITB,PA0010
SBJV,medium_airport,Lauro Carneiro de Loyola Airport,-26.224501,-48.797401,BR,Joinville,yes,SBJV,JOI,SC0004
SBJF,medium_airport,Francisco de Assis Airport,-21.791482,-43.386072,BR,Juiz de Fora,yes,SBJF,JDF,MG0016
SBZM,medium_airport,Presidente Itamar Franco Airport,-21.513086,-43.173069,BR,Juiz de Fora,yes,SBZM,IZA,
SBLJ,medium_airport,Lages Airport,-27.782101,-50.281502,BR,Lages,yes,SBLJ,LAJ,SC0007
SBLO,medium_airport,Governor José Richa Airport,-23.334375,-51.128365,BR,Londrina,yes,SBLO,LDB,PR0003
SBMQ,medium_airport,Macapá - Alberto Alcolumbre International Airport,0.050664,-51.072201,BR,Macapá,yes,SBMQ,MCP,AP0001
SBMY,medium_airport,Manicoré Airport,-5.81138,-61.278301,BR,Manicoré,yes,SBMY,MNX,AM0015
SBMA,medium_airport,João Correa da Rocha Airport,-5.36859,-49.138,BR,Marabá,yes,SBMA,MAB,PA0004
SBMG,medium_airport,Regional de Maringá - Sílvio Name Júnior Airport,-23.47606,-52.016187,BR,Maringá,yes,SBMG,MGF,PR0004
SBML,medium_airport,Frank Miloye Milenkowichi–Marília State Airport,-22.196899,-49.926485,BR,Marília,yes,SBML,MII,SP0014
SBMK,medium_airport,Mário Ribeiro Airport,-16.706919,-43.818901,BR,Montes Claros,yes,SBMK,MOC,MG0004
SBMS,medium_airport,Dix-Sept Rosado Airport,-5.20192,-37.3643,BR,Mossoró,yes,SBMS,MVF,RN0002
SBTB,medium_airport,Trombetas Airport,-1.4896,-56.396801,BR,Oriximiná,yes,SBTB,TMT,PA0012
SBPJ,medium_airport,Brigadeiro Lysias Rodrigues Airport,-10.2915,-48.356998,BR,Palmas,yes,SBPJ,PMW,TO0001
SBCJ,medium_airport,Carajás Airport,-6.117841,-50.003372,BR,Parauapebas,yes,SBCJ,CKS,PA0006
SBPB,medium_airport,Parnaíba - Prefeito Doutor João Silva Filho International Airport,-2.89375,-41.731998,BR,Parnaíba,yes,SBPB,PHB,PI0002
SBPF,medium_airport,Lauro Kurtz Airport,-28.243976,-52.32777,BR,Passo Fundo,yes,SBPF,PFB,RS0006
SBUF,medium_airport,Paulo Afonso Airport,-9.40088,-38.250599,BR,Paulo Afonso,yes,SBUF,PAV,BA0007
SBPK,medium_airport,João Simões Lopes Neto International Airport,-31.717189,-52.327796,BR,Pelotas,yes,SBPK,PET,RS0005
SBPL,medium_airport,Senador Nilo Coelho Airport,-9.362422,-40.569098,BR,Petrolina,yes,SBPL,PNZ,PE0002
SBPG,medium_airport,Ponta Grossa Airport - Comandante Antonio Amilton Beraldo,-25.184476,-50.143822,BR,Ponta Grossa,yes,SBPG,PGZ,PR0012
SBPP,medium_airport,Ponta Porã Airport,-22.549601,-55.702599,BR,Ponta Porã,yes,SBPP,PMG,MS0005
SBDN,medium_airport,Presidente Prudente Airport,-22.1751,-51.424599,BR,Presidente Prudente,yes,SBDN,PPB,SP0005
SBRP,medium_airport,Leite Lopes Airport,-21.134314,-47.774053,BR,Ribeirão Preto,yes,SBRP,RAO,SP0004
SBJR,medium_airport,Jacarepaguá - Roberto Marinho Airport,-22.986773,-43.372194,BR,Rio de Janeiro,yes,SBJR,RRJ,RJ0005
SBRD,medium_airport,Maestro Marinho Franco Airport,-16.584292,-54.724803,BR,Rondonópolis,yes,SBRD,ROO,MT0004
SBSM,medium_airport,Santa Maria Airport,-29.711399,-53.688202,BR,Santa Maria,yes,SBSM,RIA,RS0003
SBSN,medium_airport,Santarém - Maestro Wilson Fonseca International Airport,-2.422423,-54.79306,BR,Santarém,yes,SBSN,STM,PA0002
SBNM,medium_airport,Santo Ângelo Airport,-28.282503,-54.169623,BR,Santo Ângelo,yes,SBNM,GEL,RS0008
SN6L,medium_airport,Dr. Luciano de Arruda Coelho Regional Airport,-3.614488,-40.231426,BR,Sobral,yes,SN6L,JSO,CE0164
SBUA,medium_airport,São Gabriel da Cachoeira Airport,-0.14835,-66.9855,BR,São Gabriel da Cachoeira,yes,SBUA,SJL,AM0003
SBSR,medium_airport,Prof. Eribelto Manoel Reino State Airport,-20.817113,-49.406963,BR,São José do Rio Preto,yes,SBSR,SJP,SP0006
SBSJ,medium_airport,Professor Urbano Ernesto Stumpf Airport,-23.2292,-45.8615,BR,São José Dos Campos,yes,SBSJ,SJK,SP0008
SBTT,medium_airport,Tabatinga International Airport,-4.25567,-69.935799,BR,Tabatinga,yes,SBTT,TBT,AM0005
SBTF,medium_airport,Tefé Airport,-3.38294,-64.724098,BR,Tefé,yes,SBTF,TFF,AM0004
SBTE,medium_airport,Senador Petrônio Portela Airport,-5.06025,-42.823712,BR,Teresina,yes,SBTE,THE,PI0001
SBTU,medium_airport,Tucuruí Airport,-3.78601,-49.720299,BR,Tucuruí,yes,SBTU,TUR,PA0007
SBUR,medium_airport,Mário de Almeida Franco Airport,-19.765036,-47.964805,BR,Uberaba,yes,SBUR,UBA,MG0009
SBUL,medium_airport,Ten. Cel. Aviador César Bombonato Airport,-18.883579,-48.225936,BR,Uberlândia,yes,SBUL,UDI,MG0002
SBUG,medium_airport,Rubem Berta Airport,-29.7822,-57.0382,BR,Uruguaiana,yes,SBUG,URG,RS0012
SBVH,medium_airport,Brigadeiro Camarão Airport,-12.6944,-60.098301,BR,Vilhena,yes,SBVH,BVH,RO0003
BR-0569,medium_airport,Glauber de Andrade Rocha Airport,-14.907885,-40.914804,BR,Vitória da Conquista,yes,SBVC,VDC,BA0005
MYMM,medium_airport,Mayaguana Airport,22.379499,-73.013494,BS,Abraham Bay Settlement,yes,MYMM,MYG,
MYAK,medium_airport,Congo Town Airport,24.158701,-77.589798,BS,Andros,yes,MYAK,TZN,COX
MYAN,medium_airport,San Andros Airport,25.053800582885742,-78.04900360107422,BS,Andros Island,yes,MYAN,SAQ,
MYAF,medium_airport,Andros Town Airport,24.697901,-77.795601,BS,Andros Town,yes,MYAF,ASD,
MYCA,medium_airport,Arthur's Town Airport,24.6294,-75.673797,BS,Arthur's Town,yes,MYCA,ATC,
MYCB,medium_airport,New Bight Airport,24.3153,-75.452301,BS,Cat Island,yes,MYCB,TBI,
MYBC,medium_airport,Chub Cay Airport,25.417101,-77.880898,BS,Chub Cay,yes,MYBC,CCZ,
MYCI,medium_airport,Colonel Hill Airport,22.7456,-74.182404,BS,Colonel Hill,yes,MYCI,CRI,
MYLD,medium_airport,Deadman's Cay Airport,23.1790008545,-75.09359741210001,BS,Deadman's Cay,yes,MYLD,LGI,
MYEM,medium_airport,Governor's Harbour Airport,25.2847,-76.331001,BS,Governor's Harbour,yes,MYEM,GHB,
MYAM,medium_airport,Leonard M. Thompson International Airport,26.510711,-77.084262,BS,Marsh Harbour,yes,MYAM,MHH,
MYIG,medium_airport,Inagua Airport,20.975,-73.666901,BS,Matthew Town,yes,MYIG,IGA,
MYEF,medium_airport,Exuma International Airport,23.562599,-75.877998,BS,Moss Town,yes,MYEF,GGT,
MYEH,medium_airport,North Eleuthera Airport,25.475823,-76.680784,BS,North Eleuthera,yes,MYEH,ELH,
MYER,medium_airport,Rock Sound International Airport,24.89165,-76.177602,BS,Rock Sound,yes,MYER,RSD,
MYBS,medium_airport,South Bimini Airport,25.6998996735,-79.2647018433,BS,South Bimini,yes,MYBS,BIM,
MYAP,medium_airport,Spring Point Airport,22.441799,-73.970901,BS,Spring Point,yes,MYAP,AXP,
MYLS,medium_airport,Stella Maris Airport,23.582317,-75.268621,BS,Stella Maris,yes,MYLS,SML,
MYAT,medium_airport,Treasure Cay Airport,26.745300293,-77.3912963867,BS,Treasure Cay,yes,MYAT,TCB,
UMGG,medium_airport,Gomel Airport,52.527000427246094,31.016700744628906,BY,Gomel,yes,UMGG,GME,
UMOO,medium_airport,Mogilev Airport,53.954898834228516,30.09510040283203,BY,Mogilev,yes,UMOO,MVQ,
BZ-TZA,medium_airport,Sir Barry Bowen Municipal Airport,17.517239,-88.195775,BZ,Belize City,yes,MZBE,TZA,
BZ-CUK,medium_airport,Caye Caulker Airport,17.735015,-88.032862,BZ,Caye Caulker,yes,MZCK,CUK,
BZ-CYC,medium_airport,Caye Chapel Airport,17.683792,-88.044985,BZ,Caye Chapel,yes,MZCP,CYC,
BZ-CZH,medium_airport,Corozal Airport,18.3822,-88.411903,BZ,Corozal,yes,MZCZ,CZH,
BZ-DGA,medium_airport,Dangriga Airport,16.98251,-88.230988,BZ,Dangriga,yes,MZPB,DGA,
MZPL,medium_airport,Placencia Airport,16.536957,-88.361511,BZ,Placencia,yes,MZPL,PLJ,PLJ
BZ-SPR,medium_airport,John Greif II Airport,17.9139,-87.9711,BZ,San Pedro,yes,MZSP,SPR,
CYXX,medium_airport,Abbotsford International Airport,49.025299,-122.361,CA,Abbotsford,yes,CYXX,YXX,
CAJ4,medium_airport,Anahim Lake Airport,52.451501,-125.303776,CA,Anahim Lake,yes,CAJ4,YAA,CAJ4
CYBC,medium_airport,Baie-Comeau Airport,49.1325,-68.204399,CA,Baie-Comeau,yes,CYBC,YBC,YBC
CYBK,medium_airport,Baker Lake Airport,64.29889678960001,-96.077796936,CA,Baker Lake,yes,CYBK,YBK,
CYLS,medium_airport,Barrie-Lake Simcoe Regional Airport,44.485056,-79.554663,CA,Barrie,yes,CYLS,YLK,CYLS
CBBC,medium_airport,Bella Bella (Campbell Island) Airport,52.185001,-128.156994,CA,Bella Bella,yes,CBBC,ZEL,CBBC
CYBD,medium_airport,Bella Coola Airport,52.387501,-126.596001,CA,Bella Coola,yes,CYBD,QBC,
CYBX,medium_airport,Lourdes-de-Blanc-Sablon Airport,51.4436,-57.185299,CA,Blanc-Sablon,yes,CYBX,YBX,
CYVB,medium_airport,Bonaventure Airport,48.071098,-65.460297,CA,Bonaventure,yes,CYVB,YVB,
CYBF,medium_airport,Bonnyville Airport,54.304199,-110.744003,CA,Bonnyville,yes,CYBF,YBY,
CYBR,medium_airport,Brandon Municipal Airport,49.91,-99.951897,CA,Brandon,yes,CYBR,YBR,
CYKF,medium_airport,Region of Waterloo International Airport,43.4608,-80.378601,CA,Breslau,yes,CYKF,YKF,
CYPZ,medium_airport,Burns Lake Airport,54.3764,-125.950996,CA,Burns Lake,yes,CYPZ,YPZ,YPZ
CYCB,medium_airport,Cambridge Bay Airport,69.1081008911,-105.138000488,CA,Cambridge Bay,yes,CYCB,YCB,
CYBL,medium_airport,Campbell River Airport,49.950802,-125.271004,CA,Campbell River,yes,CYBL,YBL,YBL
CYCG,medium_airport,Castlegar/West Kootenay Regional Airport,49.296398,-117.632004,CA,Castlegar,yes,CYCG,YCG,
CYCL,medium_airport,Charlo Airport,47.990799,-66.330299,CA,Charlo,yes,CYCL,YCL,
CYYG,medium_airport,Charlottetown Airport,46.288911,-63.125174,CA,Charlottetown,yes,CYYG,YYG,
CYMT,medium_airport,Chapais Airport,49.77190017700195,-74.5280990600586,CA,Chibougamau,yes,CYMT,YMT,
CYYQ,medium_airport,Churchill Airport,58.739200592041016,-94.06500244140625,CA,Churchill,yes,CYYQ,YYQ,
CYQQ,medium_airport,Comox Valley International Airport / CFB Comox,49.7108,-124.887001,CA,Comox,yes,CYQQ,YQQ,
CYZS,medium_airport,Coral Harbour Airport,64.1932983398,-83.3593978882,CA,Coral Harbour,yes,CYZS,YZS,
CYXC,medium_airport,Cranbrook/Canadian Rockies International Airport,49.610802,-115.781998,CA,Cranbrook,yes,CYXC,YXC,
CYDN,medium_airport,Dauphin Barker Airport,51.1008,-100.052002,CA,Dauphin,yes,CYDN,YDN,
CYDA,medium_airport,Dawson City Airport,64.04309844970703,-139.1280059814453,CA,Dawson City,yes,CYDA,YDA,
CYDF,medium_airport,Deer Lake Airport,49.208159,-57.396147,CA,Deer Lake,yes,CYDF,YDF,
CYPY,medium_airport,Fort Chipewyan Airport,58.7672004699707,-111.11699676513672,CA,Fort Chipewyan,yes,CYPY,YPY,
CYAG,medium_airport,Fort Frances Municipal Airport,48.655749,-93.44349,CA,Fort Frances,yes,CYAG,YAG,
CYMM,medium_airport,Fort McMurray International Airport,56.653301,-111.222,CA,Fort McMurray,yes,CYMM,YMM,
CYYE,medium_airport,Fort Nelson Airport,58.8363990784,-122.597000122,CA,Fort Nelson,yes,CYYE,YYE,
CYXJ,medium_airport,Fort St John / North Peace Regional Airport,56.238098,-120.739998,CA,Fort Saint John,yes,CYXJ,YXJ,
CYFS,medium_airport,Fort Simpson Airport,61.76020050048828,-121.23699951171875,CA,Fort Simpson,yes,CYFS,YFS,
CYSM,medium_airport,Fort Smith Airport,60.020302,-111.961998,CA,Fort Smith,yes,CYSM,YSM,
CYFC,medium_airport,Fredericton International Airport,45.868697,-66.529891,CA,Fredericton,yes,CYFC,YFC,
CYQX,medium_airport,Gander International Airport,48.936258,-54.567719,CA,Gander,yes,CYQX,YQX,
CYGP,medium_airport,Michel-Pouliot Gaspé Airport,48.774915,-64.481893,CA,Gaspé,yes,CYGP,YGP,
CYND,medium_airport,Ottawa / Gatineau Airport,45.521702,-75.563599,CA,Gatineau,yes,CYND,YND,CYND
CYYR,medium_airport,Goose Bay Airport,53.3191986084,-60.4258003235,CA,Goose Bay,yes,CYYR,YYR,
CYQU,medium_airport,Grande Prairie Airport,55.1796989441,-118.885002136,CA,Grande Prairie,yes,CYQU,YQU,
CYQA,medium_airport,Muskoka Airport,44.975376,-79.306546,CA,Gravenhurst,yes,CYQA,YQA,
CYHM,medium_airport,John C. Munro Hamilton International Airport,43.17348,-79.931185,CA,Hamilton,yes,CYHM,YHM,
CYGV,medium_airport,Havre-Saint-Pierre Airport,50.281898,-63.611401,CA,Havre-Saint-Pierre,yes,CYGV,YGV,
CYHY,medium_airport,Hay River / Merlyn Carter Airport,60.8396987915,-115.782997131,CA,Hay River,yes,CYHY,YHY,
CYOJ,medium_airport,High Level Airport,58.62139892578125,-117.16500091552734,CA,High Level,yes,CYOJ,YOJ,
CYEV,medium_airport,Inuvik Mike Zubko Airport,68.30419921880001,-133.483001709,CA,Inuvik,yes,CYEV,YEV,
CYFB,medium_airport,Iqaluit Airport,63.756402,-68.555801,CA,Iqaluit,yes,CYFB,YFB,
CYIV,medium_airport,Island Lake Airport,53.857200622558594,-94.65360260009766,CA,Island Lake,yes,CYIV,YIV,
CYKA,medium_airport,Kamloops John Moose Fulton Field Regional Airport,50.703038,-120.448641,CA,Kamloops,yes,CYKA,YKA,
CYAQ,medium_airport,Kasabonika Airport,53.52470016479492,-88.6427993774414,CA,Kasabonika,yes,CYAQ,XKS,
CYQK,medium_airport,Kenora Airport,49.788299560546875,-94.36309814453125,CA,Kenora,yes,CYQK,YQK,
CYVP,medium_airport,Kuujjuaq Airport,58.096099853515625,-68.4269027709961,CA,Kuujjuaq,yes,CYVP,YVP,
CYGW,medium_airport,Kuujjuarapik Airport,55.281898498535156,-77.76529693603516,CA,Kuujjuarapik,yes,CYGW,YGW,
CYGL,medium_airport,La Grande Rivière Airport,53.625301361083984,-77.7042007446289,CA,La Grande Rivière,yes,CYGL,YGL,
CYVC,medium_airport,La Ronge Airport,55.151401519800004,-105.262001038,CA,La Ronge,yes,CYVC,YVC,
CYGR,medium_airport,Îles-de-la-Madeleine Airport,47.425242,-61.778612,CA,Les Îles-de-la-Madeleine,yes,CYGR,YGR,
CYQL,medium_airport,Lethbridge County Airport,49.6302986145,-112.800003052,CA,Lethbridge,yes,CYQL,YQL,
CYLL,medium_airport,Lloydminster Airport,53.3092,-110.072998,CA,Lloydminster,yes,CYLL,YLL,
CYXU,medium_airport,London International Airport,43.032845,-81.149003,CA,London,yes,CYXU,YXU,
CYYL,medium_airport,Lynn Lake Airport,56.86389923095703,-101.07599639892578,CA,Lynn Lake,yes,CYYL,YYL,
CZMT,medium_airport,Masset Airport,54.0275,-132.125,CA,Masset,yes,CZMT,ZMT,
CYXH,medium_airport,Medicine Hat Regional Airport,50.018902,-110.721001,CA,Medicine Hat,yes,CYXH,YXH,
CYQM,medium_airport,Greater Moncton Roméo LeBlanc International Airport,46.113189,-64.67719,CA,Moncton,yes,CYQM,YQM,
CYYY,medium_airport,Mont Joli Airport,48.60860061645508,-68.20809936523438,CA,Mont-Joli,yes,CYYY,YYY,
CYMX,medium_airport,Montreal Mirabel International Airport,45.679501,-74.038696,CA,Montréal,yes,CYMX,YMX,
CYHU,medium_airport,Montréal / Saint-Hubert Metropolitan Airport,45.517502,-73.416901,CA,Montréal,yes,CYHU,YHU,
CYMO,medium_airport,Moosonee Airport,51.291099548339844,-80.60780334472656,CA,Moosonee,yes,CYMO,YMO,
CYQN,medium_airport,Nakina Airport,50.18280029296875,-86.69640350341797,CA,Nakina,yes,CYQN,YQN,
CYCD,medium_airport,Nanaimo Airport,49.05497,-123.869863,CA,Nanaimo,yes,CYCD,YCD,
CYNA,medium_airport,Natashquan Airport,50.190114,-61.78898,CA,Natashquan,yes,CYNA,YNA,
CYSN,medium_airport,Niagara District Airport,43.191598,-79.171686,CA,Niagara-on-the-Lake,yes,CYSN,YCM,
CYVQ,medium_airport,Norman Wells Airport,65.28160095214844,-126.7979965209961,CA,Norman Wells,yes,CYVQ,YVQ,
CYYB,medium_airport,North Bay Jack Garland Airport,46.363602,-79.422798,CA,North Bay,yes,CYYB,YYB,
CYRO,medium_airport,Ottawa / Rockcliffe Airport,45.460496,-75.644001,CA,Ottawa,yes,CYRO,YRO,CYRO
CYPE,medium_airport,Peace River Airport,56.226898,-117.446999,CA,Peace River,yes,CYPE,YPE,
CYYF,medium_airport,Penticton Airport,49.46310043334961,-119.60199737548828,CA,Penticton,yes,CYYF,YYF,
CYPQ,medium_airport,Peterborough Regional Airport,44.232251,-78.362053,CA,Peterborough,yes,CYPQ,YPQ,
CYPL,medium_airport,Pickle Lake Airport,51.4463996887207,-90.21420288085938,CA,Pickle Lake,yes,CYPL,YPL,
CYNL,medium_airport,Points North Landing Airport,58.27669906616211,-104.08200073242188,CA,Points North Landing,yes,CYNL,YNL,
CYZT,medium_airport,Port Hardy Airport,50.680599212646484,-127.36699676513672,CA,Port Hardy,yes,CYZT,YZT,
CYPN,medium_airport,Port-Menier Airport,49.836399,-64.288597,CA,Port-Menier,yes,CYPN,YPN,
CYPW,medium_airport,Powell River Airport,49.83420181274414,-124.5,CA,Powell River,yes,CYPW,YPW,
CYPA,medium_airport,Prince Albert Glass Field,53.214199066199996,-105.672996521,CA,Prince Albert,yes,CYPA,YPA,
CYXS,medium_airport,Prince George (International) Airport,53.884311,-122.666554,CA,Prince George,yes,CYXS,YXS,
CYPR,medium_airport,Prince Rupert Airport,54.286098480199996,-130.445007324,CA,Prince Rupert,yes,CYPR,YPR,
CYPX,medium_airport,Puvirnituq Airport,60.050598,-77.286903,CA,Puvirnituq,yes,CYPX,YPX,
CAT4,medium_airport,Qualicum Beach Airport,49.337456,-124.393086,CA,Qualicum Beach,yes,CAT4,XQU,CAT4
CYQZ,medium_airport,Quesnel Airport,53.026100158691406,-122.51000213623047,CA,Quesnel,yes,CYQZ,YQZ,
CYRT,medium_airport,Rankin Inlet Airport,62.8114013672,-92.1157989502,CA,Rankin Inlet,yes,CYRT,YRT,
CYRL,medium_airport,Red Lake Airport,51.066898345947266,-93.79309844970703,CA,Red Lake,yes,CYRL,YRL,
CYQR,medium_airport,Regina International Airport,50.431938,-104.660906,CA,Regina,yes,CYQR,YQR,
CYRB,medium_airport,Resolute Bay Airport,74.7169036865,-94.9693984985,CA,Resolute Bay,yes,CYRB,YRB,
CYXK,medium_airport,Rimouski Airport,48.477644,-68.496323,CA,Rimouski,yes,CYXK,YXK,
CYRJ,medium_airport,Roberval Airport,48.519665,-72.265735,CA,Roberval,yes,CYRJ,YRJ,
CYUY,medium_airport,Rouyn Noranda Airport,48.20610046386719,-78.83560180664062,CA,Rouyn-Noranda,yes,CYUY,YUY,
CYBG,medium_airport,Saguenay-Bagotville Airport,48.330123,-70.992012,CA,Saguenay,yes,CYBG,YBG,
CYSJ,medium_airport,Saint John Airport,45.31610107421875,-65.89029693603516,CA,Saint John,yes,CYSJ,YSJ,
CYSL,medium_airport,Saint-Léonard Airport,47.157097,-67.836242,CA,Saint-Léonard,yes,CYSL,YSL,
CYZP,medium_airport,Sandspit Airport,53.25429916379999,-131.813995361,CA,Sandspit,yes,CYZP,YZP,
CZSJ,medium_airport,Sandy Lake Airport,53.06420135498047,-93.34439849853516,CA,Sandy Lake,yes,CZSJ,ZSJ,
CYUX,medium_airport,Hall Beach Airport,68.7761,-81.2425,CA,Sanirajak,yes,CYUX,YUX,
CYAM,medium_airport,Sault Ste Marie Airport,46.483216,-84.508467,CA,Sault Ste Marie,yes,CYAM,YAM,
CYKL,medium_airport,Schefferville Airport,54.805301666259766,-66.8052978515625,CA,Schefferville,yes,CYKL,YKL,
CYZV,medium_airport,Sept-Îles Airport,50.22330093383789,-66.2656021118164,CA,Sept-Îles,yes,CYZV,YZV,
CYXL,medium_airport,Sioux Lookout Airport,50.11389923095703,-91.9052963256836,CA,Sioux Lookout,yes,CYXL,YXL,
CYYD,medium_airport,Smithers Airport,54.82469940185547,-127.18299865722656,CA,Smithers,yes,CYYD,YYD,
CZBF,medium_airport,Bathurst Airport,47.6297,-65.738899,CA,South Tetagouche,yes,CZBF,ZBF,
CYIF,medium_airport,St Augustin Airport,51.2117,-58.658298,CA,St-Augustin,yes,CYIF,YIF,
CYAY,medium_airport,St. Anthony Airport,51.391909,-56.08321,CA,St. Anthony,yes,CYAY,YAY,
CYJT,medium_airport,Stephenville Dymond International Airport,48.54339,-58.552892,CA,Stephenville,yes,CYJT,YJT,
CYSF,medium_airport,Stony Rapids Airport,59.250301361083984,-105.84100341796875,CA,Stony Rapids,yes,CYSF,YSF,
CYSB,medium_airport,Sudbury Airport,46.625,-80.79889678955078,CA,Sudbury,yes,CYSB,YSB,
CYQY,medium_airport,Sydney / J.A. Douglas McCurdy Airport,46.161072,-60.049759,CA,Sydney,yes,CYQY,YQY,
CYXT,medium_airport,Northwest Regional Airport Terrace-Kitimat,54.468498,-128.576009,CA,Terrace,yes,CYXT,YXT,
CYQD,medium_airport,The Pas Airport,53.97140121459961,-101.09100341796875,CA,The Pas,yes,CYQD,YQD,
CYTH,medium_airport,Thompson Airport,55.80110168457031,-97.86419677734375,CA,Thompson,yes,CYTH,YTH,
CYQT,medium_airport,Thunder Bay International Airport,48.371899,-89.323898,CA,Thunder Bay,yes,CYQT,YQT,
CYTS,medium_airport,Timmins/Victor M. Power,48.569698333699996,-81.376701355,CA,Timmins,yes,CYTS,YTS,
CYAZ,medium_airport,Tofino / Long Beach Airport,49.079833,-125.775583,CA,Tofino,yes,CYAZ,YAZ,
CYTZ,medium_airport,Billy Bishop Toronto City Airport,43.627852,-79.39553,CA,Toronto,yes,CYTZ,YTZ,
CYVO,medium_airport,Val-d'Or Airport,48.0532989502,-77.7827987671,CA,Val-d'Or,yes,CYVO,YVO,
CYWK,medium_airport,Wabush Airport,52.92190170288086,-66.8644027709961,CA,Wabush,yes,CYWK,YWK,
CYQH,medium_airport,Watson Lake Airport,60.116839,-128.821993,CA,Watson Lake,yes,CYQH,YQH,
CYZU,medium_airport,Whitecourt Airport,54.143902,-115.787003,CA,Whitecourt,yes,CYZU,YZU,
CYXY,medium_airport,Whitehorse / Erik Nielsen International Airport,60.708533,-135.065705,CA,Whitehorse,yes,CYXY,YXY,
CYVV,medium_airport,Wiarton Airport,44.7458,-81.107201,CA,Wiarton,yes,CYVV,YVV,
CYWL,medium_airport,Williams Lake Airport,52.1831016541,-122.054000854,CA,Williams Lake,yes,CYWL,YWL,
CYQG,medium_airport,Windsor International Airport,42.2756,-82.955597,CA,Windsor,yes,CYQG,YQG,
CYZF,medium_airport,Yellowknife International Airport,62.462799,-114.440002,CA,Yellowknife,yes,CYZF,YZF,
FZBO,medium_airport,Bandundu Airport,-3.31132,17.381701,CD,Bandundu,yes,FZBO,FDU,
FZKA,medium_airport,Bunia Airport,1.565743,30.220685,CD,Bunia,yes,FZKA,BUX,
FZFD,medium_airport,Gbadolite Airport,4.252745,20.975271,CD,Gbadolite,yes,FZFD,BDT,
FZFK,medium_airport,Gemena Airport,3.23537,19.771299,CD,Gemena,yes,FZFK,GMA,
FZJH,medium_airport,Matari Airport,2.82761,27.588301,CD,Isiro,yes,FZJH,IRP,
FZRF,medium_airport,Kalemie Airport,-5.87556,29.25,CD,Kalemie,yes,FZRF,FMI,
FZUA,medium_airport,Kananga Airport,-5.90005,22.4692,CD,Kananga,yes,FZUA,KGA,
FZCA,medium_airport,Kikwit Airport,-5.03577,18.785601,CD,Kikwit,yes,FZCA,KKW,
FZOA,medium_airport,Kindu Airport,-2.91917991638,25.915399551399997,CD,Kindu,yes,FZOA,KND,
FZQM,medium_airport,Kolwezi Airport,-10.7659,25.505699,CD,Kolwezi,yes,FZQM,KWZ,
FZEA,medium_airport,Mbandaka Airport,0.0226000007242,18.2887001038,CD,Mbandaka,yes,FZEA,MDK,
FZWA,medium_airport,Mbuji Mayi Airport,-6.121240139010001,23.569000244099996,CD,Mbuji Mayi,yes,FZWA,MJM,
LSZA,medium_airport,Lugano Airport,46.004299,8.91058,CH,Agno,yes,LSZA,LUG,
LSZB,medium_airport,Bern Airport,46.912736,7.498819,CH,Bern,yes,LSZB,BRN,
LSZR,medium_airport,Sankt Gallen Altenrhein Airport,47.485001,9.56077,CH,St. Gallen,yes,LSZR,ACH,
DISP,medium_airport,San Pedro Airport,4.74672,-6.66082,CI,,yes,DISP,SPY,
DIBK,medium_airport,Bouaké Airport,7.7388,-5.07367,CI,Bouaké,yes,DIBK,BYK,
DIKO,medium_airport,Korhogo Airport,9.38718,-5.55666,CI,Korhogo,yes,DIKO,HGO,
SCAR,medium_airport,Chacalluta International Airport,-18.348499,-70.338699,CL,Arica,yes,SCAR,ARI,
SCBA,medium_airport,Balmaceda Airport,-45.915968,-71.689499,CL,Balmaceda,yes,SCBA,BBA,
SCCF,medium_airport,El Loa Airport,-22.498199,-68.903603,CL,Calama,yes,SCCF,CJC,
SCAT,medium_airport,Desierto de Atacama Airport,-27.2612,-70.779198,CL,Copiapo,yes,SCAT,CPO,
SCES,medium_airport,Ricardo García Posada Airport,-26.3111,-69.765198,CL,El Salvador,yes,SCES,ESR,
SCSE,medium_airport,La Florida Airport,-29.916201,-71.199501,CL,La Serena-Coquimbo,yes,SCSE,LSC,
SCJO,medium_airport,Cañal Bajo Carlos Hott Siebert Airport,-40.611198,-73.060997,CL,Osorno,yes,SCJO,ZOS,
SCNT,medium_airport,Lieutenant Julio Gallardo Airport,-51.67067,-72.529078,CL,Puerto Natales,yes,SCNT,PNT,
SCVD,medium_airport,Pichoy Airport,-39.6500015259,-73.0860977173,CL,Valdivia,yes,SCVD,ZAL,
FKKL,medium_airport,Salak Airport,10.451399803161621,14.257399559020996,CM,Maroua,yes,FKKL,MVR,
FKKN,medium_airport,N'Gaoundéré Airport,7.3570098876953125,13.559200286865234,CM,N'Gaoundéré,yes,FKKN,NGE,
ZWAK,medium_airport,Aksu Hongqipo Airport,41.262501,80.291702,CN,Aksu (Onsu),yes,ZWAK,AKU,
ZWAT,medium_airport,Altay Xuedu Airport,47.749886,88.085808,CN,Altay,yes,ZWAT,AAT,
ZSAQ,medium_airport,Anqing Tianzhushan Airport / Anqing North Air Base,30.582199,117.050003,CN,Anqing,yes,ZSAQ,AQG,
ZYAS,medium_airport,Anshan Teng'ao Airport / Anshan Air Base,41.105301,122.853996,CN,Anshan,yes,ZYAS,AOG,
ZUAS,medium_airport,Anshun Huangguoshu Airport,26.260556,105.873333,CN,Anshun (Xixiu),yes,ZUAS,AVA,
ZBES,medium_airport,Arxan Yi'ershi Airport,47.3106,119.9117,CN,Arxan,yes,ZBES,YIE,
ZYBA,medium_airport,Baicheng Chang'an Airport,45.505278,123.019722,CN,Baicheng,yes,ZYBA,DBC,
ZGBS,medium_airport,Baise (Bose) Bama Airport,23.7206,106.959999,CN,Baise (Tianyang),yes,ZGBS,AEB,
ZYBS,medium_airport,Changbaishan Airport,42.066944,127.602222,CN,Baishan,yes,ZYBS,NBS,
ZUBD,medium_airport,Qamdo Bangda Airport,30.553600311279297,97.1082992553711,CN,Bangda,yes,ZUBD,BPX,
ZPBS,medium_airport,Baoshan Yunrui Airport,25.053301,99.168297,CN,Baoshan (Longyang),yes,ZPBS,BSD,
ZUTC,medium_airport,Tengchong Tuofeng Airport,24.938056,98.485833,CN,Baoshan (Tengchong),yes,ZPTC,TCZ,
AXF,medium_airport,Alxa Left Banner Bayanhot Airport,38.748317,105.58416,CN,Bayanhot,yes,ZBAL,AXF,
ZBYZ,medium_airport,Bayannur Tianjitai Airport,40.926358,107.74093,CN,Bayannur,yes,ZBYZ,RLK,
CN-0062,medium_airport,Bazhong Enyang Airport,31.73842,106.644872,CN,Bazhong,yes,ZUBZ,BZX,BZX
ZGBH,medium_airport,Beihai Fucheng Airport,21.538659,109.293683,CN,Beihai,yes,ZGBH,BHY,
CN-0476,medium_airport,Bengbu Tenghu Airport,33.166292,117.058344,CN,Bengbu,yes,ZSBA,BFY,
ZUBJ,medium_airport,Bijie Feixiong Airport,27.267066,105.472097,CN,Bijie,yes,ZUBJ,BFJ,
ZWBL,medium_airport,Bole Alashankou Airport,44.895461,82.30007,CN,Bole,yes,ZWBL,BPL,
ZWKN,medium_airport,Burqin Kanas Airport,48.2223,86.9959,CN,Burqin,yes,ZWKN,KJI,
ZGCD,medium_airport,Changde Taohuayuan Airport,28.9189,111.639999,CN,Changde (Dingcheng),yes,ZGCD,CGD,
ZSCG,medium_airport,Changzhou Benniu International Airport,31.920485,119.77546,CN,Changzhou,yes,ZSCG,CZX,
ZBCD,medium_airport,Chengde Puning Airport,41.1225,118.073889,CN,Chengde,yes,ZBCD,CDE,
ZGCZ,medium_airport,Chenzhou Beihu Airport,25.753419,112.845404,CN,Chenzhou,yes,ZGCZ,HCZ,
ZBCF,medium_airport,Chifeng Yulong Airport,42.159723,118.840971,CN,Chifeng,yes,ZBCF,CIF,
ZPDL,medium_airport,Dali Fengyi Airport,25.649401,100.319,CN,Dali (Xiaguan),yes,ZPDL,DLU,
ZYDD,medium_airport,Dandong Langtou International Airport,40.025453,124.28669,CN,Dandong (Zhenxing),yes,ZYDD,DDG,
ZUDA,medium_airport,Dazhou Jinya Airport,31.048815,107.435646,CN,Dazhou (Dachuan),yes,ZUDA,DZH,
ZPMS,medium_airport,Dehong Mangshi International Airport,24.4011,98.5317,CN,Dehong (Mangshi),yes,ZPMS,LUM,
ZLDL,medium_airport,Haixi Delingha Airport,37.125286,97.268658,CN,Delingha,yes,ZLDL,HXD,
ZPDQ,medium_airport,Diqing Shangri-La Airport,27.7936,99.6772,CN,Diqing (Shangri-La),yes,ZPDQ,DIG,
ZSDY,medium_airport,Dongying Shengli Airport,37.50137,118.789863,CN,Dongying (Kenli),yes,ZSDY,DOY,
ZHES,medium_airport,Enshi Xujiaping Airport,30.320299,109.485001,CN,Enshi (Enshi),yes,ZHES,ENH,
ZBER,medium_airport,Erenhot Saiwusu International Airport,43.424079,112.091081,CN,Erenhot,yes,ZBER,ERL,
ZGFS,medium_airport,Foshan Shadi Airport,23.0825,113.070833,CN,Foshan (Nanhai),yes,ZGFS,FUO,
ZYFY,medium_airport,Fuyuan Dongji Airport,48.197219,134.36298,CN,Fuyuan,yes,ZYFY,FYJ,
ZWFY,medium_airport,Fuyun Koktokay Airport,46.804169,89.512006,CN,Fuyun,yes,ZWFY,FYN,
ZLXH,medium_airport,Gannan Xiahe Airport,34.819014,102.622261,CN,Gannan (Xiahe),yes,ZLXH,GXH,
ZUDC,medium_airport,Daocheng Yading Airport,29.31632,100.060317,CN,Garzê (Daocheng),yes,ZUDC,DCY,
ZUKD,medium_airport,Kangding Airport,30.142464,101.73872,CN,Garzê (Kangding),yes,ZUKD,KGT,
ZLGM,medium_airport,Golmud Airport,36.4006,94.786102,CN,Golmud,yes,ZLGM,GOQ,
ZLGL,medium_airport,Golog Maqên Airport,34.418066,100.301144,CN,Golog (Maqên),yes,ZLGL,GMQ,
ZUGU,medium_airport,Guangyuan Panlong Airport,32.390254,105.694571,CN,Guangyuan (Lizhou),yes,ZUGU,GYS,
ZLGY,medium_airport,Guyuan Liupanshan Airport,36.078889,106.216944,CN,Guyuan (Yuanzhou),yes,ZLGY,GYU,
ZWHM,medium_airport,Hami Airport,42.8414,93.669197,CN,Hami,yes,ZWHM,HMI,
ZBHD,medium_airport,Handan Airport,36.524824,114.424126,CN,Handan,yes,ZBHD,HDG,
ZLHZ,medium_airport,Hanzhong Chenggu Airport,33.133527,107.203817,CN,Hanzhong (Chenggu),yes,ZLHZ,HZG,
ZGHC,medium_airport,Hechi Jinchengjiang Airport,24.804344,107.710819,CN,Hechi (Jinchengjiang),yes,ZGHC,HCJ,
ZYHE,medium_airport,Heihe Aihui Airport,50.171621,127.308884,CN,Heihe,yes,ZYHE,HEK,
ZYDU,medium_airport,Wudalianchi Dedu Airport,48.441037,126.128374,CN,Heihe,yes,ZYDU,DTU,
ZSHZ,medium_airport,Heze Mudan Airport,35.212972,115.736748,CN,Heze (Dingtao),yes,ZSHZ,HZA,
ZBHZ,medium_airport,Holingol Huolinhe Airport,45.487222,119.407222,CN,Holingol,yes,ZBHZ,HUO,
ZWTN,medium_airport,Hotan Airport,37.03850173950195,79.86489868164062,CN,Hotan,yes,ZWTN,HTN,
ZGCJ,medium_airport,Huaihua Zhijiang Airport,27.443087,109.704666,CN,Huaihua,yes,ZGCJ,HJJ,
ZGHZ,medium_airport,Huizhou Pingtan Airport,23.049999,114.599998,CN,Huizhou (Pingtan),yes,ZGHZ,HUZ,
ZWYN,medium_airport,Ili Yining International Airport,43.955799,81.330299,CN,Ili (Yining / Ghulja),yes,ZWYN,YIN,
CN-0081,medium_airport,Jinggangshan Airport,26.856899,114.737,CN,Ji'an,yes,ZSGS,JGS,
ZYJD,medium_airport,Daxing'anling Elunchun Airport,50.371389,124.1175,CN,Jiagedaqi,yes,ZYJD,JGD,
ZYJM,medium_airport,Jiamusi Songjiang International Airport,46.842793,130.46426,CN,Jiamusi,yes,ZYJM,JMU,
ZYJS,medium_airport,Jiansanjiang Shidi Airport,47.108248,132.65792,CN,Jiansanjiang,yes,ZYJS,JSJ,
ZLJC,medium_airport,Jinchang Jinchuan Airport,38.542222,102.348333,CN,Jinchang,yes,ZLJC,JIC,
ZSJD,medium_airport,Jingdezhen Luojia Airport,29.3386,117.176003,CN,Jingdezhen,yes,ZSJD,JDZ,
ZHJZ,medium_airport,Jingzhou Shashi Airport,30.29281,112.44854,CN,Jingzhou (Shashi),yes,ZHJZ,SHS,SHS
ZSJG,medium_airport,Jining Da'an Airport,35.647358,116.743269,CN,Jining,yes,ZSJG,JNG,
ZYJZ,medium_airport,Jinzhou Bay Airport,40.936032,121.277114,CN,Jinzhou (Linghai),yes,ZYJZ,JNZ,
ZYJX,medium_airport,Jixi Xingkaihu Airport,45.293,131.193,CN,Jixi,yes,ZYJX,JXA,
ZUKJ,medium_airport,Kaili Huangping Airport,26.972,107.988,CN,Kaili  (Huangping),yes,ZUKJ,KJH,
ZWKL,medium_airport,Korla Licheng Airport,41.614979,86.140817,CN,Korla,yes,ZWKL,KRL,
ZUXC,medium_airport,Xichang Qingshan Airport,27.9891,102.183998,CN,Liangshan (Xichang),yes,ZUXC,XIC,
ZPLC,medium_airport,Lincang Boshang Airport,23.7381,100.025002,CN,Lincang,yes,ZPLC,LNJ,
ZPCW,medium_airport,Cangyuan Washan Airport,23.276331,99.373169,CN,Lincang (Cangyuan),yes,ZPCW,CWJ,
ZBLF,medium_airport,Linfen Yaodu Airport,36.132629,111.641236,CN,Linfen (Yaodu),yes,ZBLF,LFQ,
ZSLY,medium_airport,Linyi Qiyang Airport,35.052918,118.411828,CN,Linyi (Hedong),yes,ZSLY,LYI,
ZUNP,medium_airport,Liping Airport,26.32217,109.1499,CN,Liping,yes,ZUNP,HZH,
ZUPS,medium_airport,Liupanshui Yuezhao Airport,26.609417,104.979,CN,Liupanshui (Zhongshan),yes,ZUPS,LPF,
ZGZH,medium_airport,Liuzhou Bailian Airport / Bailian Air Base,24.2075,109.390999,CN,Liuzhou (Liujiang),yes,ZGZH,LZH,
ZLLN,medium_airport,Longnan Chengzhou Airport,33.789918,105.790014,CN,Longnan (Cheng),yes,ZLLN,LNL,
ZSLO,medium_airport,Liancheng Guanzhishan Airport,25.67592,116.745907,CN,Longyan (Liancheng),yes,ZSLO,LCX,
ZULZ,medium_airport,Luzhou Yunlong Airport,29.030357,105.468407,CN,Luzhou (Yunlong),yes,ZULZ,LZO,
ZBLL,medium_airport,Lüliang Dawu Airport,37.683333,111.142778,CN,Lüliang,yes,ZBLL,LLV,
ZBMZ,medium_airport,Manzhouli Xijiao Airport,49.566667,117.33,CN,Manzhouli,yes,ZBMZ,NZH,
ZLHX,medium_airport,Huatugou Airport,38.201645,90.837843,CN,Mengnai,yes,ZLHX,HTT,
ZUMY,medium_airport,Mianyang Nanjiao Airport,31.428101,104.740997,CN,Mianyang (Fucheng),yes,ZUMY,MIG,
ZYMH,medium_airport,Mohe Gulian Airport,52.916871,122.422759,CN,Mohe,yes,ZYMH,OHE,
ZYMD,medium_airport,Mudanjiang Hailang International Airport,44.525172,129.568634,CN,Mudanjiang,yes,ZYMD,MDG,
LZG,medium_airport,Langzhong Gucheng Airport,31.50191,106.034417,CN,Nanchong (Langzhong),yes,ZULA,LZG,
ZSNT,medium_airport,Nantong Xingdong International Airport,32.073566,120.980076,CN,Nantong (Tongzhou),yes,ZSNT,NTG,
ZUJZ,medium_airport,Jiuzhai Huanglong Airport,32.853333,103.682222,CN,Ngawa (Songpan),yes,ZUJZ,JZH,
NLH,medium_airport,Ninglang Luguhu Airport,27.5403,100.7593,CN,Ninglang,yes,ZPNL,NLH,
ZUNZ,medium_airport,Nyingchi Mainling Airport,29.303301,94.335297,CN,Nyingchi (Mainling),yes,ZUNZ,LZY,
ZUZH,medium_airport,Panzhihua Bao'anying Airport,26.54,101.79852,CN,Panzhihua (Renhe),yes,ZUZH,PZI,
ZPJM,medium_airport,Lancang Jingmai Airport,22.417733,99.784012,CN,Pu'er (Lancang),yes,ZPJM,JMJ,
ZYSQ,medium_airport,Songyuan Chaganhu Airport,44.931143,124.552121,CN,Qian Gorlos Mongol Autonomous County,yes,ZYSQ,YSQ,
ZUQJ,medium_airport,Qianjiang Wulingshan Airport,29.5133333333,108.831111111,CN,Qianjiang,yes,ZUQJ,JIQ,
ZWCM,medium_airport,Qiemo Yudu Airport,38.234516,85.465462,CN,Qiemo,yes,ZWCM,IQM,
ZLQY,medium_airport,Qingyang Xifeng Airport,35.802638,107.598896,CN,Qingyang (Xifeng),yes,ZLQY,IQN,
ZBDH,medium_airport,Qinhuangdao Beidaihe Airport,39.666384,119.061384,CN,Qinhuangdao (Changli),yes,ZBDH,BPE,
ZJQH,medium_airport,Qionghai Bo'ao Airport,19.140951,110.452766,CN,Qionghai (Basuo),yes,ZJQH,BAR,
ZSJU,medium_airport,Quzhou Airport,28.96613,118.898793,CN,Quzhou (Kezheng),yes,ZSJU,JUZ,
ZSRZ,medium_airport,Rizhao Shanzihe Airport,35.405033,119.324403,CN,Rizhao (Donggang),yes,ZSRZ,RIZ,
ZWRQ,medium_airport,Ruoqiang Loulan Airport,38.974722,88.008333,CN,Ruoqiang Town,yes,ZWRQ,RQA,
ZSSM,medium_airport,Sanming Shaxian Airport,26.4263,117.8336,CN,Sanming (Sha),yes,ZSSM,SQJ,
ZWSC,medium_airport,Shache Airport,38.24542,77.056149,CN,Shache,yes,ZWSC,QSZ,
ZSSR,medium_airport,Shangrao Sanqingshan Airport,28.3797,117.9643,CN,Shangrao (Hengfeng),yes,ZSSR,SQD,
CN-0079,medium_airport,Shaoguan Danxia Airport,24.9786,113.420998,CN,Shaoguan,yes,ZGSG,HSC,
ZGSY,medium_airport,Shaoyang Wugang Airport,26.806123,110.641042,CN,Shaoyang (Wugang),yes,ZGSY,WGN,
ZHSN,medium_airport,Shennongjia Hongping Airport,31.626,110.34,CN,Shennongjia (Hongping),yes,ZHSN,HPG,
ZUAL,medium_airport,Ngari Gunsa Airport,32.09794,80.053971,CN,Shiquanhe,yes,ZUAL,NGQ,
ZHSY,medium_airport,Shiyan Wudangshan Airport,32.592889,110.906296,CN,Shiyan (Maojian),yes,ZHSY,WDS,
ZYCY,medium_airport,Chaoyang Airport,41.538101,120.434998,CN,"Shuangta, Chaoyang",yes,ZYCY,CHG,
ZBSG,medium_airport,Shuozhou Zirun Airport,39.273241,112.691552,CN,Shuozhou,yes,ZBSG,SZH,
ZSLQ,medium_airport,Taizhou Luqiao Airport,28.562201,121.429001,CN,Taizhou (Luqiao),yes,ZSLQ,HYN,
ZGWZ,medium_airport,Wuzhou Xijiang Airport,23.40316,111.09331,CN,Tangbu,yes,ZGWZ,WUZ,WUZ
CN-0237,medium_airport,Tashikuergan Hongqilafu Airport,37.661333,75.288877,CN,Tashikuergan,yes,ZWTK,HQL,
ZLTS,medium_airport,Tianshui Maijishan Airport,34.5601,105.860343,CN,Tianshui (Maiji),yes,ZLTS,THQ,
ZYTN,medium_airport,Tonghua Sanyuanpu Airport,42.048435,125.733963,CN,Tonghua,yes,ZYTN,TNH,
ZBTL,medium_airport,Tongliao Airport,43.556702,122.199997,CN,Tongliao,yes,ZBTL,TGO,
ZUTR,medium_airport,Tongren Fenghuang Airport,27.883333,109.308889,CN,Tongren (Daxing),yes,ZUTR,TEN,
ZWTL,medium_airport,Turpan Jiaohe Airport,43.0308,89.0987,CN,Turpan,yes,ZWTL,TLQ,
ZBUC,medium_airport,Ulanqab Jining Airport,41.130266,113.107274,CN,Ulanqab,yes,ZBUC,UCB,
ZSWF,medium_airport,Weifang Nanyuan Airport,36.646702,119.119003,CN,Weifang (Kuiwen),yes,ZSWF,WEF,
ZSWH,medium_airport,Weihai Dashuibo Airport,37.187099,122.228996,CN,Weihai,yes,ZSWH,WEH,
ZBUH,medium_airport,Wuhai Airport,39.7934,106.7993,CN,Wuhai,yes,ZBUH,WUA,
ZSWA,medium_airport,Wuhu Xuanzhou Airport,31.1045,118.66687,CN,Wuhu,yes,ZSWA,WHA,WHA
ZUWL,medium_airport,Chongqing Xiannüshan Airport,29.465658,107.693664,CN,Wulong,yes,ZUWL,CQW,
ZSWY,medium_airport,Nanping Wuyishan Airport,27.7019,118.000999,CN,Wuyishan,yes,ZSWY,WUS,
ZHXF,medium_airport,Xiangyang Liuji Airport,32.152222,112.291666,CN,Xiangyang (Xiangzhou),yes,ZHXF,XFN,
CN-0236,medium_airport,Shigatse Tingri Airport,28.604567,86.798,CN,Xigazê (Dingri),yes,ZUDR,DDR,
ZBXH,medium_airport,Xilinhot Airport,43.91559982299805,115.96399688720703,CN,Xilinhot,yes,ZBXH,XIL,
ZUYI,medium_airport,Xingyi Wanfenglin Airport,25.083423,104.960804,CN,Xingyi,yes,ZUYI,ACX,
ZHXY,medium_airport,Xinyang Minggang Airport,32.540819,114.079141,CN,Xinyang,yes,ZHXY,XAI,
ZWNL,medium_airport,Xinyuan Nalati Airport,43.4318,83.3786,CN,Xinyuan,yes,ZWNL,NLT,
CN-0154,medium_airport,Jiaxing Nanhu Airport,30.698056,120.663056,CN,"Xiuzhou, Hangzhou",yes,ZSJX,JNH,
ZSXZ,medium_airport,Xuzhou Guanyin International Airport,34.059056,117.555278,CN,Xuzhou,yes,ZSXZ,XUZ,
ZLYA,medium_airport,Yan'an Nanniwan Airport,36.479413,109.464083,CN,Yan'an (Baota),yes,ZLYA,ENY,ENY
ZSYA,medium_airport,Yangzhou Taizhou Airport,32.5634,119.7198,CN,Yangzhou,yes,ZSYA,YTY,
ZYYJ,medium_airport,Yanji Chaoyangchuan Airport,42.8828010559,129.451004028,CN,Yanji,yes,ZYYJ,YNJ,
ZUYB,medium_airport,Yibin Wuliangye Airport,28.858431,104.526157,CN,Yibin (Cuiping),yes,ZUYB,YBP,YBP
ZHYC,medium_airport,Yichang Sanxia Airport,30.554132,111.482563,CN,Yichang (Xiaoting),yes,ZHYC,YIH,
ZYLD,medium_airport,Yichun Lindu Airport,47.752056,129.019125,CN,Yichun,yes,ZYLD,LDS,
ZSYC,medium_airport,Yichun Mingyueshan Airport,27.8025,114.3062,CN,Yichun,yes,ZSYC,YIC,
ZYYK,medium_airport,Yingkou Lanqi Airport,40.542524,122.3586,CN,Yingkou (Laobian),yes,ZYYK,YKH,
ZSFY,medium_airport,Fuyang Xiguan Airport,32.882157,115.734364,CN,"Yingzhou, Fuyang",yes,ZSFY,FUG,
ZGLG,medium_airport,Yongzhou Lingling Airport,26.338661,111.610043,CN,Yongzhou,yes,ZGLG,LLF,
ZGYY,medium_airport,Yueyang Sanhe Airport,29.311699,113.281574,CN,Yueyang (Yueyanglou),yes,ZGYY,YYA,YYA
ZGYL,medium_airport,Yulin Fumian Airport,22.433042,110.119996,CN,Yulin,yes,ZGYL,YLX,
ZLYL,medium_airport,Yulin Yuyang Airport,38.35971,109.590927,CN,Yulin,yes,ZLYL,UYN,
ZLYS,medium_airport,Yushu Batang Airport,32.836389,97.036389,CN,Yushu (Batang),yes,ZLYS,YUS,
ZBZL,medium_airport,Zhalantun Genghis Khan Airport,47.865942,122.768662,CN,Zhalantun,yes,ZBZL,NZL,
ZBZJ,medium_airport,Zhangjiakou Ningyuan Airport,40.738664,114.933395,CN,Zhangjiakou,yes,ZBZJ,ZQZ,
ZLZY,medium_airport,Zhangye Ganzhou Airport,38.801899,100.675003,CN,Zhangye (Ganzhou),yes,ZLZY,YZY,
ZLZW,medium_airport,Zhongwei Shapotou Airport,37.573125,105.154454,CN,Zhongwei (Shapotou),yes,ZLZW,ZHY,
ZUMT,medium_airport,Zunyi Maotai Airport,27.961837,106.435416,CN,Zunyi,yes,ZUMT,WMT,
ZUZY,medium_airport,Zunyi Xinzhou Airport,27.810723,107.247189,CN,Zunyi,yes,ZUZY,ZYI,
SKUC,medium_airport,Santiago Perez Airport,7.06888,-70.7369,CO,Arauca,yes,SKUC,AUC,AUC
SKAR,medium_airport,El Eden Airport,4.45278,-75.7664,CO,Armenia,yes,SKAR,AXM,AXM
SKBS,medium_airport,José Celestino Mutis Airport,6.20292,-77.3947,CO,Bahía Solano,yes,SKBS,BSC,BSC
SKEJ,medium_airport,Yariguíes Airport,7.02433,-73.8068,CO,Barrancabermeja,yes,SKEJ,EJA,EJA
SKBG,medium_airport,Palonegro Airport,7.1265,-73.1848,CO,Bucaramanga,yes,SKBG,BGA,BGA
SKBU,medium_airport,Gerardo Tobar López Airport,3.81963,-76.9898,CO,Buenaventura,yes,SKBU,BUN,BUN
SKLC,medium_airport,Antonio Roldán Betancur Airport,7.81196,-76.7164,CO,Carepa,yes,SKLC,APO,APO
SKPS,medium_airport,Antonio Nariño Airport,1.396722,-77.29093,CO,Chachagüí,yes,SKPS,PSO,PSO
SKCZ,medium_airport,Las Brujas Airport,9.33274,-75.2856,CO,Corozal,yes,SKCZ,CZU,CZU
SKCC,medium_airport,Camilo Daza International Airport,7.92757,-72.5115,CO,Cúcuta,yes,SKCC,CUC,CUC
SKFL,medium_airport,Gustavo Artunduaga Paredes Airport,1.58919,-75.5644,CO,Florencia,yes,SKFL,FLA,FLA
SKGP,medium_airport,Guapi Airport,2.57013,-77.897969,CO,Guapi,yes,SKGP,GPI,GPI
SKIB,medium_airport,Perales Airport,4.42161,-75.1333,CO,Ibagué,yes,SKIB,IBE,IBE
SKIP,medium_airport,San Luis Airport,0.861946,-77.671783,CO,Ipiales,yes,SKIP,IPI,IPI
SKLT,medium_airport,Alfredo Vásquez Cobo International Airport,-4.191147,-69.942003,CO,Leticia,yes,SKLT,LET,LET
SKMZ,medium_airport,La Nubia Airport,5.0296,-75.4647,CO,Manizales,yes,SKMZ,MZL,MZL
SKMD,medium_airport,Enrique Olaya Herrera Airport,6.219686,-75.590597,CO,Medellín,yes,SKMD,EOH,EOH
SKMU,medium_airport,Fabio Alberto Leon Bentley Airport,1.25366,-70.2339,CO,Mitú,yes,SKMU,MVP,MVP
SKMR,medium_airport,Los Garzones Airport,8.82374,-75.8258,CO,Montería,yes,SKMR,MTR,MTR
SKNV,medium_airport,Benito Salas Airport,2.95015,-75.294,CO,Neiva,yes,SKNV,NVA,NVA
SKPE,medium_airport,Matecaña International Airport,4.81267,-75.7395,CO,Pereira,yes,SKPE,PEI,PEI
SKPP,medium_airport,Guillermo León Valencia Airport,2.454359,-76.609253,CO,Popayán,yes,SKPP,PPN,PPN
SKPV,medium_airport,El Embrujo Airport,13.357461,-81.357977,CO,Providencia,yes,SKPV,PVA,PVA
SKAS,medium_airport,Tres De Mayo Airport,0.505228,-76.5008,CO,Puerto Asís,yes,SKAS,PUU,PUU
SKPC,medium_airport,German Olano Airport,6.18472,-67.4932,CO,Puerto Carreño,yes,SKPC,PCR,PCR
SKPD,medium_airport,Obando Cesar Gaviria Trujillo Airport,3.85353,-67.9062,CO,Puerto Inírida,yes,SKPD,PDA,PDA
SKUI,medium_airport,El Caraño Airport,5.69076,-76.6412,CO,Quibdó,yes,SKUI,UIB,UIB
SKRH,medium_airport,Almirante Padilla Airport,11.5262,-72.926,CO,Riohacha,yes,SKRH,RCH,RCH
SKSJ,medium_airport,Jorge E. Gonzalez Torres Airport,2.57969,-72.6394,CO,San José Del Guaviare,yes,SKSJ,SJE,SJE
SKSV,medium_airport,Eduardo Falla Solano Airport,2.15217,-74.7663,CO,San Vicente Del Caguán,yes,SKSV,SVI,SVI
SKSM,medium_airport,Simón Bolívar International Airport,11.1196,-74.2306,CO,Santa Marta,yes,SKSM,SMR,SMR
SKTM,medium_airport,Gustavo Vargas Airport,6.45108,-71.7603,CO,Tame,yes,SKTM,TME,TME
SKCO,medium_airport,La Florida Airport,1.81442,-78.7492,CO,Tumaco,yes,SKCO,TCO,TCO
SKVP,medium_airport,Alfonso López Pumarejo Airport,10.435,-73.2495,CO,Valledupar,yes,SKVP,VUP,VUP
SKVV,medium_airport,Vanguardia Airport,4.16787,-73.6138,CO,Villavicencio,yes,SKVV,VVC,VVC
SKYP,medium_airport,El Alcaravan - Yopal Airport,5.31911,-72.384,CO,Yopal,yes,SKYP,EYP,EYP
MRGF,medium_airport,Golfito Airport,8.65401,-83.182198,CR,Golfito,yes,MRGF,GLF,
MRAN,medium_airport,La Fortuna Arenal Airport,10.469311,-84.579073,CR,La Fortuna,yes,MRAN,FON,
MRLM,medium_airport,Limón International Airport,9.95796,-83.022003,CR,Limón,yes,MRLM,LIO,
MRNS,medium_airport,Nosara Airport,9.976490020750001,-85.65299987790002,CR,Nicoya,yes,MRNS,NOB,
MRPJ,medium_airport,Puerto Jimenez Airport,8.533329963684082,-83.30000305175781,CR,Puerto Jimenez,yes,MRPJ,PJM,
MRQP,medium_airport,Quepos Managua Airport,9.44316,-84.129799,CR,Quepos,yes,MRQP,XQP,
MRPV,medium_airport,Tobías Bolaños International Airport,9.95705,-84.139801,CR,San Jose,yes,MRPV,SYQ,
MUBA,medium_airport,Gustavo Rizo Airport,20.365299224853516,-74.5062026977539,CU,Baracoa,yes,MUBA,BCA,
MUBY,medium_airport,Carlos Manuel de Cespedes Airport,20.3964,-76.621399,CU,Bayamo,yes,MUBY,BYM,
MUCC,medium_airport,Jardines Del Rey Airport,22.461000442499998,-78.32839965820001,CU,Cayo Coco,yes,MUCC,CCC,
MUCL,medium_airport,Vilo Acuña International Airport,21.6165008545,-81.5459976196,CU,Cayo Largo del Sur,yes,MUCL,CYO,
MUCF,medium_airport,Jaime Gonzalez Airport,22.149999618530273,-80.41419982910156,CU,Cienfuegos,yes,MUCF,CFG,
MUVT,medium_airport,Hermanos Ameijeiras Airport,20.9876,-76.935799,CU,Las Tunas,yes,MUVT,VTU,
MUMZ,medium_airport,Sierra Maestra International Airport,20.288605,-77.087545,CU,Manzanillo,yes,MUMZ,MZO,
MUNG,medium_airport,Rafael Cabrera Airport,21.834699630737305,-82.78379821777344,CU,Nueva Gerona,yes,MUNG,GER,
MUTD,medium_airport,Alberto Delgado Airport,21.7883,-79.9972,CU,Trinidad,yes,MUTD,TND,
GVSN,medium_airport,Preguiça Airport,16.588852,-24.284132,CV,Preguiça,yes,GVSN,SNE,
GVMA,medium_airport,Maio Airport,15.155900001525879,-23.213699340820312,CV,Vila do Maio,yes,GVMA,MMO,
YPXM,medium_airport,Christmas Island International Airport,-10.450387,105.6911,CX,Flying Fish Cove,yes,YPXM,XCH,
LCGK,medium_airport,Lefkoniko Airport / Geçitkale Air Base,35.23591,33.720088,CY,Lefkoniko (Geçitkale),yes,LCGK,GEC,
LKTB,medium_airport,Brno-Tuřany Airport,49.151276,16.693972,CZ,Brno,yes,LKTB,BRQ,
ETNL,medium_airport,Rostock-Laage Airport,53.918201,12.2783,DE,Laage,yes,ETNL,RLG,
EDHL,medium_airport,Lübeck Blankensee Airport,53.805401,10.7192,DE,Lübeck,yes,EDHL,LBC,
EDFM,medium_airport,Mannheim-City Airport,49.473057,8.514167,DE,Mannheim,yes,EDFM,MHG,
EDDR,medium_airport,Saarbrücken Airport,49.214545,7.109735,DE,Saarbrücken,yes,EDDR,SCN,
EDXW,medium_airport,Westerland Sylt Airport,54.9132,8.34047,DE,Sylt,yes,EDXW,GWT,
ETMN,medium_airport,Sea-Airport Cuxhaven/Nordholz / Nordholz Naval Airbase,53.767689,8.659201,DE,Wurster Nordseeküste,yes,ETMN,FCN,
EDAH,medium_airport,Heringsdorf Airport,53.8787,14.1523,DE,Zirchow,yes,EDAH,HDF,
EKEB,medium_airport,Esbjerg Airport,55.525902,8.5534,DK,Esbjerg,yes,EKEB,EBJ,
EKKA,medium_airport,Midtjyllands Airport / Air Base Karup,56.297139,9.104311,DK,Karup,yes,EKKA,KRP,
EKRK,medium_airport,Copenhagen Roskilde Airport,55.585602,12.1314,DK,Roskilde,yes,EKRK,RKE,
EKRN,medium_airport,Bornholm Airport,55.063301,14.7596,DK,Rønne,yes,EKRN,RNN,
EKSB,medium_airport,Sønderborg Airport,54.96440124511719,9.791729927062988,DK,Sønderborg,yes,EKSB,SGD,
TDCF,medium_airport,Canefield Airport,15.336693,-61.392108,DM,Canefield,yes,TDCF,DCF,
TDPD,medium_airport,Douglas-Charles Airport,15.546673,-61.301082,DM,Marigot,yes,TDPD,DOM,
MDBH,medium_airport,Maria Montez International Airport,18.25149917602539,-71.12039947509766,DO,Barahona,yes,MDBH,BRX,
MDJB,medium_airport,La Isabela International Airport,18.572500228881836,-69.98560333251953,DO,La Isabela,yes,MDJB,JBQ,
MDPP,medium_airport,Gregorio Luperon International Airport,19.7579,-70.57,DO,Puerto Plata,yes,MDPP,POP,
MDCY,medium_airport,Samaná El Catey International Airport,19.269259,-69.737405,DO,Samana,yes,MDCY,AZS,
DAUA,medium_airport,Touat-Cheikh Sidi Mohamed Belkebir Airport,27.837601,-0.186414,DZ,Adrar,yes,DAUA,AZR,
DATM,medium_airport,Bordj Badji Mokhtar Airport,21.3778,0.92698,DZ,Bordj Badji Mokhtar,yes,DATM,BMW,
DAOR,medium_airport,Béchar Boudghene Ben Ali Lotfi Airport,31.645700454711914,-2.269860029220581,DZ,Béchar,yes,DAOR,CBH,
DAUG,medium_airport,Noumérat - Moufdi Zakaria Airport,32.384102,3.79411,DZ,El Atteuf,yes,DAUG,GHA,
DAUE,medium_airport,El Golea Airport,30.580732,2.861595,DZ,El Menia,yes,DAUE,ELG,
DAUO,medium_airport,Guemar Airport - مطار قمار بالوادي,33.511398,6.77679,DZ,Guemar,yes,DAUO,ELU,
DAUH,medium_airport,Hassi Messaoud-Oued Irara Krim Belkacem Airport,31.673,6.14044,DZ,Hassi Messaoud,yes,DAUH,HME,
DAAP,medium_airport,Illizi Takhamalt Airport,26.723499,8.62265,DZ,Illizi,yes,DAAP,VVZ,
DAUZ,medium_airport,Zarzaitine - In Aménas Airport,28.0515,9.64291,DZ,In Aménas,yes,DAUZ,IAM,
DAUI,medium_airport,In Salah Airport,27.250999,2.51202,DZ,In Salah,yes,DAUI,INZ,
DAUU,medium_airport,Ain Beida Airport,31.9172,5.41278,DZ,Ouargla,yes,DAUU,OGX,
DAAS,medium_airport,Ain Arnat Airport,36.178488,5.329909,DZ,Sétif,yes,DAAS,QSF,
DAUT,medium_airport,Timimoun Airport,29.237101,0.276033,DZ,Timimoun,yes,DAUT,TMX,
DAOF,medium_airport,Tindouf Airport,27.7003993988,-8.167099952700001,DZ,Tindouf,yes,DAOF,TIN,
DAUK,medium_airport,Touggourt Sidi Madhi Airport,33.067799,6.08867,DZ,Touggourt,yes,DAUK,TGR,
DABS,medium_airport,Cheikh Larbi Tébessi Airport,35.4315986633,8.12071990967,DZ,Tébessi,yes,DABS,TEE,
SECO,medium_airport,Francisco De Orellana Airport,-0.462886,-76.986801,EC,Coca,yes,SECO,OCC,
SECU,medium_airport,Mariscal Lamar Airport,-2.88947,-78.984398,EC,Cuenca,yes,SECU,CUE,
SEGS,medium_airport,Seymour Galapagos Ecological Airport,-0.453758,-90.2659,EC,Isla Baltra,yes,SEGS,GPS,
SELT,medium_airport,Cotopaxi International Airport,-0.906833,-78.615799,EC,Latacunga,yes,SELT,LTX,
SEMC,medium_airport,Coronel E Carvajal Airport,-2.2991700172424316,-78.12079620361328,EC,Macas,yes,SEMC,XMS,
SEMT,medium_airport,Eloy Alfaro International Airport,-0.9460780024528503,-80.67880249023438,EC,Manta,yes,SEMT,MEC,
SERO,medium_airport,Santa Rosa - Artillery Colonel Victor Larrea International Airport,-3.441986,-79.996957,EC,Santa Rosa,yes,SERO,ETR,
SETU,medium_airport,Lieutenant Colonel Luis A. Mantilla International Airport,0.809506,-77.708099,EC,Tulcán,yes,SETU,TUA,
EEKE,medium_airport,Kuressaare Airport,58.22990036010742,22.50950050354004,EE,Kuressaare,yes,EEKE,URE,
EEKA,medium_airport,Kärdla Airport,58.99079895019531,22.830699920654297,EE,Kärdla,yes,EEKA,KDL,
EEPU,medium_airport,Pärnu Airport,58.41899871826172,24.47279930114746,EE,Pärnu,yes,EEPU,EPU,
EETU,medium_airport,Tartu Airport,58.307438,26.686473,EE,Tartu,yes,EETU,TAY,
HEBL,medium_airport,Abu Simbel Airport,22.375924,31.611734,EG,Abu Simbel,yes,HEBL,ABS,
HECP,medium_airport,Capital International Airport,30.06465,31.839974,EG,New Cairo,yes,HECP,CCE,
HETB,medium_airport,Taba International Airport,29.594496,34.775752,EG,Taba,yes,HETB,TCP,
GMMA,medium_airport,Smara Airport,26.731987,-11.683655,EH,Smara,yes,GMMA,SMW,
HHAS,medium_airport,Asmara International Airport,15.2919,38.910702,ER,Asmara,yes,HHAS,ASM,
LEVT,medium_airport,Vitoria Airport,42.882801,-2.72447,ES,Alava,yes,LEVT,VIT,
LEAM,medium_airport,Almería Airport,36.843899,-2.3701,ES,Almería,yes,LEAM,LEI,
LEBZ,medium_airport,Badajoz Airport,38.8913,-6.82133,ES,Badajoz,yes,LEBZ,BJZ,
LECH,medium_airport,Castellón-Costa Azahar Airport,40.213889,0.073333,ES,Castellón de la Plana,yes,LECH,CDT,
LECO,medium_airport,A Coruña Airport,43.302101,-8.37726,ES,Culleredo,yes,LECO,LCG,
GCHI,medium_airport,El Hierro Airport,27.8148,-17.8871,ES,El Hierro Island,yes,GCHI,VDE,
LEGR,medium_airport,F.G.L. Airport Granada-Jaén Airport,37.188702,-3.77736,ES,Granada,yes,LEGR,GRX,
LESO,medium_airport,San Sebastián Airport,43.356499,-1.79061,ES,Hondarribia,yes,LESO,EAS,
LEJR,medium_airport,Jerez Airport,36.744598,-6.06011,ES,Jerez de la Frontera,yes,LEJR,XRY,
LESU,medium_airport,Pirineus - la Seu d'Urgel Airport,42.3386,1.40917,ES,La Seu d'Urgell Pyrenees and Andorra,yes,LESU,LEU,
LELN,medium_airport,León Airport,42.590709,-5.653406,ES,La Virgen del Camino,yes,LELN,LEN,
LEDA,medium_airport,Lleida-Alguaire Airport,41.728185,0.535023,ES,Lleida,yes,LEDA,ILD,
GEML,medium_airport,Melilla Airport,35.2798,-2.95626,ES,Melilla,yes,GEML,MLN,
LEPP,medium_airport,Pamplona Airport,42.77,-1.64633,ES,Pamplona,yes,LEPP,PNA,
LESA,medium_airport,Salamanca Airport,40.952099,-5.50199,ES,Salamanca,yes,LESA,SLM,
LEXJ,medium_airport,Seve Ballesteros-Santander Airport,43.427101,-3.82001,ES,Santander,yes,LEXJ,SDR,
GCLA,medium_airport,La Palma Airport,28.626499,-17.7556,ES,"Sta Cruz de la Palma, La Palma Island",yes,GCLA,SPC,
LEVD,medium_airport,Valladolid Airport,41.7061,-4.85194,ES,Valladolid,yes,LEVD,VLL,
LEVX,medium_airport,Vigo Airport,42.2318,-8.62677,ES,Vigo,yes,LEVX,VGO,
HAAM,medium_airport,Arba Minch Airport,6.03939,37.5905,ET,Arba Minch,yes,HAAM,AMH,
HASO,medium_airport,Asosa Airport,10.018500328063965,34.586299896240234,ET,Asosa,yes,HASO,ASO,
HAAX,medium_airport,Axum Airport,14.1468,38.7728,ET,Axum,yes,HAAX,AXU,
HAGN,medium_airport,Gondar Airport,12.5199,37.433998,ET,Azezo,yes,HAGN,GDQ,
HABD,medium_airport,Bahir Dar Airport,11.6081,37.321602,ET,Bahir Dar,yes,HABD,BJR,
HAGM,medium_airport,Gambela Airport,8.12876,34.563099,ET,Gambela,yes,HAGM,GMB,
HAGO,medium_airport,Gode Airport,5.93513011932,43.5786018372,ET,Gode,yes,HAGO,GDE,
HAJM,medium_airport,Jimma Airport,7.66609001159668,36.81660079956055,ET,Jimma,yes,HAJM,JIM,
HAJK,medium_airport,Jinka Airport,5.749655,36.560165,ET,Jinka,yes,HABC,BCO,
HAKD,medium_airport,Kebri Dahar Airport,6.732577,44.241339,ET,Kebri Dahar,yes,HAKD,ABK,
HAMK,medium_airport,Mekele Alula Aba Nega Airport,13.4674,39.533501,ET,Mekele,yes,HAMK,MQX,
EFET,medium_airport,Enontekio Airport,68.362602233887,23.424299240112,FI,Enontekio,yes,EFET,ENF,
EFJO,medium_airport,Joensuu Airport,62.658815,29.619398,FI,Joensuu,yes,EFJO,JOE,
EFJY,medium_airport,Jyväskylä Airport,62.399502,25.678301,FI,Jyväskylän Maalaiskunta,yes,EFJY,JYV,
EFKI,medium_airport,Kajaani Airport,64.2855,27.6924,FI,Kajaani,yes,EFKI,KAJ,
EFKE,medium_airport,Kemi-Tornio Airport,65.778701782227,24.582099914551,FI,Kemi / Tornio,yes,EFKE,KEM,
EFKK,medium_airport,Kokkola-Pietarsaari Airport,63.721199,23.143101,FI,Kokkola / Kruunupyy,yes,EFKK,KOK,
EFKS,medium_airport,Kuusamo Airport,65.987602,29.239401,FI,Kuusamo,yes,EFKS,KAO,
EFPO,medium_airport,Pori Airport,61.4617,21.799999,FI,Pori,yes,EFPO,POR,
EFSA,medium_airport,Savonlinna Airport,61.9431,28.945101,FI,Savonlinna,yes,EFSA,SVL,
NFNL,medium_airport,Labasa Airport,-16.4667,179.339996,FJ,Labasa,yes,NFNL,LBS,
PTPN,medium_airport,Pohnpei International Airport,6.985082,158.20992,FM,Pohnpei Island,yes,PTPN,PNI,PNI
LFKJ,medium_airport,Ajaccio Napoléon Bonaparte airport,41.923599,8.80292,FR,Ajaccio,yes,LFKJ,AJA,
LFLP,medium_airport,Annecy Meythet airport,45.928947,6.0987,FR,Annecy,yes,LFLP,NCY,
LFLW,medium_airport,Aurillac airport,44.891399,2.42194,FR,Aurillac,yes,LFLW,AUR,
LFMV,medium_airport,Avignon Caumont airport,43.907299,4.90183,FR,Avignon,yes,LFMV,AVN,
LFBE,medium_airport,Bergerac Dordogne-Périgord airport,44.825298,0.518611,FR,Bergerac,yes,LFBE,EGC,
LFBZ,medium_airport,Biarritz Pays Basque airport,43.468372,-1.523223,FR,Biarritz,yes,LFBZ,BIQ,
LFSL,medium_airport,Brive Souillac airport,45.039722,1.485556,FR,Brive,yes,LFSL,BVE,
LFMU,medium_airport,Béziers Vias airport,43.323502,3.3539,FR,Béziers,yes,LFMU,BZR,
LFRK,medium_airport,Caen Carpiquet airport,49.17678,-0.454883,FR,Caen,yes,LFRK,CFR,
LFKC,medium_airport,Calvi Sainte Catherine Airport,42.530422,8.792984,FR,Calvi,yes,LFKC,CLY,
LFMK,medium_airport,Carcassonne Salvaza Airport,43.216,2.30632,FR,Carcassonne,yes,LFMK,CCF,
LFCK,medium_airport,Castres Mazamet Airport,43.556301,2.28918,FR,Castres,yes,LFCK,DCM,
LFOK,medium_airport,Chalons Vatry airport,48.77333,4.20611,FR,Chalons en Champagne,yes,LFOK,XCR,
LFLB,medium_airport,Chambéry Aix les Bains airport,45.6381,5.88023,FR,Chambéry,yes,LFLB,CMF,
LFRG,medium_airport,Deauville Normandie airport,49.365237,0.154481,FR,Deauville,yes,LFRG,DOL,
LFSD,medium_airport,Dijon Longvic airport,47.268902,5.09,FR,Dijon,yes,LFSD,DIJ,
LFRD,medium_airport,Dinard Pleurtuit Saint-Malo airport,48.5877,-2.07996,FR,Dinard,yes,LFRD,DNR,
LFGJ,medium_airport,Dole Tavaux Airport,47.038955,5.427589,FR,Dole,yes,LFGJ,DLE,
LFJL,medium_airport,Metz-Nancy-Lorraine Airport,48.982101,6.25132,FR,Goin,yes,LFJL,ETZ,
LFLS,medium_airport,Grenoble Alpes Isère Airport,45.3629,5.32937,FR,Grenoble,yes,LFLS,GNB,
LFTH,medium_airport,Toulon-Hyères Airport,43.097301,6.14603,FR,"Hyères, Var",yes,LFTH,TLN,
LFBH,medium_airport,La Rochelle Île de Ré Airport,46.179199,-1.19528,FR,La Rochelle,yes,LFBH,LRH,
LFRM,medium_airport,Le Mans-Arnage Airport,47.948604,0.201702,FR,"Le Mans, Sarthe",yes,LFRM,LME,
LFBL,medium_airport,Limoges Airport,45.862801,1.17944,FR,Limoges/Bellegarde,yes,LFBL,LIG,
LFRH,medium_airport,Lorient South Brittany (Bretagne Sud) Airport,47.760601,-3.44,FR,Lorient/Lann/Bihoué,yes,LFRH,LRT,
LFRS,medium_airport,Nantes Atlantique Airport,47.153198,-1.61073,FR,Nantes,yes,LFRS,NTE,
LFTW,medium_airport,Nîmes-Arles-Camargue Airport,43.757401,4.41635,FR,Nîmes/Garons,yes,LFTW,FNI,
LFBP,medium_airport,Pau Pyrénées Airport,43.380001,-0.418611,FR,Pau/Pyrénées (Uzein),yes,LFBP,PUF,
LFMP,medium_airport,Perpignan-Rivesaltes (Llabanère) Airport,42.740398,2.87067,FR,Perpignan/Rivesaltes,yes,LFMP,PGF,
LFBI,medium_airport,Poitiers-Biard Airport,46.5877,0.306666,FR,Poitiers/Biard,yes,LFBI,PIS,
LFCR,medium_airport,Rodez–Aveyron Airport,44.407902,2.48267,FR,Rodez/Marcillac,yes,LFCR,RDZ,
LFRN,medium_airport,Rennes-Saint-Jacques Airport,48.0695,-1.73479,FR,"Saint-Jacques-de-la-Lande, Ille-et-Vilaine",yes,LFRN,RNS,
LFRZ,medium_airport,Saint-Nazaire-Montoir Airport,47.31142,-2.152634,FR,Saint-Nazaire/Montoir,yes,LFRZ,SNR,
LFBT,medium_airport,Tarbes-Lourdes-Pyrénées Airport,43.178699,-0.006439,FR,Tarbes/Lourdes/Pyrénées,yes,LFBT,LDE,
LFOT,medium_airport,Tours Val de Loire Airport,47.432201,0.727606,FR,"Tours, Indre-et-Loire",yes,LFOT,TUF,
FOOK,medium_airport,Makokou Airport,0.5792109966278076,12.890899658203125,GA,Makokou,yes,FOOK,MKU,
FOGO,medium_airport,Oyem Airport,1.5431100130081177,11.581399917602539,GA,Oyem,yes,FOGO,OYE,
EGPU,medium_airport,Tiree Airport,56.499199,-6.86917,GB,"Balemartine, Argyll and Bute",yes,EGPU,TRE,
EGPL,medium_airport,Benbecula Airport,57.481098,-7.36278,GB,Balivanich,yes,EGPL,BEB,
EGAC,medium_airport,George Best Belfast City Airport,54.618099,-5.8725,GB,Belfast,yes,EGAC,BHD,
EGHH,medium_airport,Bournemouth Airport,50.780483,-1.839576,GB,Bournemouth,yes,EGHH,BOH,
EGEC,medium_airport,Campbeltown Airport,55.437199,-5.68639,GB,Campbeltown,yes,EGEC,CAL,
EGNV,medium_airport,Teesside International Airport,54.509201,-1.42941,GB,"Darlington, Durham",yes,EGNV,MME,
EGAE,medium_airport,City of Derry Airport,55.042801,-7.16111,GB,"Derry, Derry and Strabane",yes,EGAE,LDY,
EGPN,medium_airport,Dundee Airport,56.452499,-3.02583,GB,Dundee,yes,EGPN,DND,
EGED,medium_airport,Eday Airport,59.19060134887695,-2.7722198963165283,GB,Eday,yes,EGED,EOI,
EGPR,medium_airport,Barra Airport,57.0228,-7.44306,GB,Eoligarry,yes,EGPR,BRR,
EGTE,medium_airport,Exeter International Airport,50.734261,-3.413984,GB,"Exeter, Devon",yes,EGTE,EXT,
EGNJ,medium_airport,Humberside Airport,53.576152,-0.34954,GB,"Grimsby, Lincolnshire",yes,EGNJ,HUY,
EGPE,medium_airport,Inverness Airport,57.5425,-4.0475,GB,Inverness,yes,EGPE,INV,
EGPI,medium_airport,Islay Airport,55.682708,-6.257525,GB,"Isle of Islay, Argyll and Bute",yes,EGPI,ILY,
EGPA,medium_airport,Kirkwall Airport,58.957903,-2.905077,GB,"Kirkwall, Orkney Islands",yes,EGPA,KOI,
EGPB,medium_airport,Sumburgh Airport,59.878899,-1.29556,GB,"Lerwick, Shetland",yes,EGPB,LSI,
EGLC,medium_airport,London City Airport,51.505299,0.055278,GB,London,yes,EGLC,LCY,
EGHQ,medium_airport,Cornwall Airport Newquay,50.440601,-4.99541,GB,Newquay,yes,EGHQ,NQY,
EGSH,medium_airport,Norwich Airport,52.6758,1.28278,GB,"Norwich, Norfolk",yes,EGSH,NWI,
EGHI,medium_airport,Southampton Airport,50.950298,-1.3568,GB,Southampton,yes,EGHI,SOU,
EGMC,medium_airport,London Southend Airport,51.570562,0.693627,GB,"Southend-on-Sea, Essex",yes,EGMC,SEN,
EGPO,medium_airport,Stornoway Airport,58.215599,-6.33111,GB,"Stornoway, Western Isles",yes,EGPO,SYY,
EGPC,medium_airport,Wick John O'Groats Airport,58.4589,-3.09306,GB,Wick,yes,EGPC,WIC,
UGSS,medium_airport,Vladislav Ardzinba Sukhum International Airport,42.8582,41.128101,GE,Sukhumi,yes,UGSS,SUI,
SOOA,medium_airport,Maripasoula Airport,3.655907,-54.039431,GF,Maripasoula,yes,SOOA,MPY,
SOOM,medium_airport,Saint-Laurent-du-Maroni Airport,5.481891,-54.034964,GF,Saint-Laurent-du-Maroni,yes,SOOM,LDX,
EGJA,medium_airport,Alderney Airport,49.706104,-2.21472,GG,Saint Anne,yes,EGJA,ACI,
EGJB,medium_airport,Guernsey Airport,49.435001,-2.60197,GG,Saint Peter Port,yes,EGJB,GCI,
DGTK,medium_airport,Takoradi Airport,4.896059989929199,-1.7747600078582764,GH,Sekondi-Takoradi,yes,DGTK,TKD,
DGSN,medium_airport,Sunyani Airport,7.36183,-2.32876,GH,Sunyani,yes,DGSN,NYI,
BGAA,medium_airport,Aasiaat Airport,68.721802,-52.784698,GL,Aasiaat,yes,BGAA,JEG,
BGJN,medium_airport,Ilulissat Airport,69.243202,-51.057098,GL,Ilulissat,yes,BGJN,JAV,
BGSF,medium_airport,Kangerlussuaq International Airport,67.010446,-50.715294,GL,Kangerlussuaq,yes,BGSF,SFJ,
BGKK,medium_airport,Kulusuk Airport,65.573601,-37.1236,GL,Kulusuk,yes,BGKK,KUS,
BGCO,medium_airport,Neerlerit Inaat Airport,70.743103,-22.650499,GL,Neerlerit Inaat,yes,BGCO,CNP,
BGTL,medium_airport,Pituffik Space Base,76.53063,-68.700541,GL,Pituffik,yes,BGTL,THU,
BGQQ,medium_airport,Qaanaaq Airport,77.488602,-69.388702,GL,Qaanaaq,yes,BGQQ,NAQ,
GL-0012,medium_airport,Qaqortoq Airport,60.76383,-46.065001,GL,Qaqortoq,yes,BGQO,JJU,
BGSS,medium_airport,Sisimiut Airport,66.951302,-53.729301,GL,Sisimiut,yes,BGSS,JHS,
TFFM,medium_airport,Marie-Galante Airport,15.868925,-61.270087,GP,Grand-Bourg,yes,TFFM,GBJ,
FGMY,medium_airport,President Obiang Nguema International Airport,1.676437,11.024904,GQ,Mengomeyén,yes,FGMY,GEM,
LGAL,medium_airport,Alexandroupoli Democritus Airport,40.8559,25.956301,GR,Alexandroupolis,yes,LGAL,AXD,
LGHI,medium_airport,Chios Island National Airport,38.34320068359375,26.140600204467773,GR,Chios Island,yes,LGHI,JKH,
LGST,medium_airport,Sitia Airport,35.21609878540039,26.101299285888672,GR,Crete Island,yes,LGST,JSH,
LGIO,medium_airport,Ioannina King Pyrrhus National Airport,39.6964,20.8225,GR,Ioannina,yes,LGIO,IOA,
LGKL,medium_airport,Kalamata Airport,37.06829833984375,22.02549934387207,GR,Kalamata,yes,LGKL,KLX,
LGKP,medium_airport,Karpathos Airport,35.421398,27.146,GR,Karpathos Island,yes,LGKP,AOK,
LGKF,medium_airport,Kefallinia Airport,38.12009811401367,20.500499725341797,GR,Kefallinia Island,yes,LGKF,EFL,
LGKZ,medium_airport,Kozani National Airport Filippos,40.286098,21.840799,GR,Kozani,yes,LGKZ,KZI,
LGMK,medium_airport,Mykonos Island National Airport,37.435101,25.348101,GR,Mykonos,yes,LGMK,JMK,
LGMT,medium_airport,Mytilene International Airport,39.057406,26.598629,GR,Mytilene,yes,LGMT,MJT,
LGBL,medium_airport,Nea Anchialos National Airport,39.219601,22.7943,GR,Nea Anchialos,yes,LGBL,VOL,
LGRX,medium_airport,Patras Araxos Agamemnon Airport,38.1511,21.4256,GR,Patras,yes,LGRX,GPA,
LGPZ,medium_airport,Aktion National Airport,38.925499,20.765301,GR,Preveza,yes,LGPZ,PVK,
LGSM,medium_airport,Samos Airport,37.689999,26.911699,GR,Samos Island,yes,LGSM,SMI,
LGSK,medium_airport,Skiathos Island National Airport,39.177101,23.5037,GR,Skiathos,yes,LGSK,JSI,
LGZA,medium_airport,Zakynthos International Airport Dionysios Solomos,37.7509,20.8843,GR,Zakynthos,yes,LGZA,ZTH,
MGPB,medium_airport,Puerto Barrios Airport,15.7309,-88.583801,GT,Puerto Barrios,yes,MGPB,PBR,
MGRT,medium_airport,Retalhuleu Airport,14.521431,-91.697001,GT,Retalhuleu,yes,MGRT,RER,
MGTK,medium_airport,Mundo Maya International Airport,16.913707,-89.866143,GT,San Benito,yes,MGMM,FRS,
SYKA,medium_airport,Kaieteur Airport,5.177349,-59.48898,GY,Kaieteur Falls,yes,SYKA,KAI,
SYLT,medium_airport,Lethem Airport,3.37276,-59.789398,GY,Lethem,yes,SYLT,LTM,
SYGO,medium_airport,Eugene F. Correia International Airport,6.805881,-58.107657,GY,Ogle,yes,SYEC,OGL,
MHNJ,medium_airport,La Laguna Airport,16.4454,-85.906601,HN,Guanaja,yes,MHNJ,GJA,
MHLC,medium_airport,Golosón International Airport,15.7425,-86.852997,HN,La Ceiba,yes,MHLC,LCE,
MHTG,medium_airport,Toncontín Airport,14.0609,-87.217201,HN,Tegucigalpa,yes,MHTG,TGU,
LDSB,medium_airport,Brač Airport,43.284454,16.678362,HR,Gornji Humac,yes,LDSB,BWK,
LDOS,medium_airport,Osijek Airport,45.462355,18.811278,HR,Osijek(Klisa),yes,LDOS,OSI,
MTJE,medium_airport,Jérémie Airport,18.663099,-74.170303,HT,Carrefour Sanon,yes,MTJE,JEE,
MTCA,medium_airport,Antoine-Simon International Airport,18.271099,-73.7883,HT,Les Cayes,yes,MTCA,CYA,
LHSM,medium_airport,Hévíz–Balaton Airport,46.686391,17.159084,HU,Sármellék,yes,LHSM,SOB,
WILL,medium_airport,Radin Inten II International Airport,-5.246803,105.182531,ID,Bandar Lampung,yes,WILL,TKG,
WICC,medium_airport,Husein Sastranegara International Airport,-6.90063,107.575996,ID,Bandung,yes,WICC,BDO,
WIPL,medium_airport,Fatmawati Soekarno Airport,-3.8637,102.338997,ID,Bengkulu,yes,WIGG,BKS,
WABB,medium_airport,Frans Kaisiepo Airport,-1.19002,136.108002,ID,Biak,yes,WABB,BIK,
ID-ZGP,medium_airport,Bilorai Airport,-3.739503,137.031183,ID,Bilogai,yes,WAYB,UGU,ZGP
WADB,medium_airport,Sultan Muhammad Salahuddin Airport,-8.537184,118.685002,ID,Bima,yes,WADB,BMU,
WAHL,medium_airport,Tunggul Wulung Airport,-7.64506,109.033997,ID,Cilacap,yes,WAHL,CXP,
WIBD,medium_airport,Pinang Kampai Airport,1.609026,101.433493,ID,Dumai,yes,WIBD,DUM,
WASF,medium_airport,Fakfak Airport,-2.920508,132.267011,ID,Fakfak,yes,WASF,FKQ,
WIMB,medium_airport,Binaka Airport,1.166275,97.705196,ID,Gunungsitoli,yes,WIMB,GNS,
WASK,medium_airport,Utarom Airport,-3.6446,133.695116,ID,Kaimana,yes,WASK,KNG,
ID-0277,medium_airport,Dhoho International Airport,-7.749527,111.946831,ID,Kediri,yes,WARD,DHX,
WICA,medium_airport,Kertajati International Airport,-6.647384,108.165561,ID,Kertajati,yes,WICA,KJT,
WIOK,medium_airport,Rahadi Osman Airport,-1.817165,109.963469,ID,Ketapang,yes,WIOK,KTG,
WAWP,medium_airport,Sangia Nibandera Airport,-4.338158,121.524047,ID,Kolaka,yes,WAWP,KXB,
WITC,medium_airport,Cut Nyak Dhien Airport,4.040998,96.253312,ID,Kuala Pesisir,yes,WITC,MEQ,
WATT,medium_airport,El Tari Airport,-10.1716,123.670998,ID,Kupang,yes,WATT,KOE,
WIMU,medium_airport,Alas Leuser Airport,3.391456,97.863726,ID,Kutacane,yes,WIMU,LSR,
WAPF,medium_airport,Karel Sadsuitubun Airport,-5.760278,132.759444,ID,Langgur,yes,WAPF,LUV,
WARA,medium_airport,Abdul Rachman Saleh Airport,-7.929099,112.714233,ID,Malang,yes,WARA,MLG,
WASR,medium_airport,Rendani Airport,-0.891833,134.048996,ID,Manokwari,yes,WAUU,MKW,
WAKK,medium_airport,Mopah International Airport,-8.523898,140.419693,ID,Merauke,yes,WAKK,MKQ,
WAPN,medium_airport,Namniwel Airport,-3.143159,126.976469,ID,Namniwel,yes,WAPN,NAM,
WIOG,medium_airport,Nanga Pinoh Airport,-0.34864,111.746155,ID,Nanga Pinoh-Borneo Island,yes,WIOG,NPO,
WAJO,medium_airport,Oksibil Airport,-4.9071,140.6277,ID,Oksibil,yes,WAJO,OKL,
WAGG,medium_airport,Tjilik Riwut Airport,-2.227146,113.943388,ID,Palangkaraya,yes,WAGG,PKY,
WIPP,medium_airport,Sultan Mahmud Badaruddin II Airport,-2.897653,104.698147,ID,Palembang,yes,WIPP,PLM,
WAFF,medium_airport,Mutiara - SIS Al-Jufrie Airport,-0.916462,119.908647,ID,Palu,yes,WAFF,PLW,
WIPK,medium_airport,Depati Amir Airport,-2.1622,106.139,ID,Pangkal Pinang,yes,WIKK,PGK,
WIBB,medium_airport,Sultan Syarif Kasim II International Airport / Roesmin Nurjadin AFB,0.458647,101.444321,ID,Pekanbaru,yes,WIBB,PKU,
WIOP,medium_airport,Pangsuma Airport,0.834579,112.940217,ID,Putussibau-Borneo Island,yes,WIOP,PSU,
WION,medium_airport,Ranai Airport,3.90871,108.388,ID,Ranai-Natuna Besar Island,yes,WIDO,NTX,
WALS,medium_airport,Aji Pangeran Tumenggung Pranoto International Airport,-0.374478,117.250128,ID,Samarinda,yes,WALS,AAP,
WIMS,medium_airport,Dr. Ferdinand Lumban Tobing Airport,1.557127,98.887145,ID,Sibolga (Pinangsori),yes,WIMS,FLZ,
WIOS,medium_airport,Tebelian Airport,-0.045214,111.458049,ID,Sintang,yes,WIOS,SQG,
WASS,medium_airport,Domine Eduard Osok Airport,-0.894,131.287,ID,Sorong,yes,WASS,SOQ,
WAMH,medium_airport,Naha Airport,3.68478,125.527162,ID,"Tabukan Utara, Sangihe Islands",yes,WAMH,NAH,
WITK,medium_airport,Rembele Airport,4.72113,96.851943,ID,Takengon,yes,WITK,TXE,
WIPQ,medium_airport,Pendopo Airport,-3.2860701084136963,103.87999725341797,ID,Talang Gudang-Sumatra Island,yes,WIPQ,PDO,
WAKT,medium_airport,Tanah Merah Airport,-6.09669,140.303521,ID,Tanah Merah,yes,WAKT,TMH,
WIDN,medium_airport,Raja Haji Fisabilillah International Airport,0.92397,104.53341,ID,Tanjung Pinang-Bintan Island,yes,WIDN,TNJ,
WAQT,medium_airport,Kalimarau Airport,2.14776,117.430705,ID,Tanjung Redeb - Borneo Island,yes,WAQT,BEJ,
WAON,medium_airport,Warukin Airport,-2.21656,115.435997,ID,Tanta-Tabalong,yes,WAON,TJG,
WALR,medium_airport,Juwata International Airport / Suharnoko Harbani AFB,3.325145,117.564169,ID,Tarakan,yes,WAQQ,TRK,TRK
WAEE,medium_airport,Sultan Babullah Airport,0.831012,127.381611,ID,Ternate,yes,WAEE,TTE,
WABP,medium_airport,Mozes Kilangin Airport,-4.52978,136.887388,ID,Timika,yes,WAYY,TIM,
WAFB,medium_airport,Toraja Airport,-3.185833,119.91775,ID,Toraja,yes,WAFB,TRT,
WAVV,medium_airport,Wamena Airport,-4.097324,138.952417,ID,Wamena,yes,WAVV,WMX,
WAWD,medium_airport,Matahora Airport,-5.292123,123.636233,ID,Wangi-wangi Island,yes,WAWD,WNI,
WARJ,medium_airport,Adisutjipto International Airport,-7.78818,110.431999,ID,Yogyakarta,yes,WAHH,JOG,
EIDL,medium_airport,Donegal Airport,55.0442008972168,-8.340999603271484,IE,Donegal,yes,EIDL,CFN,
EIKY,medium_airport,Kerry Airport,52.180901,-9.52378,IE,Farranfore,yes,EIKY,KIR,
LLHA,medium_airport,Uri Michaeli Haifa International Airport,32.810219,35.043719,IL,Haifa,yes,LLHA,HFA,
VIJR,medium_airport,Jaisalmer Airport,26.8887,70.864998,IN,,yes,VIJR,JSA,
VETZ,medium_airport,Tezpur Airport,26.7091007232666,92.78469848632812,IN,,yes,VETZ,TEZ,
VEAT,medium_airport,Agartala - Maharaja Bir Bikram Airport,23.886999,91.240402,IN,Agartala,yes,VEAT,IXA,
VOAT,medium_airport,Agatti Airport,10.8237,72.176003,IN,Agatti,yes,VOAT,AGX,
VIAG,medium_airport,Agra Airport / Agra Air Force Station,27.157975,77.961025,IN,Agra,yes,VIAG,AGR,
VELP,medium_airport,Lengpui Airport,23.840599,92.619698,IN,Aizawl (Lengpui),yes,VELP,AJL,
VIKG,medium_airport,Kishangarh Airport Ajmer,26.591007,74.812956,IN,Ajmer (Kishangarh),yes,VIKG,KQH,
VIAL,medium_airport,Prayagraj Airport,25.4401,81.733902,IN,Allahabad,yes,VEAB,IXD,VEAB
IN-0393,medium_airport,Maa Mahamaya Airport,22.98753,83.19612,IN,Ambikapur,yes,VEAP,AHA,
VAAU,medium_airport,Aurangabad Airport,19.862875,75.396312,IN,Aurangabad,yes,VAAU,IXU,
VIBY,medium_airport,Bareilly Air Force Station,28.4221,79.450798,IN,Bareilly,yes,VIBY,BEK,
VABM,medium_airport,Belagavi Airport,15.8593,74.618301,IN,Belgaum,yes,VOBM,IXG,
VABV,medium_airport,Bhavnagar Airport,21.752199173,72.1852035522,IN,Bhavnagar,yes,VABV,BHU,
VEUK,medium_airport,Utkela Airport,20.097778,83.183333,IN,Bhawanipatna,yes,VEUK,UKE,
VABJ,medium_airport,Bhuj Airport,23.2877998352,69.6701965332,IN,Bhuj,yes,VABJ,BHJ,
VIBR,medium_airport,Kullu Manali Airport,31.876699,77.154404,IN,Bhuntar,yes,VIBR,KUU,
VEBU,medium_airport,Bilaspur Airport,21.9884,82.111,IN,Bilaspur,yes,VEBU,PAB,
IN-0107,medium_airport,Sindhudurg Airport,16.002552,73.529846,IN,Chipi,yes,VOSR,SDW,
VEDH,medium_airport,Darbhanga Airport,26.192801,85.916901,IN,Darbhanga,yes,VEDH,DBR,VEDH
VIDN,medium_airport,Dehradun Jolly Grant Airport,30.189243,78.176651,IN,Dehradun (Jauligrant),yes,VIDN,DED,
VEMN,medium_airport,Dibrugarh Airport,27.4839000702,95.0168991089,IN,Dibrugarh,yes,VEMN,DIB,
VEMR,medium_airport,Dimapur Airport,25.883899688699998,93.77110290530001,IN,Dimapur,yes,VEMR,DMU,
VEDG,medium_airport,Kazi Nazrul Islam Airport,23.6225,87.243,IN,Durgapur,yes,VEDG,RDP,
IN-0025,medium_airport,Maharshi Valmiki International Airport,26.747736,82.163664,IN,Faizabad,yes,VEAY,AYJ,
VEGY,medium_airport,Gaya Airport,24.744301,84.951202,IN,Gaya,yes,VEGY,GAY,
VA2C,medium_airport,Gondia Airport,21.526817,80.290347,IN,Gondia,yes,VAGD,GDB,VA2C
VEGK,medium_airport,Gorakhpur Airport,26.739700317399997,83.4496994019,IN,Gorakhpur,yes,VEGK,GOP,
VIGR,medium_airport,Gwalior Airport,26.29330062866211,78.22779846191406,IN,Gwalior,yes,VIGR,GWL,
IN-0308,medium_airport,Itanagar Donyi Polo Hollongi Airport,26.96683,93.638792,IN,Hollongi,yes,VEHO,HGI,
VAHB,medium_airport,Hubballi Airport,15.361084,75.082096,IN,Hubballi,yes,VOHB,HBX,
VAJB,medium_airport,Jabalpur Airport,23.177799,80.052002,IN,Jabalpur,yes,VAJB,JLR,
VIJU,medium_airport,Jammu Airport,32.688849,74.838152,IN,Jammu,yes,VIJU,IXJ,
VAJM,medium_airport,Jamnagar Airport,22.465499877929688,70.01260375976562,IN,Jamnagar,yes,VAJM,JGA,
VIJO,medium_airport,Jodhpur Airport,26.251100540161133,73.04889678955078,IN,Jodhpur,yes,VIJO,JDH,
VEJT,medium_airport,Jorhat Airport,26.730456,94.175416,IN,Jorhat,yes,VEJT,JRH,
VOCP,medium_airport,Kadapa Airport,14.513154,78.769183,IN,Kadapa,yes,VOCP,CDP,
VAKE,medium_airport,Kandla Airport,23.1127,70.100304,IN,Kandla,yes,VAKE,IXY,
VIGG,medium_airport,Kangra Airport,32.164902,76.263018,IN,Kangra,yes,VIGG,DHM,
VICX,medium_airport,Kanpur Airport,26.404301,80.410103,IN,Kanpur,yes,VEKA,KNU,VEKA
VAKS,medium_airport,Keshod Airport,21.317101,70.270401,IN,Keshod,yes,VAKS,IXK,
VAKJ,medium_airport,Khajuraho Airport,24.8172,79.918602,IN,Khajuraho,yes,VEKO,HJR,
VAKP,medium_airport,Kolhapur Airport,16.6647,74.289398,IN,Kolhapur,yes,VAKP,KLH,
VALT,medium_airport,Murod Kond Airport,18.411501,76.464699,IN,Latur,yes,VALT,LTU,
VILH,medium_airport,Leh Kushok Bakula Rimpochee Airport,34.135899,77.546501,IN,Leh,yes,VILH,IXL,
VELR,medium_airport,Lilabari North Lakhimpur Airport,27.295682,94.097266,IN,Lilabari,yes,VELR,IXI,
VORY,medium_airport,Rajahmundry Airport,17.105799,81.813204,IN,Madhurapudi,yes,VORY,RJA,
VOMD,medium_airport,Madurai Airport,9.83450984955,78.09339904790001,IN,Madurai,yes,VOMD,IXM,
VIMB,medium_airport,Moradabad Airport,28.81746,78.92187,IN,Moradabad,yes,VIMB,MZS,
VOMY,medium_airport,Mysore Airport,12.229751,76.653683,IN,Mysore,yes,VOMY,MYQ,
VAND,medium_airport,Nanded Airport,19.1833,77.316704,IN,Nanded,yes,VOND,NDC,VOND
VOKU,medium_airport,Kurnool Airport,15.716288,78.16923,IN,Orvakal,yes,VOKU,KJB,KJB
VIPT,medium_airport,Pantnagar Airport,29.0334,79.473701,IN,Pantnagar,yes,VIPT,PGH,
VIPK,medium_airport,Pathankot Airport,32.233611,75.634444,IN,Pathankot,yes,VIPK,IXP,
VEPT,medium_airport,Jay Prakash Narayan Airport,25.591299,85.087997,IN,Patna,yes,VEPT,PAT,
VAPR,medium_airport,Porbandar Airport,21.649524,69.656405,IN,Porbandar,yes,VAPR,PBD,
VOPC,medium_airport,Pondicherry Airport,11.968,79.812,IN,Puducherry (Pondicherry),yes,VOPC,PNY,
VARP,medium_airport,Swami Vivekananda Airport,21.180401,81.7388,IN,Raipur,yes,VERP,RPR,
VERC,medium_airport,Birsa Munda Airport,23.314300537100003,85.3217010498,IN,Ranchi,yes,VERC,IXR,
VA1G,medium_airport,"Rewa Airport, Chorhata, REWA",24.503401,81.220299,IN,Rewa,yes,VA1G,REW,VA1G
VEBI,medium_airport,Shillong Airport,25.70359992980957,91.97869873046875,IN,Shillong,yes,VEBI,SHL,
VEKU,medium_airport,Silchar Airport,24.9129009247,92.97869873050001,IN,Silchar,yes,VEKU,IXS,
VAUD,medium_airport,Maharana Pratap Airport,24.617700576799997,73.89610290530001,IN,Udaipur,yes,VAUD,UDR,
ORSU,medium_airport,Jalal Talabani International Airport,35.560487,45.315137,IQ,Sulaymaniyah,yes,ORSJ,ISU,
OICK,medium_airport,Khoram Abad Airport,33.43539810180664,48.282901763916016,IR,,yes,OICK,KHD,
OICS,medium_airport,Sanandaj Airport,35.24589920043945,47.00920104980469,IR,,yes,OICS,SDG,
OIBA,medium_airport,Abu Musa Island Airport,25.8757,55.033001,IR,Abu Musa,yes,OIBA,AEU,
OITL,medium_airport,Ardabil Airport,38.3256988525,48.4244003296,IR,Ardabil,yes,OITL,ADU,
OIKM,medium_airport,Bam Airport,29.0842,58.450001,IR,Bam,yes,OIKM,BXR,
OIBL,medium_airport,Bandar Lengeh International Airport,26.532283,54.82484,IR,Bandar Lengeh,yes,OIBL,BDH,
OIMN,medium_airport,Bojnord Airport,37.49300003051758,57.30820083618164,IR,Bojnord,yes,OIMN,BJB,
OIBB,medium_airport,Bushehr Airport,28.9447994232,50.8345985413,IR,Bushehr,yes,OIBB,BUZ,
OIAD,medium_airport,Dezful Airport,32.434399,48.397598,IR,Dezful,yes,OIAD,DEF,
OIAH,medium_airport,Gachsaran Airport,30.333869,50.833796,IR,Gachsaran,yes,OIAH,GCH,
OIHH,medium_airport,Hamadan Airport,34.866416,48.56069,IR,Hamadan,yes,OIHH,HDM,
OIFK,medium_airport,Kashan Airport,33.895302,51.577,IR,Kashan,yes,OIFK,KKS,
OICC,medium_airport,Shahid Ashrafi Esfahani Airport,34.3459014893,47.1581001282,IR,Kermanshah,yes,OICC,KSH,
OIBQ,medium_airport,Khark Airport,29.260503,50.322193,IR,Khark,yes,OIBQ,KHK,
OIBP,medium_airport,Persian Gulf International Airport,27.379601,52.737701,IR,Khiyaroo,yes,OIBP,PGU,
OIZC,medium_airport,Chabahar Konarak International Airport,25.44319,60.382167,IR,Konarak,yes,OIZC,ZBR,ZBR
OISR,medium_airport,Lamerd Airport,27.3727,53.188801,IR,Lamerd,yes,OISR,LFM,
OISL,medium_airport,Lar Airport,27.6747,54.383301,IR,Lar,yes,OISL,LRR,
OIAM,medium_airport,Mahshahr Airport,30.5562,49.151901,IR,Mahshahr,yes,OIAM,MRX,
OINN,medium_airport,Nowshahr Airport,36.664286,51.46273,IR,Nowshahr,yes,OINN,NSH,
OIKR,medium_airport,Rafsanjan Airport,30.298345,56.048979,IR,Rafsanjan,yes,OIKR,RJN,
OINR,medium_airport,Ramsar Airport,36.90701,50.687316,IR,Ramsar,yes,OINR,RZR,
OIGG,medium_airport,Sardar-e-Jangal Airport,37.323333,49.617778,IR,Rasht,yes,OIGG,RAS,
OIMS,medium_airport,Sabzevar National Airport,36.16809844970703,57.59519958496094,IR,Sabzevar,yes,OIMS,AFZ,
OINZ,medium_airport,Sari Dasht-e Naz International Airport,36.644408,53.188761,IR,Sari,yes,OINZ,SRY,
OITR,medium_airport,Urmia Airport,37.6680984497,45.0686988831,IR,Urmia,yes,OITR,OMH,
OIYY,medium_airport,Shahid Sadooghi Airport,31.9048995972,54.2765007019,IR,Yazd,yes,OIYY,AZD,
BIEG,medium_airport,Egilsstaðir Airport,65.2833023071289,-14.401399612426758,IS,Egilsstaðir,yes,BIEG,EGS,
BIGR,medium_airport,Grímsey Airport,66.5458,-18.0173,IS,Grímsey/Sandvík,yes,BIGR,GRY,
BIHN,medium_airport,Hornafjörður Airport,64.295601,-15.2272,IS,Höfn,yes,BIHN,HFN,
BIRK,medium_airport,Reykjavík Domestic Airport,64.128732,-21.93759,IS,Reykjavík,yes,BIRK,RKV,
BIVO,medium_airport,Vopnafjörður Airport,65.720596,-14.8506,IS,Vopnafjörður,yes,BIVO,VPN,
BIIS,medium_airport,Ísafjörður Airport,66.058098,-23.1353,IS,Ísafjörður,yes,BIIS,IFJ,
LIEA,medium_airport,Alghero-Fertilia Airport,40.632099,8.29077,IT,Alghero,yes,LIEA,AHO,SS02
LIPB,medium_airport,Bolzano Airport,46.459245,11.326125,IT,Bolzano (BZ),yes,LIPB,BZO,BZ01
LIRJ,medium_airport,Marina di Campo Airport,42.760871,10.239811,IT,Campo nell'Elba (LI),yes,LIRJ,EBA,LI04
LICB,medium_airport,Comiso Airport,36.99583,14.60889,IT,Comiso,yes,LICB,CIY,RG06
LIPY,medium_airport,Marche Airport,43.616299,13.3623,IT,Falconara Marittima (AN),yes,LIPY,AOI,AN01
LIBF,medium_airport,Foggia Gino Lisa Airport,41.433596,15.534566,IT,Foggia (FG),yes,LIBF,FOG,FG05
LIPK,medium_airport,Forlì-Luigi Ridolfi International Airport,44.194801,12.0701,IT,Forlì (FC),yes,LIPK,FRL,FC03
LIBC,medium_airport,Crotone Sant'Anna Pythagoras Airport,38.9972,17.0802,IT,Isola di Capo Rizzuto (KR),yes,LIBC,CRV,KR01
LICD,medium_airport,Lampedusa Airport,35.497898,12.6181,IT,Lampedusa,yes,LICD,LMP,AG01
LIMZ,medium_airport,Cuneo International Airport,44.547458,7.623045,IT,Levaldigi (CN),yes,LIMZ,CUF,CN03
LIPO,medium_airport,Brescia Gabriele d'Annunzio Airport,45.428902,10.3306,IT,Montichiari (BS),yes,LIPO,VBS,BS04
LICG,medium_airport,Pantelleria Airport,36.816502,11.9689,IT,Pantelleria (TP),yes,LICG,PNL,TP02
LIMP,medium_airport,Parma Airport,44.826351,10.29705,IT,Parma (PR),yes,LIMP,PMF,PR03
LICR,medium_airport,Reggio Calabria Airport,38.071201,15.6516,IT,Reggio Calabria,yes,LICR,REG,RC01
LIRI,medium_airport,Salerno Costa d'Amalfi Airport,40.620399,14.9113,IT,Salerno,yes,LIRI,QSR,SA02
LICT,medium_airport,Vincenzo Florio Airport Trapani-Birgi,37.9114,12.488,IT,Trapani (TP),yes,LICT,TPS,TP01
EGJJ,medium_airport,Jersey Airport,49.207901,-2.19551,JE,St. Peter,yes,EGJJ,JER,
MKBS,medium_airport,Ian Fleming International Airport,18.404079,-76.969754,JM,Boscobel,yes,MKBS,OCJ,
MKTP,medium_airport,Tinson Pen Airport,17.98859977722168,-76.82379913330078,JM,Tinson Pen,yes,MKTP,KTP,
RJSK,medium_airport,Akita Airport,39.615601,140.218994,JP,Akita,yes,RJSK,AXT,
RJKN,medium_airport,Tokunoshima Airport,27.836382,128.881356,JP,Amagi,yes,RJKN,TKN,
RJDA,medium_airport,Amakusa Airport,32.482498,130.158997,JP,Amakusa,yes,RJDA,AXJ,
RJKA,medium_airport,Amami Airport,28.430599212646484,129.71299743652344,JP,Amami,yes,RJKA,ASJ,
RJFE,medium_airport,Fukue Airport,32.666302,128.832993,JP,Goto,yes,RJFE,FUJ,
RJTH,medium_airport,Hachijojima Airport,33.114843,139.785645,JP,Hachijojima,yes,RJTH,HAC,
RJSI,medium_airport,Iwate Hanamaki Airport,39.4286,141.134995,JP,Hanamaki,yes,RJSI,HNA,
RJEC,medium_airport,Asahikawa Airport,43.670799,142.447006,JP,Higashikagura,yes,RJEC,AKJ,
RJSC,medium_airport,Yamagata Airport,38.4119,140.371002,JP,Higashine,yes,RJSC,GAJ,
RJDB,medium_airport,Iki Airport,33.7490005493,129.785003662,JP,Iki,yes,RJDB,IKI,
ROIG,medium_airport,New Ishigaki Airport,24.396389,124.245,JP,Ishigaki,yes,ROIG,ISG,
RJOI,medium_airport,Iwakuni Kintaikyo Airport,34.146333,132.247238,JP,Iwakuni,yes,RJOI,IWK,
RJTO,medium_airport,Oshima Airport,34.782001495399996,139.36000061,JP,Izu Oshima,yes,RJTO,OIM,
RJOC,medium_airport,Izumo Enmusubi Airport,35.413601,132.889999,JP,Izumo,yes,RJOC,IZO,
RJKI,medium_airport,Kikai Airport,28.321300506599997,129.927993774,JP,Kikai,yes,RJKI,KKX,
RJSR,medium_airport,Odate Noshiro Airport,40.191898,140.371002,JP,Kitaakita,yes,RJSR,ONJ,
RORK,medium_airport,Kitadaito Airport,25.9447002411,131.32699585,JP,Kitadaitōjima,yes,RORK,KTD,
ROKJ,medium_airport,Kumejima Airport,26.363445,126.71384,JP,Kumejima,yes,ROKJ,UEO,
RJCK,medium_airport,Kushiro Airport,43.041,144.192993,JP,Kushiro,yes,RJCK,KUH,
RJOW,medium_airport,Iwami Airport,34.676399231,131.789993286,JP,Masuda,yes,RJOW,IWJ,
RJAF,medium_airport,Shinshu-Matsumoto Airport,36.166801,137.923004,JP,Matsumoto,yes,RJAF,MMJ,
ROMD,medium_airport,Minamidaito Airport,25.8465,131.263,JP,Minamidaito,yes,ROMD,MMD,
RJSM,medium_airport,Misawa Airport / Misawa Air Base,40.703201,141.367996,JP,Misawa,yes,RJSM,MSJ,
RJTQ,medium_airport,Miyakejima Airport,34.073600769,139.559997559,JP,Miyakejima,yes,RJTQ,MYE,
ROMY,medium_airport,Miyako Airport,24.782801,125.294998,JP,Miyakojima,yes,ROMY,MMY,
RORS,medium_airport,Shimojishima Airport,24.8267,125.144997,JP,Miyakojima,yes,RORS,SHI,
RJEB,medium_airport,Monbetsu Airport,44.303901672399995,143.404006958,JP,Monbetsu,yes,RJEB,MBE,
RJNA,medium_airport,Nagoya Airport / JASDF Komaki Air Base,35.255759,136.924095,JP,Nagoya,yes,RJNA,NKM,
RJCN,medium_airport,Nakashibetsu Airport,43.5774993896,144.960006714,JP,Nakashibetsu,yes,RJCN,SHB,
RJCB,medium_airport,Tokachi-Obihiro Airport,42.7332992554,143.216995239,JP,Obihiro,yes,RJCB,OBO,
RJFO,medium_airport,Oita Airport,33.479400634799994,131.736999512,JP,Oita,yes,RJFO,OIT,
RJNO,medium_airport,Oki Global Geopark Airport,36.178388,133.323566,JP,Okinoshima,yes,RJNO,OKI,
RJEO,medium_airport,Okushiri Airport,42.0717010498,139.432998657,JP,Okushiri Island,yes,RJEO,OIR,
RJER,medium_airport,Rishiri Airport,45.2420005798,141.186004639,JP,Rishiri,yes,RJER,RIS,
RJSD,medium_airport,Sado Airport,38.0601997375,138.414001465,JP,Sado,yes,RJSD,SDS,
RJCO,medium_airport,Sapporo Okadama Airport,43.117447,141.38134,JP,Sapporo,yes,RJCO,OKD,
RJBD,medium_airport,Nanki Shirahama Airport,33.6622009277,135.363998413,JP,Shirahama,yes,RJBD,SHM,
RJSY,medium_airport,Shonai Airport,38.812199,139.787003,JP,Shonai,yes,RJSY,SYO,
RJSF,medium_airport,Fukushima Airport,37.22740173339844,140.43099975585938,JP,Sukagawa,yes,RJSF,FKS,
RJFG,medium_airport,New Tanegashima Airport,30.605100631699997,130.990997314,JP,Tanegashima,yes,RJFG,TNE,
RORT,medium_airport,Tarama Airport,24.653793,124.675453,JP,Tarama,yes,RORT,TRA,
RJOR,medium_airport,Tottori Sand Dunes Conan Airport,35.530058,134.165023,JP,Tottori,yes,RJOR,TTJ,
RJNT,medium_airport,Toyama Kitokito Airport,36.648416,137.187359,JP,Toyama,yes,RJNT,TOY,
RJBT,medium_airport,Konotori Tajima Airport,35.512798,134.787003,JP,Toyooka,yes,RJBT,TJH,
RJDT,medium_airport,Tsushima Airport,34.2849006653,129.330993652,JP,Tsushima,yes,RJDT,TSJ,
RJDC,medium_airport,Yamaguchi Ube Airport,33.93,131.279007,JP,Ube,yes,RJDC,UBJ,
RJKB,medium_airport,Okinoerabu Airport,27.431604,128.705564,JP,Wadomari,yes,RJKB,OKE,
RJNW,medium_airport,Noto Satoyama Airport,37.293098,136.962006,JP,Wajima,yes,RJNW,NTQ,
RJCW,medium_airport,Wakkanai Airport,45.4042015076,141.800994873,JP,Wakkanai,yes,RJCW,WKJ,
RJFC,medium_airport,Yakushima Airport,30.385599,130.658997,JP,Yakushima,yes,RJFC,KUM,
RJOH,medium_airport,Yonago Kitaro Airport / JASDF Miho Air Base,35.492199,133.235992,JP,Yonago,yes,RJOH,YGJ,
ROYN,medium_airport,Yonaguni Airport,24.467298,122.979827,JP,Yonaguni,yes,ROYN,OGN,
RORY,medium_airport,Yoron Airport,27.043847,128.401648,JP,Yoron,yes,RORY,RNJ,
RJCM,medium_airport,Memanbetsu Airport,43.8805999756,144.164001465,JP,Ōzora,yes,RJCM,MMB,
HKNL,medium_airport,Nanyuki Civil Airport,-0.062352,37.041296,KE,Gathiuru,yes,HKNL,NYK,
HKLU,medium_airport,Manda Airport,-2.252431,40.912892,KE,Lamu,yes,HKLU,LAU,
HKML,medium_airport,Malindi International Airport,-3.22931,40.1017,KE,Malindi,yes,HKML,MYD,
HKNW,medium_airport,Nairobi Wilson Airport,-1.32172,36.8148,KE,Nairobi,yes,HKNW,WIL,
HKAM,medium_airport,Amboseli Airport,-2.644786,37.252922,KE,Ol Tukai,yes,HKAM,ASV,
HKMS,medium_airport,Mara Serena Lodge Airstrip,-1.404588,35.008349,KE,Serena,yes,HKMS,MRE,
HKWJ,medium_airport,Wajir Airport,1.73324,40.091599,KE,Wajir,yes,HKWJ,WJR,
UAFP,medium_airport,Karakol International Airport,42.508099,78.407799,KG,Karakol,yes,UCFK,IKG,
VDBG,medium_airport,Battambang Airport,13.0956,103.223999,KH,Battambang,yes,VDBG,BBM,
FMCV,medium_airport,Ouani Airport,-12.131047,44.430044,KM,Ouani,yes,FMCV,AJN,
TKPN,medium_airport,Vance W. Amory International Airport,17.2057,-62.589901,KN,Charlestown,yes,TKPN,NEV,
ZKHM,medium_airport,Orang (Chongjin) Airport,41.428538,129.647555,KP,Hoemun-ri,yes,ZKHM,RGO,
ZKSD,medium_airport,Sondok Airport,39.745201,127.473999,KP,Sŏndŏng-ni,yes,ZKSD,DSO,
ZKWS,medium_airport,Wonsan Kalma Airport,39.165219,127.487931,KP,Wonsan,yes,ZKWS,WOS,
RKJK,medium_airport,Gunsan Airport / Gunsan Air Base,35.903801,126.615997,KR,Gunsan,yes,RKJK,KUV,
RKJJ,medium_airport,Gwangju Airport,35.123173,126.805444,KR,Gwangju,yes,RKJJ,KWJ,
RKTH,medium_airport,Pohang Airport (G-815/K-3),35.987955,129.420383,KR,Pohang,yes,RKTH,KPO,
RKPS,medium_airport,Sacheon Airport / Sacheon Air Base,35.088591,128.071747,KR,Sacheon,yes,RKPS,HIN,
RKPU,medium_airport,Ulsan Airport,35.59349823,129.352005005,KR,Ulsan,yes,RKPU,USN,
RKNW,medium_airport,Wonju Airport / Hoengseong Air Base (K-38/K-46),37.437113,127.960051,KR,Wonju,yes,RKNW,WJU,
RKJY,medium_airport,Yeosu Airport,34.84230041503906,127.61699676513672,KR,Yeosu,yes,RKJY,RSU,
MWCB,medium_airport,Charles Kirkconnell International Airport,19.687,-79.882797,KY,West End,yes,MWCB,CYB,
UAAH,medium_airport,Balkhash Airport,46.894246,75.004533,KZ,Balkhash,yes,UAAH,BXH,
UAAT,medium_airport,Taldykorgan Airport,45.12255,78.442758,KZ,Taldykorgan,yes,UAAT,TDK,
LA-0006,medium_airport,Bokeo International Airport,20.323986,100.165392,LA,Ton Phueng,yes,VLBK,BOR,
TLPC,medium_airport,George F. L. Charles Airport,14.0202,-60.992901,LC,Castries,yes,TLPC,SLU,
VCCB,medium_airport,Batticaloa International Airport,7.705073,81.677163,LK,Batticaloa,yes,VCCB,BTC,
VCCK,medium_airport,Koggala Airport,5.993680000305176,80.32029724121094,LK,Galle,yes,VCCK,KCT,
VCCT,medium_airport,China Bay Airport,8.539159,81.18128,LK,Trincomalee,yes,VCCT,TRR,
GLMR,medium_airport,Spriggs Payne Airport,6.28906,-10.7587,LR,Monrovia,yes,GLMR,MLW,
HLTD,medium_airport,Ghadames Airport,30.145484,9.702095,LY,Ghadames,yes,HLTD,LTD,
HLGT,medium_airport,Ghat Airport,25.1455993652,10.142600059500001,LY,Ghat,yes,HLGT,GHT,
HLKF,medium_airport,Kufra Airport,24.178699493408203,23.31399917602539,LY,Kufra,yes,HLKF,AKF,
HLLS,medium_airport,Sabha Airport,26.992452,14.466162,LY,Sabha,yes,HLLS,SEB,
GMFK,medium_airport,Moulay Ali Cherif Airport,31.9475002289,-4.39833021164,MA,Errachidia,yes,GMFK,ERH,
GMMI,medium_airport,Essaouira-Mogador Airport,31.397499,-9.68167,MA,Essaouira,yes,GMMI,ESU,
GMAT,medium_airport,Tan Tan Airport,28.447563,-11.161749,MA,Tan Tan,yes,GMAT,TTA,
LYTV,medium_airport,Tivat Airport,42.404701,18.723301,ME,Tivat,yes,LYTV,TIV,
TFFG,medium_airport,Grand Case-l'Espérance Airport,18.100057,-63.047444,MF,Grand Case,yes,TFFG,SFG,
FMNA,medium_airport,Arrachart Airport,-12.3494,49.291698,MG,Antisiranana,yes,FMNA,DIE,
FMNQ,medium_airport,Besalampy Airport,-16.74453,44.482484,MG,Besalampy,yes,FMNQ,BPY,
FMSM,medium_airport,Mananjary Airport,-21.201799,48.358299,MG,Mananjary,yes,FMSM,MNJ,
FMNR,medium_airport,Maroantsetra Airport,-15.437742,49.689081,MG,Maroantsetra,yes,FMNR,WMN,
FMMV,medium_airport,Morondava Airport,-20.2847,44.3176,MG,Morondava,yes,FMMV,MOQ,
FMNS,medium_airport,Sambava Airport,-14.2786,50.174702,MG,Sambava,yes,FMNS,SVB,
FMST,medium_airport,Toliara Airport,-23.3834,43.7285,MG,Toliara,yes,FMST,TLE,
FMSD,medium_airport,Tôlanaro Airport,-25.038099,46.9561,MG,Tôlanaro,yes,FMSD,FTU,
FMMS,medium_airport,Sainte Marie Airport,-17.093901,49.8158,MG,Vohilava,yes,FMMS,SMS,
PKWA,medium_airport,Bucholz Army Air Field,8.720120429992676,167.73199462890625,MH,Kwajalein,yes,PKWA,KWA,KWA
GAGO,medium_airport,Gao International Airport,16.248466,-0.005389,ML,Gao,yes,GAGO,GAQ,
GAKY,medium_airport,Kayes Dag Dag Airport,14.482521,-11.399335,ML,Kayes,yes,GAKD,KYS,
GAMB,medium_airport,Mopti Airport,14.5128,-4.07956,ML,Sévaré,yes,GAMB,MZI,
VYDW,medium_airport,Dawei Airport,14.1039,98.203598,MM,Dawei,yes,VYDW,TVY,
VYHH,medium_airport,Heho Airport,20.74714,96.792029,MM,Heho,yes,VYHH,HEH,
VYKT,medium_airport,Kawthoung Airport,10.049300193786621,98.53800201416016,MM,Kawthoung,yes,VYKT,KAW,
VYKG,medium_airport,Kengtung Airport,21.301599502563477,99.63600158691406,MM,Kengtung,yes,VYKG,KET,
VYKP,medium_airport,Kyaukpyu Airport,19.42639923095703,93.53479766845703,MM,Kyaukpyu,yes,VYKP,KYP,
VYLS,medium_airport,Lashio Airport,22.9778995513916,97.752197265625,MM,Lashio,yes,VYLS,LSH,
VYLK,medium_airport,Loikaw Airport,19.691499710083008,97.21479797363281,MM,Loikaw,yes,VYLK,LIW,
VYME,medium_airport,Myeik Airport,12.439800262451172,98.62149810791016,MM,Mkeik,yes,VYME,MGZ,
VYMS,medium_airport,Mong Hsat Airport,20.516799926757812,99.25679779052734,MM,Mong Hsat,yes,VYMS,MOG,
VYMK,medium_airport,Myitkyina Airport,25.3836,97.351898,MM,Myitkyina,yes,VYMK,MYT,
VYPT,medium_airport,Putao Airport,27.32990074157715,97.42630004882812,MM,Putao,yes,VYPT,PBU,
VYSW,medium_airport,Sittwe Airport,20.133165,92.870693,MM,Sittwe,yes,VYSW,AKY,
VYTL,medium_airport,Tachileik Airport,20.483800888061523,99.9354019165039,MM,Tachileik,yes,VYTL,THL,
VYTD,medium_airport,Thandwe Airport,18.4606990814209,94.30010223388672,MM,Thandwe,yes,VYTD,SNW,
ZMCD,medium_airport,Choibalsan Airport,48.135381,114.647231,MN,,yes,ZMCD,COQ,
ZMAT,medium_airport,Altai Airport,46.376399993896484,96.22109985351562,MN,Altai,yes,ZMAT,LTI,
ZMAH,medium_airport,Arvaikheer Airport,46.250301361083984,102.802001953125,MN,Arvaikheer,yes,ZMAH,AVK,
ZMBH,medium_airport,Bayankhongor Airport,46.1633,100.704002,MN,Bayankhongor,yes,ZMBH,BYN,
ZMBN,medium_airport,Bulgan Airport,48.85499954223633,103.47599792480469,MN,Bulgan,yes,ZMBN,UGA,
ZMDZ,medium_airport,Dalanzadgad Airport,43.608628,104.367734,MN,Dalanzadgad,yes,ZMDZ,DLZ,
ZMKD,medium_airport,Khovd Airport,47.954102,91.628197,MN,Khovd,yes,ZMKD,HVD,
ZMMN,medium_airport,Mörön Airport,49.663677,100.100028,MN,Mörön,yes,ZMMN,MXV,
ZMUG,medium_airport,Ulaangom Airport,50.066588,91.938273,MN,Ulaangom,yes,ZMUG,ULO,
ZMUL,medium_airport,Ölgii Mongolei International Airport,48.993301,89.922501,MN,Ölgii,yes,ZMUL,ULG,
PGSN,medium_airport,Saipan International Airport,15.119384,145.728848,MP,"I Fadang, Saipan",yes,PGSN,SPN,GSN
PGWT,medium_airport,Francisco Manglona Borja / Tinian International Airport,14.999207,145.619355,MP,Tinian Island,yes,PGWT,TIQ,TNI
GQPZ,medium_airport,Tazadit Airport,22.757345,-12.482228,MR,Zouérate,yes,GQPZ,OUZ,
FIMR,medium_airport,Sir Charles Gaetan Duval Airport,-19.756696,63.359326,MU,Port Mathurin,yes,FIMR,RRG,
VRMT,medium_airport,Kaadedhdhoo Airport,0.488131,72.996902,MV,Huvadhu Atoll,yes,VRMT,KDM,
VRMK,medium_airport,Kadhdhoo Airport,1.8591699600219727,73.52189636230469,MV,Kadhdhoo,yes,VRMK,KDO,
VRMV,medium_airport,Villa International Airport Maamigili,3.471751,72.832633,MV,Maamigili,yes,VRMV,VAM,
MMSL,medium_airport,Cabo San Lucas International Airport,22.949072,-109.939479,MX,Cabo San Lucas,yes,MMSL,CSW,CSL
MMCP,medium_airport,Ingeniero Alberto Acuña Ongay International Airport,19.815969,-90.500125,MX,Campeche,yes,MMCP,CPE,
MMCM,medium_airport,Chetumal International Airport,18.504985,-88.328018,MX,Chetumal,yes,MMCM,CTM,
MMCE,medium_airport,Ciudad del Carmen International Airport,18.651516,-91.799355,MX,Ciudad del Carmen,yes,MMCE,CME,
MMTM,medium_airport,General Francisco Javier Mina International Airport,22.292622,-97.867058,MX,Ciudad Madero,yes,MMTM,TAM,
MMCN,medium_airport,Ciudad Obregón International Airport,27.39259910583496,-109.83300018310547,MX,Ciudad Obregón,yes,MMCN,CEN,
MMCV,medium_airport,General Pedro Jose Mendez International Airport,23.7033,-98.956497,MX,Ciudad Victoria,yes,MMCV,CVM,
MMIA,medium_airport,Licenciado Miguel de la Madrid International Airport,19.277,-103.577002,MX,Colima,yes,MMIA,CLQ,COL
MMMT,medium_airport,Minatitlán/Coatzacoalcos International Airport,18.103399,-94.580704,MX,Cosoleacaque,yes,MMMT,MTT,
MMDO,medium_airport,General Guadalupe Victoria International Airport,24.125468,-104.527938,MX,Durango,yes,MMDO,DGO,
MMGM,medium_airport,General José María Yáñez International Airport,27.9689998626709,-110.92500305175781,MX,Guaymas,yes,MMGM,GYM,
MMIT,medium_airport,General Antonio Cárdenas Rodríguez National Airport / Ixtepec Air Base,16.445961,-95.093708,MX,Ixtepec,yes,MMIT,IZT,
MMLP,medium_airport,Manuel Márquez de León International Airport,24.072331,-110.362662,MX,La Paz,yes,MMLP,LAP,
MMLM,medium_airport,Valle del Fuerte International Airport,25.685503,-109.081159,MX,Los Mochis,yes,MMLM,LMM,
MMZO,medium_airport,Playa de Oro International Airport,19.1448,-104.558998,MX,Manzanillo,yes,MMZO,ZLO,
MMMA,medium_airport,General Servando Canales International Airport,25.7698993683,-97.5252990723,MX,Matamoros,yes,MMMA,MAM,
MMML,medium_airport,General Rodolfo Sánchez Taboada International Airport,32.630629,-115.242805,MX,Mexicali,yes,MMML,MXL,M1L
MMNL,medium_airport,Quetzalcóatl International Airport,27.443899,-99.570503,MX,Nuevo Laredo,yes,MMNL,NLD,
MMPG,medium_airport,Piedras Negras International Airport,28.627873,-100.53524,MX,Piedras Negras,yes,MMPG,PDS,PNG
MMPA,medium_airport,El Tajín National Airport,20.6026992798,-97.46080017090001,MX,Poza Rica,yes,MMPA,PAZ,
MMPS,medium_airport,Puerto Escondido International Airport,15.876808,-97.0891,MX,Puerto Escondido,yes,MMPS,PXM,P1M
MMRX,medium_airport,General Lucio Blanco International Airport,26.0089,-98.2285,MX,Reynosa,yes,MMRX,REX,REI
MMIO,medium_airport,Plan de Guadalupe International Airport,25.53786,-100.928346,MX,Saltillo,yes,MMIO,SLW,
MMSP,medium_airport,Ponciano Arriaga International Airport,22.262026,-100.935692,MX,San Luis Potosí,yes,MMSP,SLP,
MMTP,medium_airport,Tapachula International Airport,14.794549,-92.369871,MX,Tapachula,yes,MMTP,TAP,
MMEP,medium_airport,Amado Nervo National Airport,21.419833,-104.842472,MX,Tepic,yes,MMEP,TPQ,TNY
MMTC,medium_airport,Francisco Sarabia Tinoco International Airport,25.562265,-103.404608,MX,Torreón,yes,MMTC,TRC,
MMTG,medium_airport,Angel Albino Corzo International Airport,16.561611,-93.025731,MX,Tuxtla Gutiérrez,yes,MMTG,TGZ,TGZ
MMPN,medium_airport,Uruapan - Licenciado y General Ignacio Lopez Rayon International Airport,19.3967,-102.039001,MX,Uruapan,yes,MMPN,UPN,
MMZC,medium_airport,General Leobardo C. Ruiz International Airport,22.894942,-102.687154,MX,Zacatecas,yes,MMZC,ZCL,
WMKA,medium_airport,Sultan Abdul Halim Airport,6.189670085906982,100.39800262451172,MY,Alor Satar,yes,WMKA,AOR,
WBGZ,medium_airport,Bario Airport,3.734648,115.478548,MY,Bario,yes,WBGZ,BBN,
WBGB,medium_airport,Bintulu Airport,3.12385010719,113.019996643,MY,Bintulu,yes,WBGB,BTU,
WMKC,medium_airport,Sultan Ismail Petra Airport,6.1668500900268555,102.29299926757812,MY,Kota Baharu,yes,WMKC,KBR,
WMKN,medium_airport,Sultan Mahmud Airport,5.3826398849487305,103.10299682617188,MY,Kuala Terengganu,yes,WMKN,TGG,
WMKD,medium_airport,Kuantan Airport,3.7753899097442627,103.20899963378906,MY,Kuantan,yes,WMKD,KUA,
WBKL,medium_airport,Labuan Airport,5.301667,115.248333,MY,Labuan,yes,WBKL,LBU,
WBKD,medium_airport,Lahad Datu Airport,5.03241,118.32376,MY,Lahad Datu,yes,WBKD,LDU,
WBGJ,medium_airport,Limbang Airport,4.808300018310547,115.01000213623047,MY,Limbang,yes,WBGJ,LMN,
WMKM,medium_airport,Malacca International Airport,2.265613,102.252778,MY,Malacca,yes,WMKM,MKZ,
WBGM,medium_airport,Marudi Airport,4.178734,114.330318,MY,Marudi,yes,WBGM,MUR,
WBGR,medium_airport,Miri Airport,4.32201,113.987,MY,Miri,yes,WBGR,MYY,
WBGK,medium_airport,Mukah Airport,2.881944,112.043333,MY,Mukah,yes,WBGK,MKM,
WBMU,medium_airport,Mulu Airport,4.048329830169678,114.80500030517578,MY,Mulu,yes,WBMU,MZV,
WBKS,medium_airport,Sandakan Airport,5.900899887084961,118.05899810791016,MY,Sandakan,yes,WBKS,SDK,
WBGS,medium_airport,Sibu Airport,2.2616,111.985001,MY,Sibu,yes,WBGS,SBW,
WBKW,medium_airport,Tawau Airport,4.31338,118.12152,MY,Tawau,yes,WBKW,TWU,
WMBT,medium_airport,Tioman Airport,2.81818,104.160004,MY,Tioman Island,yes,WMBT,TOD,
FQCH,medium_airport,Chimoio Airport,-19.15130043029785,33.42900085449219,MZ,Chimoio,yes,FQCH,VPY,
FQIN,medium_airport,Inhambane Airport,-23.8764,35.408501,MZ,Inhambane,yes,FQIN,INH,
FQLC,medium_airport,Lichinga Airport,-13.274,35.2663,MZ,Lichinga,yes,FQLC,VXC,
FQNC,medium_airport,Nacala International Airport,-14.4882,40.7122,MZ,Nacala,yes,FQNC,MNC,
FQPB,medium_airport,Pemba Airport,-12.993302,40.524867,MZ,Pemba,yes,FQPB,POL,
FQQL,medium_airport,Quelimane Airport,-17.855499267578125,36.86909866333008,MZ,Quelimane,yes,FQQL,UEL,
FQVL,medium_airport,Vilankulo Airport,-22.018400192260742,35.31330108642578,MZ,Vilanculo,yes,FQVL,VNX,
FYLZ,medium_airport,Luderitz Airport,-26.687400817871094,15.242899894714355,NA,Luderitz,yes,FYLZ,LUD,
FYKM,medium_airport,Katima Mulilo Airport,-17.634258,24.176688,NA,Mpacha,yes,FYKM,MPA,
FYOA,medium_airport,Ondangwa Airport,-17.878201,15.9526,NA,Ondangwa,yes,FYOA,OND,
FYOG,medium_airport,Oranjemund Airport,-28.585318,16.44638,NA,Oranjemund,yes,FYOG,OMD,
FYRU,medium_airport,Rundu Airport,-17.956499,19.7194,NA,Rundu,yes,FYRU,NDU,
FYWE,medium_airport,Eros Airport,-22.60492,17.079002,NA,Windhoek,yes,FYWE,ERS,
NWWD,medium_airport,Koné Airport,-21.053551,164.838768,NC,Koné,yes,NWWD,KNQ,
NWWL,medium_airport,Lifou Airport,-20.774563,167.239328,NC,Lifou,yes,NWWL,LIF,
NWWR,medium_airport,Maré Airport,-21.482438,168.038465,NC,Maré,yes,NWWR,MEE,
NWWM,medium_airport,Nouméa Magenta Airport,-22.257706,166.472822,NC,Nouméa,yes,NWWM,GEA,
NWWV,medium_airport,Ouvéa Airport,-20.640932,166.573024,NC,Ouvéa,yes,NWWV,UVE,
NWWA,medium_airport,Tiga Airport,-21.096407,167.80379,NC,Tiga,yes,NWWA,TGJ,
NWWU,medium_airport,Touho Airport,-20.790127,165.259524,NC,Touho,yes,NWWU,TOU,
NWWE,medium_airport,Île des Pins Airport,-22.5889,167.455994,NC,Île des Pins,yes,NWWE,ILP,
DRZR,medium_airport,Zinder Airport,13.779000282287598,8.983759880065918,NE,Zinder,yes,DRZR,ZND,
YSNF,medium_airport,Norfolk Island International Airport,-29.041759,167.939474,NF,Burnt Pine,yes,YSNF,NLK,
DNAK,medium_airport,Akure Airport,7.246739864349365,5.3010101318359375,NG,Akure,yes,DNAK,AKR,
DNBE,medium_airport,Benin Airport,6.316979885101318,5.5995001792907715,NG,Benin,yes,DNBE,BNI,
DNCA,medium_airport,Margaret Ekpo International Airport,4.976019859313965,8.347200393676758,NG,Calabar,yes,DNCA,CBQ,
DNGO,medium_airport,Gombe Lawanti International Airport,10.298889,10.9,NG,Gombe,yes,DNGO,GMO,
DNIB,medium_airport,Ibadan Airport,7.362460136413574,3.97832989692688,NG,Ibadan,yes,DNIB,IBA,
DNJO,medium_airport,Yakubu Gowon Airport,9.639829635620117,8.869050025939941,NG,Jos,yes,DNJO,JOS,
DN57,medium_airport,Umaru Musa Yar'adua Airport,13.0078,7.66045,NG,Katsina,yes,DNKT,DKA,
DNMK,medium_airport,Makurdi Airport,7.70388,8.61394,NG,Makurdi,yes,DNMK,MDI,
DNSU,medium_airport,Warri Airport,5.59821,5.8187,NG,Okpe,yes,DNSU,QRW,
DNIM,medium_airport,Sam Mbakwe International Cargo Airport,5.42706,7.20603,NG,Owerri,yes,DNIM,QOW,
NG-0004,medium_airport,Port Harcourt City Airport / Port Harcourt Air Force Base,4.846111,7.021389,NG,Port Harcourt,yes,DNPM,PHG,
DNAI,medium_airport,Akwa Ibom International Airport,4.8725,8.093,NG,Uyo,yes,DNAI,QUO,
DNYO,medium_airport,Yola Airport,9.257550239562988,12.430399894714355,NG,Yola,yes,DNYO,YOL,
MNBL,medium_airport,Bluefields Airport,11.991,-83.774101,NI,Bluefields,yes,MNBL,BEF,
MNPC,medium_airport,Puerto Cabezas Airport,14.047200202941895,-83.38670349121094,NI,Puerto Cabezas,yes,MNPC,PUZ,
ENST,medium_airport,"Sandnessjøen Airport, Stokka",65.956802,12.4689,NO,Alstahaug,yes,ENST,SSJ,
ENAT,medium_airport,Alta Airport,69.976097,23.3717,NO,Alta,yes,ENAT,ALF,
ENAN,medium_airport,"Andøya Airport, Andenes",69.295193,16.139379,NO,Andenes,yes,ENAN,ANX,
ENBV,medium_airport,Berlevåg Airport,70.871517,29.034097,NO,Berlevåg,yes,ENBV,BVG,
ENBN,medium_airport,"Brønnøysund Airport, Brønnøy",65.461098,12.2175,NO,Brønnøy,yes,ENBN,BNN,
ENBS,medium_airport,Båtsfjord Airport,70.60025,29.692612,NO,Båtsfjord,yes,ENBS,BJF,
ENFL,medium_airport,Florø Airport,61.583599090576,5.0247201919556,NO,Florø,yes,ENFL,FRO,
ENSK,medium_airport,"Stokmarknes Airport, Skagen",68.578827,15.033417,NO,Hadsel,yes,ENSK,SKN,
ENHF,medium_airport,Hammerfest Airport,70.679703,23.6686,NO,Hammerfest,yes,ENHF,HFT,
ENHV,medium_airport,"Honningsvåg Airport, Valan",71.009697,25.983601,NO,Honningsvåg,yes,ENHV,HVG,
ENHD,medium_airport,"Haugesund Airport, Karmøy",59.345299,5.20836,NO,Karmøy,yes,ENHD,HAU,
ENKR,medium_airport,"Kirkenes Airport, Høybuktmoen",69.7258,29.8913,NO,Kirkenes,yes,ENKR,KKN,
ENKB,medium_airport,"Kristiansund Airport, Kvernberget",63.111801,7.82452,NO,Kvernberget,yes,ENKB,KSU,
ENNA,medium_airport,"Lakselv Airport, Banak",70.068802,24.973499,NO,Lakselv,yes,ENNA,LKL,
ENSO,medium_airport,"Stord Airport, Sørstokken",59.791901,5.34085,NO,Leirvik,yes,ENSO,SRP,
ENLK,medium_airport,Leknes Airport,68.152496337891,13.609399795532,NO,Leknes,yes,ENLK,LKN,
ENSB,medium_airport,"Svalbard Airport, Longyear",78.246101,15.4656,NO,Longyearbyen,yes,ENSB,LYR,
ENMH,medium_airport,Mehamn Airport,71.029701,27.8267,NO,Mehamn,yes,ENMH,MEH,
ENRA,medium_airport,"Mo i Rana Airport, Røssvoll",66.363899230957,14.301400184631,NO,Mo i Rana,yes,ENRA,MQN,
ENMS,medium_airport,"Mosjøen Airport, Kjærstad",65.783997,13.2149,NO,Mosjøen,yes,ENMS,MJF,
ENDU,medium_airport,Bardufoss Airport,69.055801,18.5404,NO,Målselv,yes,ENDU,BDU,
ENRO,medium_airport,Røros Airport,62.578399658203,11.342300415039,NO,Røros,yes,ENRO,RRS,
ENRM,medium_airport,"Rørvik Airport, Ryum",64.838302612305,11.14610004425,NO,Rørvik,yes,ENRM,RVK,
ENSH,medium_airport,"Svolvær Airport, Helle",68.243301,14.6692,NO,Svolvær,yes,ENSH,SVJ,
ENSR,medium_airport,Sørkjosen Airport,69.786797,20.9594,NO,Sørkjosen,yes,ENSR,SOJ,
ENVD,medium_airport,Vadsø Airport,70.0653,29.8447,NO,Vadsø,yes,ENVD,VDS,
ENSS,medium_airport,"Vardø Airport, Svartnes",70.3554,31.044901,NO,Vardø,yes,ENSS,VAW,
ENML,medium_airport,"Molde Airport, Årø",62.744701,7.2625,NO,Årø,yes,ENML,MOL,
ENOL,medium_airport,Ørland Airport,63.69889831542969,9.604000091552734,NO,Ørland,yes,ENOL,OLA,
ENOV,medium_airport,"Ørsta-Volda Airport, Hovden",62.180000305176,6.0741000175476,NO,Ørsta,yes,ENOV,HOV,
VNVT,medium_airport,Biratnagar Airport,26.48150062561035,87.26399993896484,NP,Biratnagar,yes,VNVT,BIR,
VNJP,medium_airport,Janakpur Airport,26.708799,85.922401,NP,Janakpur,yes,VNJP,JKR,
VNLK,medium_airport,Tenzing-Hillary Airport,27.686768,86.729479,NP,Lukla,yes,VNLK,LUA,
VNNG,medium_airport,Nepalgunj Airport,28.1036,81.667,NP,Nepalgunj,yes,VNNG,KEP,
VNPK,medium_airport,Pokhara Domestic Airport,28.200621,83.981203,NP,Pokhara,yes,VNPK,PKR,
VNTJ,medium_airport,Taplejung Airport,27.3509,87.69525,NP,Taplejung,yes,VNTJ,TPJ,
ANYN,medium_airport,Nauru International Airport,-0.547893,166.919525,NR,Yaren,yes,ANYN,INU,
NIUE,medium_airport,Niue International Airport,-19.080109,-169.923493,NU,Alofi,yes,NIUE,IUE,
NZHK,medium_airport,Hokitika Airfield,-42.713600158691406,170.98500061035156,NZ,,yes,NZHK,HKK,
NZTU,medium_airport,Timaru Airport,-44.302799224853516,171.22500610351562,NZ,,yes,NZTU,TIU,
NZKT,medium_airport,Kaitaia Airport,-35.069837,173.287053,NZ,Awanui,yes,NZKT,KAT,
NZWB,medium_airport,Woodbourne Airport,-41.5182991027832,173.8699951171875,NZ,Blenheim,yes,NZWB,BHE,
NZDN,medium_airport,Dunedin International Airport,-45.929017,170.197758,NZ,Dunedin,yes,NZDN,DUD,
NZGS,medium_airport,Gisborne Airport,-38.6633,177.977997,NZ,Gisborne,yes,NZGS,GIS,
NZHN,medium_airport,Hamilton International Airport,-37.866961,175.331952,NZ,Hamilton,yes,NZHN,HLZ,
NZNV,medium_airport,Invercargill Airport,-46.41239929199219,168.31300354003906,NZ,Invercargill,yes,NZNV,IVC,
NZKK,medium_airport,Kerikeri Airport,-35.259148,173.913317,NZ,Kerikeri,yes,NZKK,KKE,
NZNR,medium_airport,Hawke's Bay Airport,-39.465801,176.869995,NZ,Napier,yes,NZNR,NPE,
NZNS,medium_airport,Nelson Airport,-41.298302,173.220993,NZ,Nelson,yes,NZNS,NSN,
NZNP,medium_airport,New Plymouth Airport,-39.00859832763672,174.1790008544922,NZ,New Plymouth,yes,NZNP,NPL,
NZPM,medium_airport,Palmerston North Airport,-40.320599,175.617004,NZ,Palmerston North,yes,NZPM,PMR,
NZRO,medium_airport,Rotorua Regional Airport,-38.1092,176.317001,NZ,Rotorua,yes,NZRO,ROT,
NZAP,medium_airport,Taupo Airport,-38.73970031738281,176.08399963378906,NZ,Taupo,yes,NZAP,TUO,
NZTG,medium_airport,Tauranga Airport,-37.67190170288086,176.1959991455078,NZ,Tauranga,yes,NZTG,TRG,
NZCI,medium_airport,Inia William Tuuta Memorial Airport,-43.81189,-176.46514,NZ,Te One,yes,NZCI,CHT,
NZWF,medium_airport,Wanaka Airport,-44.722091,169.246287,NZ,Wanaka,yes,NZWF,WKA,
NZWU,medium_airport,Wanganui Airport,-39.963467,175.02444,NZ,Wanganui,yes,NZWU,WAG,
NZWS,medium_airport,Westport Airport,-41.737111,171.579033,NZ,Westport,yes,NZWS,WSZ,
NZWK,medium_airport,Whakatāne Airport,-37.922224,176.91696,NZ,Whakatāne,yes,NZWK,WHK,
NZWR,medium_airport,Whangarei Airport,-35.769253,174.363713,NZ,Whangarei,yes,NZWR,WRE,
OOKB,medium_airport,Khasab Airport,26.171,56.240601,OM,Khasab,yes,OOKB,KHS,
MPMG,medium_airport,Marcos A. Gelabert International Airport,8.97334,-79.555603,PA,Albrook,yes,MPMG,PAC,
MPCH,medium_airport,Changuinola Captain Manuel Niño International Airport,9.458962,-82.515062,PA,Changuinola,yes,MPCH,CHX,
MPCE,medium_airport,Alonso Valderrama Airport,7.98784,-80.409837,PA,Chitré,yes,MPCE,CTD,
MPEJ,medium_airport,Enrique Adolfo Jimenez Airport,9.35664,-79.867401,PA,Colón,yes,MPEJ,ONX,
MPDA,medium_airport,Enrique Malek International Airport,8.388983,-82.436425,PA,David,yes,MPDA,DAV,
MPBO,medium_airport,"Bocas del Toro ""Isla Colón"" International Airport",9.34085,-82.250801,PA,Isla Colón,yes,MPBO,BOC,
SPHO,medium_airport,Air Force Colonel Alfredo Mendivil Duarte Airport,-13.1548,-74.204399,PE,Ayacucho,yes,SPHO,AYP,
SPJR,medium_airport,Mayor General FAP Armando Revoredo Iglesias Airport,-7.13918,-78.489403,PE,Cajamarca,yes,SPJR,CJA,
SPPY,medium_airport,Chachapoyas Airport,-6.201911,-77.856195,PE,Chachapoyas,yes,SPPY,CHH,
SPEO,medium_airport,FAP Lieutenant Jaime Andres de Montreuil Morales Airport,-9.14961,-78.523804,PE,Chimbote,yes,SPEO,CHM,
SPNC,medium_airport,Alferez Fap David Figueroa Fernandini Airport,-9.878809928894043,-76.20480346679688,PE,Huánuco,yes,SPNC,HUU,
SPLO,medium_airport,General Jorge Fernandez Maldon Airport,-17.695,-71.344002,PE,Ilo,yes,SPLO,ILQ,
SPJJ,medium_airport,Francisco Carle Airport,-11.7831001282,-75.47339630130001,PE,Jauja,yes,SPJJ,JAU,
SPJE,medium_airport,Shumba Airport,-5.59248,-78.774002,PE,Jaén,yes,SPJE,JAE,
SPZA,medium_airport,Maria Reiche Neuman Airport,-14.854,-74.961502,PE,Nazca,yes,SPZA,NZC,
SPUR,medium_airport,PAF Captain Guillermo Concha Iberico International Airport,-5.20575,-80.616402,PE,Piura,yes,SPUR,PIU,
SPTU,medium_airport,Padre Aldamiz International Airport,-12.6135997772,-69.2285995483,PE,Puerto Maldonado,yes,SPTU,PEM,
SPTN,medium_airport,Coronel FAP Carlos Ciriani Santa Rosa International Airport,-18.053300857500002,-70.2758026123,PE,Tacna,yes,SPTN,TCQ,
SPYL,medium_airport,Captain Victor Montes Arias International Airport,-4.57664,-81.254097,PE,Talara,yes,SPYL,TYL,
SPST,medium_airport,Cadete FAP Guillermo Del Castillo Paredes Airport,-6.508739948272705,-76.37319946289062,PE,Tarapoto,yes,SPST,TPP,
SPME,medium_airport,Captain Pedro Canga Rodríguez International Airport,-3.552074,-80.381086,PE,Tumbes,yes,SPME,TBP,
SPMS,medium_airport,Moises Benzaquen Rengifo Airport,-5.89377,-76.118202,PE,Yurimaguas,yes,SPMS,YMS,
NTGU,medium_airport,Arutua Airport,-15.248299598693848,-146.61700439453125,PF,,yes,NTGU,AXR,
NTGF,medium_airport,Fakarava Airport,-16.054100036621094,-145.65699768066406,PF,,yes,NTGF,FAV,
NTGI,medium_airport,Manihi Airport,-14.436800003051758,-146.07000732421875,PF,,yes,NTGI,XMH,
NTGV,medium_airport,Mataiva Airport,-14.8681001663208,-148.7169952392578,PF,,yes,NTGV,MVT,
NTTP,medium_airport,Maupiti Airport,-16.42650032043457,-152.24400329589844,PF,,yes,NTTP,MAU,
NTTG,medium_airport,Rangiroa Airport,-14.954299926757812,-147.66099548339844,PF,,yes,NTTG,RGI,
NTAR,medium_airport,Rurutu Airport,-22.434099197387695,-151.36099243164062,PF,,yes,NTAR,RUR,
NTGT,medium_airport,Takapoto Airport,-14.709500312805176,-145.24600219726562,PF,,yes,NTGT,TKP,
NTKR,medium_airport,Takaroa Airport,-14.45580005645752,-145.02499389648438,PF,,yes,NTKR,TKX,
NTGJ,medium_airport,Totegegie Airport,-23.07990074157715,-134.88999938964844,PF,,yes,NTGJ,GMR,
NTAT,medium_airport,Tubuai Airport,-23.365400314331055,-149.5240020751953,PF,,yes,NTAT,TUB,
NTHE,medium_airport,Ahe Airport,-14.428099632263184,-146.2570037841797,PF,Ahe Atoll,yes,NTHE,AHE,
NTGA,medium_airport,Anaa Airport,-17.3526,-145.509995,PF,Anaa,yes,NTGA,AAA,
NTGB,medium_airport,Fangatau Airport,-15.820044,-140.888071,PF,Fangatau,yes,NTGB,FGU,
NTTH,medium_airport,Huahine-Fare Airport,-16.687084,-151.021593,PF,Fare,yes,NTTH,HUH,
NTMN,medium_airport,Hiva Oa-Atuona Airport,-9.76879024506,-139.011001587,PF,Hiva Oa Island,yes,NTMN,AUQ,
NTGM,medium_airport,Makemo Airport,-16.5839,-143.658005,PF,Makemo,yes,NTGM,MKP,
NTTM,medium_airport,Moorea Temae Airport,-17.48979,-149.761777,PF,Moorea-Maiao,yes,NTTM,MOZ,
NTTB,medium_airport,Bora Bora Airport,-16.444400787353516,-151.75100708007812,PF,Motu Mute,yes,NTTB,BOB,
NTMD,medium_airport,Nuku Hiva Airport,-8.7956,-140.229004,PF,Nuku Hiva,yes,NTMD,NHV,
NTTO,medium_airport,Hao Airport,-18.0748,-140.945999,PF,Otepa,yes,NTTO,HOI,
NTGK,medium_airport,Kaukura Airport,-15.6633,-146.884995,PF,Raitahiti,yes,NTGK,KKR,
NTGC,medium_airport,Tikehau Airport,-15.1196,-148.231003,PF,Tuherahera,yes,NTGC,TIH,
NTTR,medium_airport,Raiatea Airport,-16.7229,-151.466003,PF,Uturoa,yes,NTTR,RFP,
AYBA,medium_airport,Baimuru Airport,-7.496955,144.821756,PG,Baimuru,yes,AYBA,VMU,BMU
AYBM,medium_airport,Balimo Airport,-8.05000019073,142.932998657,PG,Balimo,yes,AYBM,OPU,BLI
AYBK,medium_airport,Buka Airport,-5.422299,154.672698,PG,Buka Island,yes,AYBK,BUA,
AYDU,medium_airport,Daru Airport,-9.08676,143.207993,PG,Daru,yes,AYDU,DAU,
AYGA,medium_airport,Goroka Airport,-6.081689834590001,145.391998291,PG,Goronka,yes,AYGA,GKA,
AYGN,medium_airport,Gurney Airport,-10.3114995956,150.333999634,PG,Gurney,yes,AYGN,GUR,
AYKV,medium_airport,Kavieng Airport,-2.57940006256,150.807998657,PG,Kavieng,yes,AYKV,KVG,
AYKM,medium_airport,Kerema Airport,-7.96361017227,145.770996094,PG,Kerema,yes,AYKM,KMA,
AYHK,medium_airport,Hoskins Airport,-5.463846,150.407327,PG,Kimbe,yes,AYHK,HKN,
AYTK,medium_airport,Tokua Airport,-4.34046,152.380005,PG,Kokopo,yes,AYTK,RAB,
AYCH,medium_airport,Chimbu Airport,-6.024290084838867,144.9709930419922,PG,Kundiawa,yes,AYCH,CMU,
AYMD,medium_airport,Madang Airport,-5.20707988739,145.789001465,PG,Madang,yes,AYMD,MAG,
AYMO,medium_airport,Momote Airport,-2.06189,147.423996,PG,Manus Island,yes,AYMO,MAS,
AYMN,medium_airport,Mendi Airport,-6.14774,143.656998,PG,Mendi,yes,AYMN,MDU,
AYMH,medium_airport,Mount Hagen Kagamuga Airport,-5.828212,144.299412,PG,Mount Hagen,yes,AYMH,HGU,
AYGR,medium_airport,Girua Airport,-8.80453968048,148.309005737,PG,Popondetta,yes,AYGR,PNP,
AYVN,medium_airport,Vanimo Airport,-2.6926,141.3028,PG,Vanimo,yes,AYVN,VAI,
AYWD,medium_airport,Wapenamanda Airport,-5.635293,143.892231,PG,Wapenamanda,yes,AYWD,WBM,
AYWK,medium_airport,Wewak International Airport,-3.58383011818,143.669006348,PG,Wewak,yes,AYWK,WWK,
RPUB,medium_airport,Loakan Airport,16.375034,120.619949,PH,Baguio,yes,RPUB,BAG,
RPUO,medium_airport,Basco Airport,20.4513,121.980003,PH,Basco,yes,RPUO,BSO,
RPMN,medium_airport,Sanga Sanga Airport,5.048196,119.743338,PH,Bongao,yes,RPMN,TWT,
RPME,medium_airport,Bancasi Airport,8.9515,125.4788,PH,Butuan,yes,RPME,BXU,
RPVC,medium_airport,Calbayog Airport,12.072574,124.54508,PH,Calbayog City,yes,RPVC,CYP,
RPVF,medium_airport,Catarman National Airport,12.50161,124.635258,PH,Catarman,yes,RPVF,CRM,
RPVE,medium_airport,Godofredo P. Ramos Airport,11.9245,121.954002,PH,Caticlan,yes,RPVE,MPH,
RPUY,medium_airport,Cauayan Airport,16.9298992157,121.752998352,PH,Cauayan City,yes,RPUY,CYZ,
RPVV,medium_airport,Francisco B. Reyes (Busuanga) Airport,12.121865,120.100801,PH,Coron,yes,RPVV,USU,
RPMC,medium_airport,Cotabato (Awang) Airport,7.164753,124.209938,PH,Datu Odin Sinsuat,yes,RPMC,CBO,
RPMG,medium_airport,Dipolog Airport,8.601983,123.341875,PH,Dipolog,yes,RPMG,DPL,
RPVD,medium_airport,Sibulan Airport,9.334183,123.30191,PH,Dumaguete City,yes,RPVD,DGT,
RPMJ,medium_airport,Jolo Airport,6.05367,121.011002,PH,Jolo,yes,RPMJ,JOL,
RPMH,medium_airport,Camiguin Airport,9.253894,124.709115,PH,Mambajao,yes,RPMH,CGM,
RPVJ,medium_airport,Moises R. Espinosa Airport,12.369682,123.630095,PH,Masbate,yes,RPVJ,MBT,
RPUN,medium_airport,Naga Airport,13.58489990234375,123.2699966430664,PH,Naga,yes,RPUN,WNP,
RPMO,medium_airport,Labo Airport,8.17851,123.842003,PH,Ozamiz,yes,RPMO,OZC,
RPMP,medium_airport,Pagadian Airport,7.825632,123.459635,PH,Pagadian,yes,RPMP,PAG,
RPSP,medium_airport,Bohol-Panglao International Airport,9.573045,123.770143,PH,Panglao,yes,RPSP,TAG,
RPVR,medium_airport,Roxas Airport,11.597700119018555,122.75199890136719,PH,Roxas City,yes,RPVR,RXS,
RPUH,medium_airport,San Jose Airport,12.361499786399998,121.04699707,PH,San Jose,yes,RPUH,SJI,
RPMS,medium_airport,Surigao Airport,9.755838325629998,125.480947495,PH,Surigao City,yes,RPMS,SUG,
RPVU,medium_airport,Tugdan Airport,12.3109998703,122.084999084,PH,Tablas Island,yes,RPVU,TBH,
RPVA,medium_airport,Daniel Z. Romualdez Airport,11.227761,125.027783,PH,Tacloban City,yes,RPVA,TAC,DZR
RPUT,medium_airport,Tuguegarao Airport,17.6433676823,121.733150482,PH,Tuguegarao City,yes,RPUT,TUG,
RPUV,medium_airport,Virac Airport,13.576399803161621,124.20600128173828,PH,Virac,yes,RPUV,VRC,
OPBW,medium_airport,Bahawalpur Airport,29.348100662231445,71.71800231933594,PK,Bahawalpur,yes,OPBW,BHV,
OPCH,medium_airport,Chitral Airport,35.886213,71.799922,PK,Chitral,yes,OPCH,CJL,
OPDG,medium_airport,Dera Ghazi Khan Airport,29.961000442504883,70.48590087890625,PK,Dera Ghazi Khan,yes,OPDG,DEA,
OPZB,medium_airport,Zhob Airport,31.358400344848633,69.4636001586914,PK,Fort Sandeman,yes,OPZB,PZH,
OPGT,medium_airport,Gilgit Airport,35.918800354003906,74.33360290527344,PK,Gilgit,yes,OPGT,GIL,
OPNH,medium_airport,Shaheed Benazirabad Airport,26.2194,68.390099,PK,Nawabashah,yes,OPNH,WNS,
OPRK,medium_airport,Shaikh Zaid Airport,28.383899688720703,70.27960205078125,PK,Rahim Yar Khan,yes,OPRK,RYK,
OPSK,medium_airport,Begum Nusrat Bhutto International Airport Sukkur,27.722,68.791702,PK,Sukkur,yes,OPSK,SKZ,
EPBY,medium_airport,Ignacy Jan Paderewski Bydgoszcz Airport,53.096802,17.977699,PL,Bydgoszcz,yes,EPBY,BZG,
EPZG,medium_airport,Zielona Góra-Babimost Airport,52.1385,15.7986,PL,Nowe Kramsko,yes,EPZG,IEG,
EPRA,medium_airport,Warsaw Radom Airport,51.38937,21.214742,PL,Radom,yes,EPRA,RDO,
EPSY,medium_airport,Olsztyn-Mazury Airport,53.481899,20.9377,PL,Szymany,yes,EPSY,SZY,
LFVP,medium_airport,Saint-Pierre Pointe-Blanche Airport,46.762651,-56.17499,PM,Saint-Pierre,yes,LFVP,FSP,
TJBQ,medium_airport,Rafael Hernández International Airport,18.4949,-67.129402,PR,Aguadilla,yes,TJBQ,BQN,BQN
TJRV,medium_airport,José Aponte de la Torre Airport,18.247262,-65.63979,PR,Ceiba,yes,TJRV,NRR,RVR
TJCP,medium_airport,Benjamin Rivera Noriega Airport,18.312954,-65.303893,PR,Culebra,yes,TJCP,CPX,CPX
TJMZ,medium_airport,Eugenio Maria De Hostos Airport,18.255699157714844,-67.14849853515625,PR,Mayaguez,yes,TJMZ,MAZ,MAZ
TJPS,medium_airport,Mercedita International Airport,18.008301,-66.563004,PR,Ponce,yes,TJPS,PSE,PSE
TJIG,medium_airport,Fernando Luis Ribas Dominicci Airport,18.45680046081543,-66.09809875488281,PR,San Juan,yes,TJIG,SIG,SIG
TJVQ,medium_airport,Antonio Rivera Rodriguez Airport,18.1348,-65.493599,PR,Vieques,yes,TJVQ,VQS,VQS
LPBG,medium_airport,Bragança Airport,41.8578,-6.70713,PT,Bragança,yes,LPBG,BGC,
LPCS,medium_airport,Cascais Airport,38.724998,-9.35523,PT,Cascais,yes,LPCS,CAT,
LPHR,medium_airport,Horta Airport,38.519901275634766,-28.715900421142578,PT,Horta,yes,LPHR,HOR,
LPPI,medium_airport,Pico Airport,38.554298,-28.441299,PT,Pico Island,yes,LPPI,PIX,
LPPM,medium_airport,Portimão Airport,37.1493,-8.58396,PT,Portimão,yes,LPPM,PRM,
LPLA,medium_airport,Lajes Airport,38.761799,-27.090799,PT,Praia da Vitória,yes,LPLA,TER,
LPGR,medium_airport,Graciosa Airport,39.092201232910156,-28.029800415039062,PT,Santa Cruz da Graciosa,yes,LPGR,GRW,
LPFL,medium_airport,Flores Airport,39.455299377441406,-31.131399154663086,PT,Santa Cruz das Flores,yes,LPFL,FLW,
LPSJ,medium_airport,São Jorge Airport,38.665501,-28.1758,PT,Velas,yes,LPSJ,SJZ,
LPPS,medium_airport,Porto Santo Airport,33.0733985901,-16.3500003815,PT,Vila Baleira,yes,LPPS,PXO,
LPAZ,medium_airport,Santa Maria Airport,36.97140121459961,-25.17060089111328,PT,Vila do Porto,yes,LPAZ,SMA,
LPVR,medium_airport,Vila Real Airport,41.2743,-7.72047,PT,Vila Real,yes,LPVR,VRL,
LPVZ,medium_airport,Aerodromo Goncalves Lobato (Viseu Airport),40.725498,-7.88899,PT,Viseu,yes,LPVZ,VSE,
LRAR,medium_airport,Arad International Airport,46.176136,21.264322,RO,Arad,yes,LRAR,ARW,
LRTM,medium_airport,Târgu Mureş Transilvania International Airport,46.467701,24.4125,RO,Recea,yes,LRTM,TGM,
LRSM,medium_airport,Satu Mare International Airport,47.7033,22.8857,RO,Satu Mare,yes,LRSM,SUJ,
LRBM,medium_airport,Maramureș International Airport,47.658444,23.464445,RO,Tăuții-Măgherăuș,yes,LRBM,BAY,
LYKV,medium_airport,Morava Airport,43.817519,20.586662,RS,Kraljevo,yes,LYKV,KVO,
USHQ,medium_airport,Beloyarskiy Airport,63.686901,66.698601,RU,,yes,USHQ,EYK,
ULDD,medium_airport,Amderma Airport,69.76329803466797,61.556400299072266,RU,Amderma,yes,ULDD,AMV,
UHMA,medium_airport,Ugolny Yuri Ryktheu Airport,64.734902,177.740997,RU,Anadyr,yes,UHMA,DYR,
UHMP,medium_airport,Pevek Airport,69.783302,170.597,RU,Apapelgino,yes,UHMP,PWE,
ULAA,medium_airport,Talagi Airport,64.60030364990234,40.71670150756836,RU,Archangelsk,yes,ULAA,ARH,
UWSB,medium_airport,Balakovo Airport,51.858299,47.745602,RU,Balakovo,yes,UWSB,BWO,
UUOB,medium_airport,Belgorod International Airport,50.643798828125,36.5900993347168,RU,Belgorod,yes,UUOB,EGO,
URMO,medium_airport,Vladikavkaz Beslan International Airport,43.205101,44.606602,RU,Beslan,yes,URMO,OGZ,
UHBB,medium_airport,Ignatyevo Airport,50.42539978027344,127.41200256347656,RU,Blagoveschensk,yes,UHBB,BQS,
USDB,medium_airport,Bovanenkovo Airport,70.315278,68.333611,RU,Bovanenkovo,yes,USDB,BVJ,
UIBB,medium_airport,Bratsk Airport,56.3696,101.701822,RU,Bratsk,yes,UIBB,BTK,
UUBP,medium_airport,Bryansk International Airport,53.214403,34.175965,RU,Bryansk,yes,UUBP,BZK,
UWKB,medium_airport,Bugulma Airport,54.641184,52.800229,RU,Bugulma,yes,UWKB,UUA,
UWKS,medium_airport,Cheboksary Airport,56.090302,47.347301,RU,Cheboksary,yes,UWKS,CSY,
UWLW,medium_airport,Ulyanovsk Vostochny Airport,54.401001,48.8027,RU,Cherdakly,yes,UWLW,ULY,
ULWC,medium_airport,Cherepovets Airport,59.273601532,38.015800476100004,RU,Cherepovets,yes,ULWC,CEE,
UESS,medium_airport,Cherskiy Airport,68.7406005859375,161.33799743652344,RU,Cherskiy,yes,UESS,CYX,
UESO,medium_airport,Chokurdakh Airport,70.6231,147.901993,RU,Chokurdah,yes,UESO,CKH,
URWI,medium_airport,Elista Airport,46.3739013671875,44.33089828491211,RU,Elista,yes,URWI,ESL,
URKG,medium_airport,Gelendzhik Airport,44.5820926295,38.0124807358,RU,Gelendzhik,yes,URKG,GDZ,
UOII,medium_airport,Igarka Airport,67.437202,86.621902,RU,Igarka,yes,UOII,IAA,
UUBI,medium_airport,Ivanovo South Airport,56.93939971923828,40.940799713134766,RU,Ivanovo,yes,UUBI,IWA,
USII,medium_airport,Izhevsk Airport,56.834524,53.462172,RU,Izhevsk,yes,USII,IJK,
UHMK,medium_airport,Keperveem Airport,67.845001,166.139999,RU,Keperveem,yes,UHMK,KPW,
UHHH,medium_airport,Khabarovsk Novy Airport,48.528338,135.188588,RU,Khabarovsk,yes,UHHH,KHV,
USHH,medium_airport,Khanty Mansiysk Airport,61.0285,69.086098,RU,Khanty-Mansiysk,yes,USHH,HMA,
UOHH,medium_airport,Khatanga Airport,71.97810363769531,102.49099731445312,RU,Khatanga,yes,UOHH,HTG,
UEMA,medium_airport,Moma Airport,66.450861,143.261551,RU,Khonuu,yes,UEMA,MQJ,
USKK,medium_airport,Pobedilovo Airport,58.503883,49.347831,RU,Kirov,yes,USKK,KVX,
USRK,medium_airport,Kogalym International Airport,62.190399169921875,74.53379821777344,RU,Kogalym,yes,USRK,KGP,
UHKK,medium_airport,Komsomolsk-on-Amur Airport,50.409000396728516,136.9340057373047,RU,Komsomolsk-on-Amur,yes,UHKK,KXK,
UUBA,medium_airport,Kostroma Sokerkino Airport,57.796902,41.019402,RU,Kostroma,yes,UUBA,KMW,
ULKK,medium_airport,Kotlas Airport,61.235801696777344,46.6974983215332,RU,Kotlas,yes,ULKK,KSZ,
UNKM,medium_airport,Krasnoyarsk Cheremshanka Airport,56.177584,92.545881,RU,Krasnoyarsk,yes,UNKM,KCY,
URKA,medium_airport,Anapa Vityazevo Airport,45.002102,37.347301,RU,Krasnyi Kurgan,yes,URKA,AAQ,
USUU,medium_airport,Kurgan Airport,55.4753,65.415604,RU,Kurgan,yes,USUU,KRO,
UUOK,medium_airport,Kursk East Airport,51.7505989074707,36.29560089111328,RU,Kursk,yes,UUOK,URS,
UNKY,medium_airport,Kyzyl Airport,51.669399,94.400597,RU,Kyzyl,yes,UNKY,KYZ,
UERL,medium_airport,Lensk Airport,60.7206001282,114.825996399,RU,Lensk,yes,UERL,ULK,
UUOL,medium_airport,Lipetsk Airport,52.70280075073242,39.53779983520508,RU,Lipetsk,yes,UUOL,LPK,
UHMM,medium_airport,Sokol Airport,59.9109992980957,150.72000122070312,RU,Magadan,yes,UHMM,GDX,
UERR,medium_airport,Mirny Airport,62.534698486328125,114.03900146484375,RU,Mirny,yes,UERR,MJZ,
USMM,medium_airport,Nadym Airport,65.48090362548828,72.69889831542969,RU,Nadym,yes,USMM,NYM,
URMN,medium_airport,Nalchik Airport,43.512901,43.6366,RU,Nalchik,yes,URMN,NAL,
ULAM,medium_airport,Naryan Mar Airport,67.639999,53.121899,RU,Naryan Mar,yes,ULAM,NNM,
USRN,medium_airport,Nefteyugansk Airport,61.108299,72.650002,RU,Nefteyugansk,yes,USRN,NFG,
UELL,medium_airport,Chulman Airport,56.913898468018,124.91400146484,RU,Neryungri,yes,UELL,NER,
UHNN,medium_airport,Nikolayevsk-na-Amure Airport,53.154999,140.649994,RU,Nikolayevsk-na-Amure Airport,yes,UHNN,NLI,
UWKE,medium_airport,Begishevo Airport,55.564701,52.092499,RU,Nizhnekamsk,yes,UWKE,NBC,
UNWW,medium_airport,Spichenkovo Airport,53.811401,86.877197,RU,Novokuznetsk,yes,UNWW,NOZ,
USMU,medium_airport,Novy Urengoy Airport,66.06939697265625,76.52030181884766,RU,Novy Urengoy,yes,USMU,NUX,
USRO,medium_airport,Noyabrsk Airport,63.18330001831055,75.2699966430664,RU,Noyabrsk,yes,USRO,NOJ,
USHN,medium_airport,Nyagan Airport,62.110001,65.614998,RU,Nyagan,yes,USHN,NYA,
UHOO,medium_airport,Okhotsk Airport,59.410065,143.056503,RU,Okhotsk,yes,UHOO,OHO,
UEMO,medium_airport,Olyokminsk Airport,60.401833,120.476094,RU,Olyokminsk,yes,UEMO,OLZ,
UWOO,medium_airport,Orenburg Central Airport,51.792668,55.457229,RU,Orenburg,yes,UWOO,REN,
UWOR,medium_airport,Orsk Airport,51.072498,58.5956,RU,Orsk,yes,UWOR,OSW,
UUYP,medium_airport,Pechora Airport,65.121101,57.130798,RU,Pechora,yes,UUYP,PEX,
UWPP,medium_airport,Penza Airport,53.1106,45.021099,RU,Penza,yes,UWPP,PEZ,
ULPB,medium_airport,Petrozavodsk Airport,61.885201,34.154701,RU,Petrozavodsk,yes,ULPB,PES,XLPB
ULOO,medium_airport,Princess Olga Pskov International Airport,57.781316,28.39384,RU,Pskov,yes,ULOO,PKV,XLOO
UUBK,medium_airport,Staroselye Airport,58.104198,38.929401,RU,Rybinsk,yes,UUBK,RYB,
USDA,medium_airport,Sabetta International Airport,71.219167,72.052222,RU,Sabetta,yes,USDA,SBT,
USDD,medium_airport,Salekhard Airport,66.5907974243164,66.61100006103516,RU,Salekhard,yes,USDD,SLY,
UERS,medium_airport,Saskylakh Airport,71.927902,114.080002,RU,Saskylakh,yes,UERS,SYS,
UNIS,medium_airport,Severo-Yeniseysk Airport,60.373299,93.011703,RU,Severo-Yeniseysk,yes,UNIS,VEO,
USHS,medium_airport,Sovetskiy Airport,61.326622009277344,63.60191345214844,RU,Sovetskiy,yes,USHS,OVS,
UESK,medium_airport,Srednekolymsk Airport,67.4805,153.7364,RU,Srednekolymsk,yes,UESK,SEK,
URMT,medium_airport,Stavropol Shpakovskoye Airport,45.10919952392578,42.11280059814453,RU,Stavropol,yes,URMT,STW,
URMS,medium_airport,Magas Airport,43.323268,45.012568,RU,Sunzha,yes,URMS,IGT,
UUYY,medium_airport,Syktyvkar Airport,61.64699935913086,50.84510040283203,RU,Syktyvkar,yes,UUYY,SCW,
URRT,medium_airport,Taganrog Yuzhny Airport,47.1983333,38.8491667,RU,Taganrog,yes,URRT,TGK,
UEST,medium_airport,Tiksi Airport,71.697700500488,128.90299987793,RU,Tiksi,yes,UEST,IKS,
USTJ,medium_airport,Tobolsk Remezov Airport,58.059712,68.347997,RU,Tobolsk,yes,USTJ,RMZ,
UUYH,medium_airport,Ukhta Airport,63.566898,53.804699,RU,Ukhta,yes,UUYH,UCT,
UWLL,medium_airport,Ulyanovsk Baratayevka Airport,54.27016,48.225569,RU,Ulyanovsk,yes,UWLL,ULV,
USHU,medium_airport,Uray Airport,60.103298,64.826698,RU,Uray,yes,USHU,URJ,
UUYS,medium_airport,Usinsk Airport,66.0047,57.367199,RU,Usinsk,yes,UUYS,USK,
UITT,medium_airport,Ust-Kut Airport,56.856701,105.730003,RU,Ust-Kut,yes,UITT,UKX,
UEMT,medium_airport,Ust-Nera Airport,64.550003,143.115005,RU,Ust-Nera,yes,UEMT,USR,
UNIW,medium_airport,Vanavara Airport,60.356229,102.309641,RU,Vanavara,yes,UNIW,VAQ,
ULWU,medium_airport,Velikiy Ustyug Airport,60.7883,46.259998,RU,Velikiy Ustyug,yes,ULWU,VUS,
UENW,medium_airport,Vilyuisk Airport,63.756668,121.693336,RU,Vilyuisk,yes,UENW,VYI,
UUYW,medium_airport,Vorkuta Airport,67.488602,63.993099,RU,Vorkuta,yes,UUYW,VKT,
UUOO,medium_airport,Voronezh International Airport,51.814324,39.230948,RU,Voronezh,yes,UUOO,VOZ,
UERP,medium_airport,Polyarny Airport,66.400398,112.029999,RU,Yakutia,yes,UERP,PYJ,
UNII,medium_airport,Yeniseysk Airport,58.474201,92.112503,RU,Yeniseysk,yes,UNII,EIE,
RU-10077,medium_airport,Yeysk Airport,46.68,38.21,RU,Yeysk,yes,RU-10077,EIK,URKE
UEVV,medium_airport,Zhigansk Airport,66.7965011597,123.361000061,RU,Zhigansk,yes,UEVV,ZIX,
UESU,medium_airport,Zyryanka Airport,65.7485,150.8889,RU,Zyryanka,yes,UESU,ZKP,
HRZA,medium_airport,Kamembe Airport,-2.462239980697632,28.907899856567383,RW,Kamembe,yes,HRZA,KME,
OEWJ,medium_airport,Al Wajh Domestic Airport,26.198601,36.476398,SA,Al Wajh,yes,OEWJ,EJH,
OEBA,medium_airport,King Saud Bin Abdulaziz (Al Baha) Airport,20.298506,41.636153,SA,Al-Baha,yes,OEBA,ABT,
OERR,medium_airport,Arar Domestic Airport,30.906600952148438,41.13819885253906,SA,Arar,yes,OERR,RAE,
OEBH,medium_airport,Bisha Airport,19.9844,42.620899,SA,Bisha,yes,OEBH,BHH,
OEDM,medium_airport,Dawadmi Domestic Airport,24.4499,44.121201,SA,Dawadmi,yes,OEDM,DWD,
OEGT,medium_airport,Gurayat Domestic Airport,31.412413,37.278898,SA,Gurayat,yes,OEGT,URY,
OEGN,medium_airport,Jizan Regional Airport / King Abdullah bin Abdulaziz Airport,16.9011,42.5858,SA,Jizan,yes,OEGN,GIZ,
OEKK,medium_airport,King Khaled Military City Airport,27.9009,45.528198,SA,King Khaled Military City,yes,OEKK,KMC,
OENG,medium_airport,Najran Domestic Airport,17.611401,44.419201,SA,Najran,yes,OENG,EAM,
OERF,medium_airport,Rafha Domestic Airport,29.626399993896484,43.4906005859375,SA,Rafha,yes,OERF,RAH,
OESH,medium_airport,Sharurah Domestic Airport,17.4669,47.121399,SA,Sharurah,yes,OESH,SHW,
OETR,medium_airport,Turaif Domestic Airport,31.692188,38.731544,SA,Turaif,yes,OETR,TUI,
OEWD,medium_airport,Wadi Al Dawasir Domestic Airport,20.504299,45.1996,SA,Wadi Al Dawasir,yes,OEWD,WAE,
AGGM,medium_airport,Munda Airport,-8.32797,157.263,SB,Munda,yes,AGGM,MUA,
FSPP,medium_airport,Praslin Island Airport,-4.319256,55.691561,SC,Praslin Island,yes,FSPP,PRI,
HSDN,medium_airport,Dongola Airport,19.153666,30.430069,SD,Dongola,yes,HSDN,DOG,
HSFS,medium_airport,El Fasher Airport,13.614899635314941,25.324600219726562,SD,El Fasher,yes,HSFS,ELF,
HSOB,medium_airport,El-Obeid Airport,13.1532,30.2327,SD,El-Obeid,yes,HSOB,EBD,
HSKA,medium_airport,Kassala Airport,15.387499809265137,36.328800201416016,SD,Kassala,yes,HSKA,KSL,
HSNN,medium_airport,Nyala Airport,12.0535,24.9562,SD,Nyala,yes,HSNN,UYL,
ESNX,medium_airport,Arvidsjaur Airport,65.59030151367188,19.28190040588379,SE,Arvidsjaur,yes,ESNX,AJR,
ESSD,medium_airport,Dala Airport,60.422001,15.5152,SE,Borlange,yes,ESSD,BLE,
ESNG,medium_airport,Gällivare Airport,67.13240051269531,20.814599990844727,SE,Gällivare,yes,ESNG,GEV,
ESMT,medium_airport,Halmstad Airport,56.69110107421875,12.820199966430664,SE,Halmstad,yes,ESMT,HAD,
ESGJ,medium_airport,Jönköping Airport,57.757598876953125,14.068699836730957,SE,Jönköping,yes,ESGJ,JKG,
ESMQ,medium_airport,Kalmar Airport,56.685501,16.2876,SE,Kalmar,yes,ESMQ,KLR,
ESOK,medium_airport,Karlstad Airport,59.444698,13.3374,SE,Karlstad,yes,ESOK,KSD,
ESNL,medium_airport,Lycksele Airport,64.548302,18.7162,SE,Lycksele,yes,ESNL,LYC,
ESKM,medium_airport,Mora Airport,60.957901,14.5114,SE,Mora,yes,ESKM,MXX,
ESSP,medium_airport,Norrköping Airport,58.586299896240234,16.250600814819336,SE,Norrköping,yes,ESSP,NRK,
ESNK,medium_airport,Kramfors-Sollefteå Höga Kusten Airport,63.048599,17.7689,SE,Nyland,yes,ESNK,KRF,
ESDF,medium_airport,Ronneby Airport,56.266701,15.265,SE,Ronneby,yes,ESDF,RNB,
ESNS,medium_airport,Skellefteå Airport,64.62480163574219,21.076900482177734,SE,Skellefteå,yes,ESNS,SFT,
ESSB,medium_airport,Stockholm-Bromma Airport,59.354401,17.9417,SE,Stockholm,yes,ESSB,BMA,
ESNN,medium_airport,Sundsvall-Härnösand Airport,62.528099060058594,17.443899154663086,SE,Sundsvall/ Härnösand,yes,ESNN,SDL,
ESST,medium_airport,Torsby Airport,60.1576,12.9913,SE,Torsby,yes,ESST,TYF,
ESGT,medium_airport,Trollhättan-Vänersborg Airport,58.31809997558594,12.345000267028809,SE,Trollhättan,yes,ESGT,THN,
ESNV,medium_airport,Vilhelmina South Lapland Airport,64.579102,16.833599,SE,Vilhelmina,yes,ESNV,VHM,
ESMX,medium_airport,Växjö Kronoberg Airport,56.929100036621094,14.727999687194824,SE,Växjö,yes,ESMX,VXO,
ESTA,medium_airport,Ängelholm-Helsingborg Airport,56.29610061645508,12.847100257873535,SE,Ängelholm,yes,ESTA,AGH,
ESOE,medium_airport,Örebro Airport,59.22370147705078,15.038000106811523,SE,Örebro,yes,ESOE,ORB,
ESNO,medium_airport,Örnsköldsvik Airport,63.40829849243164,18.989999771118164,SE,Örnsköldsvik,yes,ESNO,OER,
ESNZ,medium_airport,Åre Östersund Airport,63.193546,14.504168,SE,Östersund,yes,ESNZ,OSD,
WSSL,medium_airport,Seletar Airport,1.41555,103.86673,SG,Seletar,yes,WSSL,XSP,
FHAW,medium_airport,RAF Ascension Island,-7.970179,-14.392744,SH,Cat Hill,yes,FHAW,ASI,
FHSH,medium_airport,Saint Helena International Airport,-15.958898,-5.646066,SH,Jamestown,yes,FHSH,HLE,
LJMB,medium_airport,Maribor Edvard Rusjan Airport,46.4799,15.6861,SI,Maribor,yes,LJMB,MBX,
LZKZ,medium_airport,Košice International Airport,48.663101,21.2411,SK,Košice,yes,LZKZ,KSC,
LZTT,medium_airport,Poprad-Tatry Airport,49.070994,20.241394,SK,Poprad,yes,LZTT,TAT,
LZSL,medium_airport,Sliač Airport,48.63779830932617,19.13409996032715,SK,Sliač,yes,LZSL,SLD,
GOGS,medium_airport,Cap Skirring Airport,12.39533,-16.748,SN,Cap Skirring,yes,GOGS,CSK,
GOGG,medium_airport,Ziguinchor Airport,12.55559,-16.283298,SN,Ziguinchor,yes,GOGG,ZIG,
HCMI,medium_airport,Berbera Airport,10.385035,44.936723,SO,Berbera,yes,HCMI,BBO,
HSSM,medium_airport,Malakal International Airport,9.558739,31.651937,SS,Malakal,yes,HJMK,MAK,
HSWW,medium_airport,Wau Airport,7.72583,27.975,SS,Wau,yes,HJWW,WUU,
FPPR,medium_airport,Principe Airport,1.661155,7.411081,ST,São Tomé & Príncipe,yes,FPPR,PCP,
MSSS,medium_airport,Ilopango International Airport,13.6995,-89.119904,SV,San Salvador,yes,MSSS,ILS,
OSLK,medium_airport,Latakia International Airport,35.4011,35.9487,SY,Latakia,yes,OSLK,LTK,
OSKL,medium_airport,Qamishli International Airport,37.020599,41.191399,SY,Qamishli,yes,OSKL,KAC,
MBGT,medium_airport,JAGS McCartney International Airport,21.4445,-71.142303,TC,Cockburn Town,yes,MBGT,GDT,
MBNC,medium_airport,North Caicos Airport,21.916094,-71.942954,TC,North Caicos,yes,MBNC,NCA,
MBSC,medium_airport,South Caicos Airport,21.515699,-71.528503,TC,South Caicos,yes,MBSC,XSC,
FTTC,medium_airport,Abeche Airport,13.847,20.844299,TD,Abeche,yes,FTTC,AEH,
VTCL,medium_airport,Lampang Airport,18.27090072631836,99.50420379638672,TH,,yes,VTCL,LPT,
VTUL,medium_airport,Loei Airport,17.43910026550293,101.72200012207031,TH,,yes,VTUL,LOE,
VTPM,medium_airport,Mae Sot Airport,16.699899673461914,98.54509735107422,TH,,yes,VTPM,MAQ,
VTCN,medium_airport,Nan Airport,18.807899475097656,100.78299713134766,TH,,yes,VTCN,NNT,
VTSC,medium_airport,Narathiwat Airport,6.5199198722839355,101.74299621582031,TH,,yes,VTSC,NAW,
VTPB,medium_airport,Phetchabun Airport,16.6760005951,101.194999695,TH,,yes,VTPB,PHY,
VTUI,medium_airport,Sakon Nakhon Airport,17.195100784301758,104.11900329589844,TH,,yes,VTUI,SNO,
VTPO,medium_airport,Sukhothai Airport,17.238000869750977,99.81819915771484,TH,,yes,VTPO,THS,
VTUO,medium_airport,Buri Ram Airport,15.2295,103.252998,TH,Buriram,yes,VTUO,BFV,
VTSE,medium_airport,Chumphon Airport,10.7112,99.361702,TH,Chumphon,yes,VTSE,CJM,
VTPH,medium_airport,Hua Hin Airport,12.6361999512,99.951499939,TH,Hua Hin,yes,VTPH,HHQ,
VTUK,medium_airport,Khon Kaen Airport,16.466600418099997,102.783996582,TH,Khon Kaen,yes,VTUK,KKC,
VTBO,medium_airport,Trat Airport,12.2746,102.319,TH,Laem Ngop,yes,VTBO,TDX,
VTCH,medium_airport,Mae Hong Son Airport,19.3013,97.9758,TH,Mae Hong Son,yes,VTCH,HGN,
VTUW,medium_airport,Nakhon Phanom Airport,17.383801,104.642998,TH,Nakhon Phanom,yes,VTUW,KOP,
VTSF,medium_airport,Nakhon Si Thammarat Airport,8.539620399475098,99.9447021484375,TH,Nakhon Si Thammarat,yes,VTSF,NST,
VTPP,medium_airport,Phitsanulok Airport,16.7829,100.278999,TH,Phitsanulok,yes,VTPP,PHS,
VTSR,medium_airport,Ranong Airport,9.77762,98.585503,TH,Ranong,yes,VTSR,UNN,
VTUV,medium_airport,Roi Et Airport,16.1168,103.774002,TH,Roi Et,yes,VTUV,ROI,
VTSB,medium_airport,Surat Thani Airport,9.13259983063,99.135597229,TH,Surat Thani,yes,VTSB,URT,
VTUJ,medium_airport,Surin Airport,14.868300437927,103.49800109863,TH,Surin,yes,VTUJ,PXR,
VTST,medium_airport,Trang Airport,7.50874,99.6166,TH,Trang,yes,VTST,TST,
VTUU,medium_airport,Ubon Ratchathani Airport,15.2512998581,104.870002747,TH,Ubon Ratchathani,yes,VTUU,UBP,
WPEC,medium_airport,Baucau Airport,-8.486479,126.399981,TL,Baucau,yes,WPEC,BCH,
WPDB,medium_airport,"Commander in Chief of FALINTIL, Kay Rala Xanana Gusmão, International Airport",-9.301856,125.286302,TL,Suai,yes,WPDB,UAI,
UTAM,medium_airport,Mary International Airport,37.62353,61.895668,TM,Mary,yes,UTAM,MYP,
UTAK,medium_airport,Turkmenbaşy International Airport,40.062833,53.005085,TM,Turkmenbaşy,yes,UTAK,KRW,
DTNH,medium_airport,Enfidha - Hammamet International Airport,36.075833,10.438611,TN,Enfidha,yes,DTNH,NBE,DTNH
DTTG,medium_airport,Gabès Matmata International Airport,33.733691,9.91941,TN,Gabès,yes,DTTG,GAE,
DTTF,medium_airport,Gafsa Ksar International Airport,34.422000885009766,8.822500228881836,TN,Gafsa,yes,DTTF,GAF,
DTMB,medium_airport,Monastir Habib Bourguiba International Airport,35.75809860229492,10.75469970703125,TN,Monastir,yes,DTMB,MIR,
DTTX,medium_airport,Sfax Thyna International Airport,34.717999,10.691,TN,Sfax,yes,DTTX,SFA,
DTKA,medium_airport,Tabarka-Aïn Draham International Airport,36.98,8.87694,TN,Tabarka,yes,DTKA,TBJ,
DTTZ,medium_airport,Tozeur Nefta International Airport,33.939701080322266,8.110560417175293,TN,Tozeur,yes,DTTZ,TOE,
NFTL,medium_airport,Lifuka Island Airport,-19.777000427246094,-174.34100341796875,TO,Lifuka,yes,NFTL,HPA,
LTCP,medium_airport,Adıyaman Airport,37.7314,38.468899,TR,Adıyaman,yes,LTCP,ADF,
LTDA,medium_airport,Hatay Airport,36.36079,36.285589,TR,Antakya,yes,LTDA,HTY,
LTCO,medium_airport,Ağrı Airport,39.655642,43.025742,TR,Ağrı,yes,LTCO,AJI,
LTBF,medium_airport,Balıkesir Airport,39.619301,27.926001,TR,Balıkesir,yes,LTBF,BZI,
LTCJ,medium_airport,Batman Airport,37.929001,41.1166,TR,Batman,yes,LTCJ,BAL,
LTAY,medium_airport,Çardak Airport,37.7855987549,29.7012996674,TR,Denizli,yes,LTAY,DNZ,
LTCC,medium_airport,Diyarbakır Airport,37.893902,40.201,TR,Diyarbakır,yes,LTCC,DIY,
LTCA,medium_airport,Elazığ Airport,38.597974,39.28348,TR,Elazığ,yes,LTCA,EZS,
LTCD,medium_airport,Erzincan Airport,39.7102012634,39.527000427199994,TR,Erzincan,yes,LTCD,ERC,
LTCE,medium_airport,Erzurum International Airport,39.956501,41.1702,TR,Erzurum,yes,LTCE,ERZ,
LTFG,medium_airport,Gazipaşa-Alanya Airport,36.298832,32.297017,TR,Gazipaşa,yes,LTFG,GZP,
LTCW,medium_airport,Hakkari Yüksekova Airport,37.5497,44.2381,TR,Hakkari,yes,LTCW,YKO,
LTFC,medium_airport,Süleyman Demirel International Airport,37.8554,30.368401,TR,Isparta,yes,LTFC,ISE,
LTCT,medium_airport,Iğdır Airport,39.976627,43.876648,TR,Iğdır,yes,LTCT,IGD,
LTCN,medium_airport,Kahramanmaraş Airport,37.5388259888,36.9535217285,TR,Kahramanmaraş,yes,LTCN,KCM,
LTCF,medium_airport,Kars Airport,40.562198638916016,43.1150016784668,TR,Kars,yes,LTCF,KSY,
LTAT,medium_airport,Malatya Erhaç Airport,38.435298919699996,38.0909996033,TR,Malatya,yes,LTAT,MLX,
LTCR,medium_airport,Mardin Airport,37.223300933800004,40.6316986084,TR,Mardin,yes,LTCR,MQM,
LTCK,medium_airport,Muş Airport,38.747798919677734,41.66120147705078,TR,Muş,yes,LTCK,MSR,
LTCB,medium_airport,Ordu–Giresun Airport,40.966872,38.085995,TR,Ordu,yes,LTCB,OGU,OGU
LTFH,medium_airport,Samsun-Çarşamba Airport,41.253988,36.567546,TR,Samsun,yes,LTFH,SZF,
LTCM,medium_airport,Sinop Airport,42.018313,35.071774,TR,Sinop,yes,LTCM,NOP,
LTAW,medium_airport,Tokat Airport,40.32472,36.39056,TR,Tokat,yes,LTAW,TJK,
LTCG,medium_airport,Trabzon International Airport,40.995098,39.7897,TR,Trabzon,yes,LTCG,TZX,
LTCI,medium_airport,Van Ferit Melen Airport,38.46820068359375,43.332298278808594,TR,Van,yes,LTCI,VAN,
LTBR,medium_airport,Bursa Yenişehir Airport,40.255199,29.562599,TR,Yenişehir,yes,LTBR,YEI,
LTAS,medium_airport,Zonguldak Çaycuma Airport,41.506401,32.0886,TR,Zonguldak,yes,LTAS,ONQ,
LTBH,medium_airport,Çanakkale Airport,40.1376991272,26.4267997742,TR,Çanakkale,yes,LTBH,CKZ,
LTBU,medium_airport,Tekirdağ Çorlu Airport,41.138199,27.9191,TR,Çorlu,yes,LTBU,TEQ,
LTCV,medium_airport,Şırnak Şerafettin Elçi Airport,37.3647,42.0582,TR,Şırnak,yes,LTCV,NKT,
NGFU,medium_airport,Funafuti International Airport,-8.523885,179.196976,TV,Funafuti,yes,NGFU,FUN,
RCMT,medium_airport,Matsu Beigan Airport,26.22414,120.002679,TW,Matsu (Beigan),yes,RCMT,MFK,
RCFG,medium_airport,Matsu Nangan Airport,26.159656,119.958376,TW,Matsu (Nangan),yes,RCFG,LZN,
RCLY,medium_airport,Lanyu Airport,22.027000427246094,121.53500366210938,TW,Orchid Island,yes,RCLY,KYD,
RCBS,medium_airport,Kinmen Airport,24.4279,118.359001,TW,Shang-I,yes,RCBS,KNH,
RCKU,medium_airport,Chiayi Airport,23.462577,120.390544,TW,Shuishang,yes,RCKU,CYI,
RCFN,medium_airport,Taitung Airport,22.754856,121.101794,TW,Taitung City,yes,RCFN,TTT,
HTAR,medium_airport,Arusha Airport,-3.3677899837493896,36.63330078125,TZ,Arusha,yes,HTAR,ARK,
HTDO,medium_airport,Dodoma Airport,-6.170559,35.756036,TZ,Dodoma,yes,HTDO,DOD,
HTGW,medium_airport,Songwe Airport,-8.919942,33.273981,TZ,Mbeya,yes,HTGW,MBI,
HTMT,medium_airport,Mtwara Airport,-10.336204,40.181997,TZ,Mtwara,yes,HTMT,MYW,
HTTG,medium_airport,Tanga Airport,-5.09236,39.071201,TZ,Tanga,yes,HTTG,TGT,
UKLN,medium_airport,Chernivtsi International Airport,48.259300231933594,25.98080062866211,UA,Chernivtsi,yes,UKLN,CWC,
UKDD,medium_airport,Dnipro International Airport,48.357201,35.100601,UA,Dnipro,yes,UKDD,DNK,
UKLI,medium_airport,Ivano-Frankivsk International Airport,48.88420104980469,24.686100006103516,UA,Ivano-Frankivsk,yes,UKLI,IFO,
UKOH,medium_airport,Kherson International Airport,46.6758,32.506401,UA,Kherson,yes,UKOH,KHE,
UKDR,medium_airport,Kryvyi Rih International Airport,48.04330062866211,33.209999084472656,UA,Kryvyi Rih,yes,UKDR,KWG,
UKKK,medium_airport,Ihor Sikorsky Kyiv International Airport (Zhuliany),50.40194,30.45194,UA,Kyiv,yes,UKKK,IEV,
UKCM,medium_airport,Mariupol International Airport,47.07609939575195,37.44960021972656,UA,Mariupol,yes,UKCM,MPW,
UKLR,medium_airport,Rivne International Airport,50.60710144042969,26.141599655151367,UA,Rivne,yes,UKLR,RWN,
HUAR,medium_airport,Arua Airport,3.049152,30.911714,UG,Arua,yes,HUAR,RUA,
HUGU,medium_airport,Gulu Airport,2.8055601119995117,32.27180099487305,UG,Gulu,yes,HUGU,ULU,
UG-0002,medium_airport,Savannah Airstrip,-0.7165,29.6997,UG,Kihihi,yes,UG-0002,KHX,
HUSO,medium_airport,Soroti Airport,1.7276899814605713,33.622798919677734,UG,Soroti,yes,HUSO,SRT,
PWAK,medium_airport,Wake Island Airfield,19.282437,166.636637,UM,Wake Island,yes,PWAK,AWK,AWK
KABR,medium_airport,Aberdeen Regional Airport,45.449100494384766,-98.42179870605469,US,Aberdeen,yes,KABR,ABR,ABR
KABI,medium_airport,Abilene Regional Airport,32.4113006592,-99.68190002440001,US,Abilene,yes,KABI,ABI,ABI
PADK,medium_airport,Adak Airport,51.883564,-176.642783,US,Adak,yes,PADK,ADK,ADK
KCAK,medium_airport,Akron Canton Regional Airport,40.916099548339844,-81.44219970703125,US,Akron,yes,KCAK,CAK,CAK
KALS,medium_airport,San Luis Valley Regional Airport/Bergman Field,37.434898,-105.866997,US,Alamosa,yes,KALS,ALS,ALS
KABY,medium_airport,Southwest Georgia Regional Airport,31.532946,-84.196215,US,Albany,yes,KABY,ABY,ABY
5A8,medium_airport,Aleknagik / New Airport,59.2826004028,-158.617996216,US,Aleknagik,yes,5A8,WKK,5A8
KAEX,medium_airport,Alexandria International Airport,31.325828,-92.546702,US,Alexandria,yes,KAEX,AEX,AEX
KABE,medium_airport,Lehigh Valley International Airport,40.651773,-75.442797,US,Allentown/Bethlehem,yes,KABE,ABE,ABE
KAIA,medium_airport,Alliance Municipal Airport,42.052543,-102.803965,US,Alliance,yes,KAIA,AIA,AIA
KAPN,medium_airport,Alpena County Regional Airport,45.0780983,-83.56030273,US,Alpena,yes,KAPN,APN,APN
KAOO,medium_airport,Altoona Blair County Airport,40.296398,-78.32,US,Altoona,yes,KAOO,AOO,AOO
KAMA,medium_airport,Rick Husband Amarillo International Airport,35.217857,-101.706444,US,Amarillo,yes,KAMA,AMA,AMA
PAFM,medium_airport,Ambler Airport,67.105529,-157.855339,US,Ambler,yes,PAFM,ABL,AFM
PAKP,medium_airport,Anaktuvuk Pass Airport,68.133598,-151.742996,US,Anaktuvuk Pass,yes,PAKP,AKP,AKP
PAMR,medium_airport,Merrill Field,61.212792,-149.843988,US,Anchorage,yes,PAMR,MRI,MRI
PANI,medium_airport,Aniak Airport,61.581600189208984,-159.54299926757812,US,Aniak,yes,PANI,ANI,ANI
PANV,medium_airport,Anvik Airport,62.646702,-160.190994,US,Anvik,yes,PANV,ANV,ANV
KATW,medium_airport,Appleton International Airport,44.258515,-88.519,US,Appleton,yes,KATW,ATW,ATW
KACV,medium_airport,California Redwood Coast-Humboldt County Airport,40.978101,-124.109,US,Arcata/Eureka,yes,KACV,ACV,ACV
PARC,medium_airport,Arctic Village Airport,68.1147,-145.578995,US,Arctic Village,yes,PARC,ARC,ARC
KAVL,medium_airport,Asheville Regional Airport,35.435488,-82.541853,US,Asheville,yes,KAVL,AVL,AVL
KASE,medium_airport,Aspen-Pitkin County Airport (Sardy Field),39.223202,-106.869003,US,Aspen,yes,KASE,ASE,ASE
KPDK,medium_airport,DeKalb Peachtree Airport,33.87633,-84.30213,US,Atlanta,yes,KPDK,PDK,PDK
KACY,medium_airport,Atlantic City International Airport,39.456201,-74.577511,US,Atlantic City,yes,KACY,ACY,ACY
PATQ,medium_airport,Atqasuk Edward Burnell Sr Memorial Airport,70.46704,-157.436013,US,Atqasuk,yes,PATQ,ATK,ATK
KAGS,medium_airport,Augusta Regional At Bush Field,33.3699,-81.9645,US,Augusta,yes,KAGS,AGS,AGS
KAUG,medium_airport,Augusta State Airport,44.320598602299995,-69.7973022461,US,Augusta,yes,KAUG,AUG,AUG
KBFL,medium_airport,Meadows Field,35.433601,-119.056999,US,Bakersfield,yes,KBFL,BFL,BFL
KBGR,medium_airport,Bangor International Airport,44.806364,-68.826668,US,Bangor,yes,KBGR,BGR,BGR
KBHB,medium_airport,Hancock County-Bar Harbor Airport,44.45000076,-68.3615036,US,Bar Harbor,yes,KBHB,BHB,BHB
PABA,medium_airport,Barter Island Long Range Radar Station Airport,70.134003,-143.582001,US,Barter Island,yes,PABA,BTI,BTI
KBTR,medium_airport,Baton Rouge Metropolitan Airport,30.533199,-91.149597,US,Baton Rouge,yes,KBTR,BTR,BTR
KBPT,medium_airport,Jack Brooks Regional Airport,29.9508,-94.020699,US,Beaumont/Port Arthur,yes,KBPT,BPT,BPT
KBKW,medium_airport,Raleigh County Memorial Airport,37.7873,-81.124199,US,Beaver,yes,KBKW,BKW,BKW
KBED,medium_airport,Laurence G Hanscom Field,42.470001,-71.289001,US,Bedford,yes,KBED,BED,BED
KBLV,medium_airport,Scott AFB/Midamerica Airport,38.5452,-89.835197,US,Belleville,yes,KBLV,BLV,BLV
KBLI,medium_airport,Bellingham International Airport,48.79280090332031,-122.53800201416016,US,Bellingham,yes,KBLI,BLI,BLI
PABE,medium_airport,Bethel Airport,60.77980042,-161.8379974,US,Bethel,yes,PABE,BET,BET
KBIL,medium_airport,Billings Logan International Airport,45.808932,-108.541242,US,Billings,yes,KBIL,BIL,BIL
KBGM,medium_airport,Greater Binghamton/Edwin A Link field,42.20869827,-75.97979736,US,Binghamton,yes,KBGM,BGM,BGM
KBIH,medium_airport,Eastern Sierra Regional Airport,37.3731,-118.363998,US,Bishop,yes,KBIH,BIH,BIH
KBIS,medium_airport,Bismarck Municipal Airport,46.772734,-100.746874,US,Bismarck,yes,KBIS,BIS,BIS
KBMI,medium_airport,Central Illinois Regional Airport at Bloomington-Normal,40.4771,-88.915901,US,Bloomington/Normal,yes,KBMI,BMI,BMI
KTRI,medium_airport,Tri-Cities Regional TN/VA Airport,36.475201,-82.407401,US,Blountville,yes,KTRI,TRI,TRI
K61B,medium_airport,Boulder City Municipal Airport,35.947161,-114.858799,US,Boulder City,yes,KBVU,BLD,BVU
KBZN,medium_airport,Bozeman Yellowstone International Airport,45.778853,-111.153711,US,Bozeman,yes,KBZN,BZN,BZN
KBFD,medium_airport,Bradford Regional Airport,41.8031005859375,-78.64009857177734,US,Bradford,yes,KBFD,BFD,BFD
KBRD,medium_airport,Brainerd Lakes Regional Airport,46.402861,-94.129727,US,Brainerd,yes,KBRD,BRD,BRD
KBBG,medium_airport,Branson Airport,36.532082,-93.200544,US,Branson,yes,KBBG,BKG,BBG
KCKB,medium_airport,North Central West Virginia Airport,39.2966,-80.228104,US,Bridgeport,yes,KCKB,CKB,CKB
KBRO,medium_airport,Brownsville South Padre Island International Airport,25.907238,-97.425235,US,Brownsville,yes,KBRO,BRO,BRO
KBQK,medium_airport,Brunswick Golden Isles Airport,31.258801,-81.466499,US,Brunswick,yes,KBQK,BQK,BQK
KBTV,medium_airport,Patrick Leahy Burlington International Airport,44.471901,-73.153297,US,Burlington,yes,KBTV,BTV,BTV
KBRL,medium_airport,Southeast Iowa Regional Airport,40.783199310302734,-91.12550354003906,US,Burlington,yes,KBRL,BRL,BRL
KBTM,medium_airport,Bert Mooney Airport,45.95479965209961,-112.49700164794922,US,Butte,yes,KBTM,BTM,BTM
KCGI,medium_airport,Cape Girardeau Regional Airport,37.2253,-89.570801,US,Cape Girardeau,yes,KCGI,CGI,CGI
PALU,medium_airport,Cape Lisburne LRRS Airport,68.875099,-166.110001,US,Cape Lisburne,yes,PALU,LUR,LUR
KCNM,medium_airport,Cavern City Air Terminal,32.337501525878906,-104.26300048828125,US,Carlsbad,yes,KCNM,CNM,CNM
KCRQ,medium_airport,McClellan-Palomar Airport,33.1283,-117.279999,US,Carlsbad,yes,KCRQ,CLD,CRQ
KCPR,medium_airport,Casper-Natrona County International Airport,42.907381,-106.461609,US,Casper,yes,KCPR,CPR,CPR
KCDC,medium_airport,Cedar City Regional Airport,37.70100021362305,-113.0989990234375,US,Cedar City,yes,KCDC,CDC,CDC
KCID,medium_airport,The Eastern Iowa Airport,41.884701,-91.7108,US,Cedar Rapids,yes,KCID,CID,CID
KCDR,medium_airport,Chadron Municipal Airport,42.837601,-103.095001,US,Chadron,yes,KCDR,CDR,CDR
KCRW,medium_airport,Yeager Airport,38.3731,-81.593201,US,Charleston,yes,KCRW,CRW,CRW
KCHO,medium_airport,Charlottesville Albemarle Airport,38.13859939575195,-78.4529037475586,US,Charlottesville,yes,KCHO,CHO,CHO
KCHA,medium_airport,Chattanooga Metropolitan Airport (Lovell Field),35.035301,-85.203796,US,Chattanooga,yes,KCHA,CHA,CHA
KCYS,medium_airport,Cheyenne Regional Jerry Olson Field,41.155701,-104.811997,US,Cheyenne,yes,KCYS,CYS,CYS
KRFD,medium_airport,Chicago Rockford International Airport,42.1954,-89.097198,US,Chicago/Rockford,yes,KRFD,RFD,RFD
KLUK,medium_airport,Cincinnati Municipal Airport Lunken Field,39.102357,-84.418945,US,Cincinnati,yes,KLUK,LUK,LUK
KCVN,medium_airport,Clovis Municipal Airport,34.426594,-103.078794,US,Clovis,yes,KCVN,CVN,CVN
KCOD,medium_airport,Yellowstone Regional Airport,44.520199,-109.024002,US,Cody,yes,KCOD,COD,COD
PACD,medium_airport,Cold Bay Airport,55.207871,-162.725029,US,Cold Bay,yes,PACD,CDB,CDB
KCLL,medium_airport,Easterwood Field,30.5886,-96.3638,US,College Station,yes,KCLL,CLL,CLL
KCAE,medium_airport,Columbia Metropolitan Airport,33.938172,-81.123022,US,Columbia,yes,KCAE,CAE,CAE
KCOU,medium_airport,Columbia Regional Airport,38.8181,-92.219597,US,Columbia,yes,KCOU,COU,COU
KCSG,medium_airport,Columbus Airport,32.516415,-84.939602,US,Columbus,yes,KCSG,CSG,CSG
KLCK,medium_airport,Rickenbacker International Airport,39.813801,-82.927803,US,Columbus,yes,KLCK,LCK,LCK
KGTR,medium_airport,Golden Triangle Regional Airport,33.450298,-88.5914,US,Columbus/W Point/Starkville,yes,KGTR,GTR,GTR
KCCR,medium_airport,Buchanan Field,37.9897,-122.056999,US,Concord,yes,KCCR,CCR,CCR
KJQF,medium_airport,Concord-Padgett Regional Airport,35.387798,-80.709099,US,Concord,yes,KJQF,USA,JQF
PACV,medium_airport,Merle K (Mudhole) Smith Airport,60.491798,-145.477997,US,Cordova,yes,PACV,CDV,CDV
KCRP,medium_airport,Corpus Christi International Airport,27.770399,-97.501198,US,Corpus Christi,yes,KCRP,CRP,CRP
KCEZ,medium_airport,Cortez Municipal Airport,37.303001,-108.627998,US,Cortez,yes,KCEZ,CEZ,CEZ
KCEC,medium_airport,Jack Mc Namara Field Airport,41.778929,-124.236403,US,Crescent City,yes,KCEC,CEC,CEC
KDAY,medium_airport,James M. Cox Dayton International Airport,39.902401,-84.219398,US,Dayton,yes,KDAY,DAY,DAY
KDAB,medium_airport,Daytona Beach International Airport,29.18255,-81.059464,US,Daytona Beach,yes,KDAB,DAB,DAB
PASC,medium_airport,Deadhorse Airport,70.19470215,-148.4649963,US,Deadhorse,yes,PASC,SCC,SCC
KDEC,medium_airport,Decatur Airport,39.834598541259766,-88.8656997680664,US,Decatur,yes,KDEC,DEC,DEC
PADE,medium_airport,Deering Airport,66.068901,-162.766914,US,Deering,yes,PADE,DRG,DEE
KBJC,medium_airport,Rocky Mountain Metropolitan Airport,39.908798,-105.116997,US,Denver,yes,KBJC,BJC,BJC
KDTS,medium_airport,Destin Executive Airport,30.400101,-86.471497,US,Destin,yes,KDTS,DSI,DTS
KDVL,medium_airport,Devils Lake Regional Airport,48.115454,-98.908796,US,Devils Lake,yes,KDVL,DVL,DVL
KDIK,medium_airport,Dickinson Theodore Roosevelt Regional Airport,46.797533,-102.801905,US,Dickinson,yes,KDIK,DIK,DIK
PADL,medium_airport,Dillingham Airport,59.04470062,-158.5050049,US,Dillingham,yes,PADL,DLG,DLG
KDDC,medium_airport,Dodge City Regional Airport,37.76340103149414,-99.9655990600586,US,Dodge City,yes,KDDC,DDC,DDC
KDHN,medium_airport,Dothan Regional Airport,31.321300506591797,-85.44960021972656,US,Dothan,yes,KDHN,DHN,DHN
KDOV,medium_airport,Dover Civil Air Terminal/Dover Air Force Base,39.129501,-75.466003,US,Dover,yes,KDOV,DOV,DOV
KDUJ,medium_airport,DuBois Regional Airport,41.17829895,-78.8986969,US,Dubois,yes,KDUJ,DUJ,DUJ
KDBQ,medium_airport,Dubuque Regional Airport,42.402,-90.709503,US,Dubuque,yes,KDBQ,DBQ,DBQ
KDLH,medium_airport,Duluth International Airport,46.841873,-92.198746,US,Duluth,yes,KDLH,DLH,DLH
KDRO,medium_airport,Durango La Plata County Airport,37.151501,-107.753998,US,Durango,yes,KDRO,DRO,DRO
KEGE,medium_airport,Eagle County Regional Airport,39.64260101,-106.9179993,US,Eagle,yes,KEGE,EGE,EGE
KORS,medium_airport,Orcas Island Airport,48.708199,-122.910004,US,Eastsound,yes,KORS,ESD,ORS
KEAU,medium_airport,Chippewa Valley Regional Airport,44.86579895019531,-91.48429870605469,US,Eau Claire,yes,KEAU,EAU,EAU
PAII,medium_airport,Egegik Airport,58.184386,-157.374873,US,Egegik,yes,PAII,EGX,EII
KELD,medium_airport,South Arkansas Regional Airport at Goodwin Field,33.221001,-92.813301,US,El Dorado,yes,KELD,ELD,ELD
KEKO,medium_airport,Elko Regional Airport,40.82490158081055,-115.79199981689453,US,Elko,yes,KEKO,EKO,EKO
KELM,medium_airport,Elmira Corning Regional Airport,42.1599006652832,-76.8916015625,US,Elmira/Corning,yes,KELM,ELM,ELM
PAEM,medium_airport,Emmonak Airport,62.78609848,-164.4909973,US,Emmonak,yes,PAEM,EMK,ENM
KERI,medium_airport,Erie International Tom Ridge Field,42.083127,-80.173867,US,Erie,yes,KERI,ERI,ERI
KESC,medium_airport,Delta County Airport,45.723199,-87.088623,US,Escanaba,yes,KESC,ESC,ESC
KEUG,medium_airport,Eugene Airport,44.124599,-123.211998,US,Eugene,yes,KEUG,EUG,EUG
KEVV,medium_airport,Evansville Regional Airport,38.0369987488,-87.5324020386,US,Evansville,yes,KEVV,EVV,EVV
KPAE,medium_airport,Seattle Paine Field International Airport,47.9063,-122.281998,US,Everett,yes,KPAE,PAE,PAE
KTTN,medium_airport,Trenton Mercer Airport,40.276699,-74.813499,US,Ewing Township,yes,KTTN,TTN,TTN
PAFA,medium_airport,Fairbanks International Airport,64.815102,-147.856003,US,Fairbanks,yes,PAFA,FAI,FAI
KFAR,medium_airport,Hector International Airport,46.9207,-96.815804,US,Fargo,yes,KFAR,FAR,FAR
KFAY,medium_airport,Fayetteville Regional Airport - Grannis Field,34.991199,-78.880302,US,Fayetteville,yes,KFAY,FAY,FAY
KXNA,medium_airport,Northwest Arkansas National Airport,36.281898,-94.306801,US,Fayetteville/Springdale/Rogers,yes,KXNA,XNA,XNA
KFLG,medium_airport,Flagstaff Pulliam Airport,35.139757,-111.669826,US,Flagstaff,yes,KFLG,FLG,FLG
KFNT,medium_airport,Bishop International Airport,42.969294,-83.743355,US,Flint,yes,KFNT,FNT,FNT
KFLO,medium_airport,Florence Regional Airport,34.18539810180664,-79.7238998413086,US,Florence,yes,KFLO,FLO,FLO
KGRK,medium_airport,Killeen Regional Airport / Robert Gray Army Airfield,31.0672,-97.828903,US,Fort Cavazos,yes,KGRK,GRK,GRK
KFOD,medium_airport,Fort Dodge Regional Airport,42.552624,-94.191237,US,Fort Dodge,yes,KFOD,FOD,FOD
KTBN,medium_airport,Waynesville-St. Robert Regional Airport-Forney Field,37.7416,-92.140701,US,Fort Leonard Wood,yes,KTBN,TBN,TBN
KFSM,medium_airport,Fort Smith Regional Airport,35.336601,-94.367401,US,Fort Smith,yes,KFSM,FSM,FSM
KFWA,medium_airport,Fort Wayne International Airport,40.978896,-85.194465,US,Fort Wayne,yes,KFWA,FWA,FWA
KFTW,medium_airport,Fort Worth Meacham International Airport,32.819919,-97.360818,US,Fort Worth,yes,KFTW,FTW,FTW
PFYU,medium_airport,Fort Yukon Airport,66.571651,-145.249987,US,Fort Yukon,yes,PFYU,FYU,FYU
KMBS,medium_airport,MBS International Airport,43.533181,-84.083104,US,Freeland,yes,KMBS,MBS,MBS
KFHR,medium_airport,Friday Harbor Airport,48.523654,-123.024645,US,Friday Harbor,yes,KFHR,FRD,FHR
KGNV,medium_airport,Gainesville Regional Airport,29.6900997162,-82.2717971802,US,Gainesville,yes,KGNV,GNV,GNV
PAGA,medium_airport,Edward G. Pitka Sr Airport,64.736198,-156.936997,US,Galena,yes,PAGA,GAL,GAL
KGUP,medium_airport,Gallup Municipal Airport,35.511653,-108.788166,US,Gallup,yes,KGUP,GUP,GUP
PAGM,medium_airport,Gambell Airport,63.767694,-171.733303,US,Gambell,yes,PAGM,GAM,GAM
KGCK,medium_airport,Garden City Regional Airport,37.9275016785,-100.723999023,US,Garden City,yes,KGCK,GCK,GCK
KGYY,medium_airport,Gary/Chicago International Airport,41.617087,-87.413206,US,Gary,yes,KGYY,GYY,GYY
KGCC,medium_airport,Northeast Wyoming Regional Airport,44.3489,-105.539001,US,Gillette,yes,KGCC,GCC,GCC
KGGW,medium_airport,Glasgow Valley County Airport Wokal Field,48.212502,-106.614998,US,Glasgow,yes,KGGW,GGW,GGW
KGDV,medium_airport,Dawson Community Airport,47.137658,-104.80691,US,Glendive,yes,KGDV,GDV,GDV
KGCN,medium_airport,Grand Canyon National Park Airport,35.9524,-112.147003,US,Grand Canyon - Tusayan,yes,KGCN,GCN,GCN
KGFK,medium_airport,Grand Forks International Airport,47.949299,-97.176102,US,Grand Forks,yes,KGFK,GFK,GFK
KGRI,medium_airport,Central Nebraska Regional Airport,40.967498779296875,-98.30960083007812,US,Grand Island,yes,KGRI,GRI,GRI
KGJT,medium_airport,Grand Junction Regional Airport,39.126663,-108.529387,US,Grand Junction,yes,KGJT,GJT,GJT
KGTF,medium_airport,Great Falls International Airport,47.481998,-111.371002,US,Great Falls,yes,KGTF,GTF,GTF
KGRB,medium_airport,Austin Straubel International Airport,44.483459,-88.130805,US,Green Bay,yes,KGRB,GRB,GRB
KGLH,medium_airport,Mid Delta Regional Airport,33.482899,-90.985603,US,Greenville,yes,KGLH,GLH,GLH
KPGV,medium_airport,Pitt-Greenville Airport,35.635535,-77.384262,US,Greenville,yes,KPGV,PGV,PGV
KGSP,medium_airport,Greenville-Spartanburg International Airport,34.895699,-82.218903,US,Greenville/Greer/Spartanburg,yes,KGSP,GSP,GSP
KGPT,medium_airport,Gulfport Biloxi International Airport,30.405582,-89.069836,US,Gulfport,yes,KGPT,GPT,GPT
PAGK,medium_airport,Gulkana Airport,62.155859,-145.454662,US,Gulkana,yes,PAGK,GKN,GKN
KGUC,medium_airport,Gunnison Crested Butte Regional Airport,38.534672,-106.934566,US,Gunnison,yes,KGUC,GUC,GUC
PAGS,medium_airport,Gustavus Airport,58.4253006,-135.7070007,US,Gustavus,yes,PAGS,GST,GST
KSAW,medium_airport,Marquette/Sawyer International Airport,46.351498,-87.395884,US,Gwinn,yes,KSAW,MQT,SAW
KHGR,medium_airport,Hagerstown Regional Richard A Henson Field,39.708771,-77.728014,US,Hagerstown,yes,KHGR,HGR,HGR
KSUN,medium_airport,Friedman Memorial Airport,43.50439835,-114.2959976,US,Hailey,yes,KSUN,SUN,SUN
PAHN,medium_airport,Haines Airport,59.243921,-135.523925,US,Haines,yes,PAHN,HNS,HNS
PHHN,medium_airport,Hana Airport,20.795601,-156.014008,US,Hana,yes,PHHN,HNM,HNM
KCMX,medium_airport,Houghton County Memorial Airport,47.168399810791016,-88.48909759521484,US,Hancock,yes,KCMX,CMX,CMX
KHRL,medium_airport,Valley International Airport,26.228500366210938,-97.65440368652344,US,Harlingen,yes,KHRL,HRL,HRL
KMDT,medium_airport,Harrisburg International Airport,40.192838,-76.762333,US,Harrisburg,yes,KMDT,MDT,MDT
KHRO,medium_airport,Boone County Airport,36.26150131225586,-93.15470123291016,US,Harrison,yes,KHRO,HRO,HRO
KHVR,medium_airport,Havre City County Airport,48.541387,-109.762859,US,Havre,yes,KHVR,HVR,HVR
KHHR,medium_airport,Jack Northrop Field Hawthorne Municipal Airport,33.922798,-118.334999,US,Hawthorne,yes,KHHR,HHR,HHR
KHDN,medium_airport,Yampa Valley Airport,40.481201,-107.218002,US,Hayden,yes,KHDN,HDN,HDN
KHYS,medium_airport,Hays Regional Airport,38.844521,-99.273148,US,Hays,yes,KHYS,HYS,HYS
KHLN,medium_airport,Helena Regional Airport,46.6068,-111.983002,US,Helena,yes,KHLN,HLN,HLN
KHIB,medium_airport,Range Regional Airport,47.384831,-92.836905,US,Hibbing,yes,KHIB,HIB,HIB
PHTO,medium_airport,Hilo International Airport,19.72135,-155.045428,US,Hilo,yes,PHTO,ITO,ITO
KHXD,medium_airport,Hilton Head Airport,32.2244,-80.697502,US,Hilton Head Island,yes,KHXD,HHH,HXD
KHOB,medium_airport,Lea County Regional Airport,32.6875,-103.217003,US,Hobbs,yes,KHOB,HOB,HOB
PAHC,medium_airport,Holy Cross Airport,62.18830108642578,-159.77499389648438,US,Holy Cross,yes,PAHC,HCR,HCA
PAHO,medium_airport,Homer Airport,59.644456,-151.479235,US,Homer,yes,PAHO,HOM,HOM
KHOT,medium_airport,Memorial Field Airport,34.4788,-93.096262,US,Hot Springs,yes,KHOT,HOT,HOT
KHTS,medium_airport,Tri-State Airport / Milton J. Ferguson Field,38.366699,-82.557999,US,Huntington,yes,KHTS,HTS,HTS
KHSV,medium_airport,Huntsville International Airport,34.636244,-86.774378,US,Huntsville,yes,KHSV,HSV,HSV
PAHL,medium_airport,Huslia Airport,65.697899,-156.350998,US,Huslia,yes,PAHL,HSL,HLA
KHYA,medium_airport,Cape Cod Gateway Airport,41.6693,-70.280403,US,Hyannis,yes,KHYA,HYA,HYA
KIDA,medium_airport,Idaho Falls Regional Airport,43.514599,-112.070999,US,Idaho Falls,yes,KIDA,IDA,IDA
PAIL,medium_airport,Iliamna Airport,59.754398,-154.910996,US,Iliamna,yes,PAIL,ILI,ILI
KIPL,medium_airport,Imperial County Airport,32.83539,-115.574026,US,Imperial,yes,KIPL,IPL,IPL
KINL,medium_airport,Falls International Airport,48.566200256347656,-93.4030990600586,US,International Falls,yes,KINL,INL,INL
KISP,medium_airport,Long Island MacArthur Airport,40.796324,-73.101703,US,Islip,yes,KISP,ISP,ISP
KITH,medium_airport,Ithaca Tompkins Regional Airport,42.49100112915039,-76.4583969116211,US,Ithaca,yes,KITH,ITH,ITH
KJAC,medium_airport,Jackson Hole Airport,43.6073,-110.737999,US,Jackson,yes,KJAC,JAC,JAC
KJAN,medium_airport,Jackson-Medgar Wiley Evers International Airport,32.311199,-90.075897,US,Jackson,yes,KJAN,JAN,JAN
KMKL,medium_airport,McKellar-Sipes Regional Airport,35.599899,-88.915604,US,Jackson,yes,KMKL,MKL,MKL
KJMS,medium_airport,Jamestown Regional Airport,46.92969894,-98.67819977,US,Jamestown,yes,KJMS,JMS,JMS
KJST,medium_airport,John Murtha Johnstown Cambria County Airport,40.31610107421875,-78.83390045166016,US,Johnstown,yes,KJST,JST,JST
KJBR,medium_airport,Jonesboro Municipal Airport,35.83169937133789,-90.64640045166016,US,Jonesboro,yes,KJBR,JBR,JBR
KJLN,medium_airport,Joplin Regional Airport,37.151798,-94.498299,US,Joplin,yes,KJLN,JLN,JLN
PAJN,medium_airport,Juneau International Airport,58.354935,-134.574416,US,Juneau,yes,PAJN,JNU,JNU
KAZO,medium_airport,Kalamazoo/Battle Creek International Airport,42.232105,-85.549637,US,Kalamazoo,yes,KAZO,AZO,AZO
KGPI,medium_airport,Glacier Park International Airport,48.310501,-114.255997,US,Kalispell,yes,KGPI,FCA,GPI
PHMK,medium_airport,Molokai Airport,21.152901,-157.095993,US,Kaunakakai,yes,PHMK,MKK,MKK
KEAR,medium_airport,Kearney Regional Airport,40.727001,-99.006798,US,Kearney,yes,KEAR,EAR,EAR
PAEN,medium_airport,Kenai Municipal Airport,60.570946,-151.245174,US,Kenai,yes,PAEN,ENA,ENA
PAKT,medium_airport,Ketchikan International Airport,55.35559845,-131.7140045,US,Ketchikan,yes,PAKT,KTN,KTN
KEYW,medium_airport,Key West International Airport,24.556119,-81.759579,US,Key West,yes,KEYW,EYW,EYW
PAIK,medium_airport,Bob Baker Memorial Airport,66.976128,-160.439014,US,Kiana,yes,PAIK,IAN,IAN
KCIU,medium_airport,Chippewa County International Airport,46.242038,-84.462082,US,Kincheloe,yes,KCIU,CIU,CIU
PAKN,medium_airport,King Salmon Airport,58.677845,-156.651965,US,King Salmon,yes,PAKN,AKN,AKN
KIMT,medium_airport,Ford Airport,45.81911,-88.114557,US,Kingsford,yes,KIMT,IMT,IMT
KIRK,medium_airport,Kirksville Regional Airport,40.09349822998047,-92.5448989868164,US,Kirksville,yes,KIRK,IRK,IRK
PAKW,medium_airport,Klawock Airport,55.579201,-133.076004,US,Klawock,yes,PAKW,KLW,AKW
PADQ,medium_airport,Kodiak Airport,57.75,-152.4940033,US,Kodiak,yes,PADQ,ADQ,ADQ
PAOT,medium_airport,Ralph Wien Memorial Airport,66.88469696,-162.598999,US,Kotzebue,yes,PAOT,OTZ,OTZ
KLSE,medium_airport,La Crosse Regional Airport,43.879002,-91.256699,US,La Crosse,yes,KLSE,LSE,LSE
KLFT,medium_airport,Lafayette Regional Airport,30.205299,-91.987602,US,Lafayette,yes,KLFT,LFT,LFT
PHJH,medium_airport,Kapalua Airport,20.9629,-156.673004,US,Lahaina,yes,PHJH,JHM,JHM
KLCH,medium_airport,Lake Charles Regional Airport,30.126100540161133,-93.22329711914062,US,Lake Charles,yes,KLCH,LCH,LCH
KHII,medium_airport,Lake Havasu City Airport,34.570506,-114.357745,US,Lake Havasu City,yes,KHII,HII,HII
KLAL,medium_airport,Lakeland Linder International Airport,27.989267,-82.020715,US,Lakeland,yes,KLAL,LAL,LAL
PHNY,medium_airport,Lanai Airport,20.785675,-156.951324,US,Lanai City,yes,PHNY,LNY,LNY
KLNS,medium_airport,Lancaster Airport,40.121700286865234,-76.29609680175781,US,Lancaster,yes,KLNS,LNS,LNS
KLAN,medium_airport,Capital Region International Airport,42.777582,-84.585721,US,Lansing,yes,KLAN,LAN,LAN
KLAR,medium_airport,Laramie Regional Airport,41.31209945678711,-105.67500305175781,US,Laramie,yes,KLAR,LAR,LAR
KLRD,medium_airport,Laredo International Airport,27.5438,-99.461601,US,Laredo,yes,KLRD,LRD,LRD
KLRU,medium_airport,Las Cruces International Airport,32.289398,-106.921997,US,Las Cruces,yes,KLRU,LRU,LRU
KLBE,medium_airport,Arnold Palmer Regional Airport,40.275902,-79.4048,US,Latrobe,yes,KLBE,LBE,LBE
KLAW,medium_airport,Lawton Fort Sill Regional Airport,34.567699,-98.416603,US,Lawton,yes,KLAW,LAW,LAW
KLEB,medium_airport,Lebanon Municipal Airport,43.626098632799994,-72.30419921880001,US,Lebanon,yes,KLEB,LEB,LEB
KLWB,medium_airport,Greenbrier Valley Airport,37.857914,-80.400438,US,Lewisburg,yes,KLWB,LWB,LWB
KLWS,medium_airport,Lewiston Nez Perce County Airport,46.3745002746582,-117.01499938964844,US,Lewiston,yes,KLWS,LWS,LWS
KLEX,medium_airport,Blue Grass Airport,38.035066,-84.606738,US,Lexington,yes,KLEX,LEX,LEX
KLBL,medium_airport,Liberal Mid-America Regional Airport,37.0442009,-100.9599991,US,Liberal,yes,KLBL,LBL,LBL
KLNK,medium_airport,Lincoln Airport,40.844882,-96.76178,US,Lincoln,yes,KLNK,LNK,LNK
KLIT,medium_airport,Bill & Hillary Clinton National Airport/Adams Field,34.729222,-92.223591,US,Little Rock,yes,KLIT,LIT,LIT
KGGG,medium_airport,East Texas Regional Airport,32.38399887084961,-94.71150207519531,US,Longview,yes,KGGG,GGG,GGG
KLBB,medium_airport,Lubbock Preston Smith International Airport,33.663601,-101.822998,US,Lubbock,yes,KLBB,LBB,LBB
KLYH,medium_airport,Lynchburg Regional Airport - Preston Glenn Field,37.326698,-79.200401,US,Lynchburg,yes,KLYH,LYH,LYH
KMCN,medium_airport,Middle Georgia Regional Airport,32.69279861450195,-83.64920043945312,US,Macon,yes,KMCN,MCN,MCN
KMSN,medium_airport,Dane County Regional Truax Field,43.1399,-89.337502,US,Madison,yes,KMSN,MSN,MSN
KMMH,medium_airport,Mammoth Yosemite Airport,37.625381,-118.84306,US,Mammoth Lakes,yes,KMMH,MMH,MMH
KMHT,medium_airport,Manchester-Boston Regional Airport,42.932598,-71.435699,US,Manchester,yes,KMHT,MHT,MHT
KMHK,medium_airport,Manhattan Regional Airport,39.14099884033203,-96.6707992553711,US,Manhattan,yes,KMHK,MHK,MHK
KMWA,medium_airport,Veterans Airport of Southern Illinois,37.751208,-89.016568,US,Marion,yes,KMWA,MWA,MWA
KMCW,medium_airport,Mason City Municipal Airport,43.159801,-93.329716,US,Mason City,yes,KMCW,MCW,MCW
KMSS,medium_airport,Massena International Airport Richards Field,44.936157,-74.844304,US,Massena,yes,KMSS,MSS,MSS
KMFE,medium_airport,McAllen Miller International Airport,26.176141,-98.237965,US,McAllen,yes,KMFE,MFE,MFE
KMYL,medium_airport,McCall Municipal Airport,44.888837,-116.101112,US,McCall,yes,KMYL,MYL,MYL
KMCK,medium_airport,McCook Ben Nelson Regional Airport,40.207787,-100.592794,US,McCook,yes,KMCK,MCK,MCK
PAMC,medium_airport,McGrath Airport,62.95289993,-155.6060028,US,McGrath,yes,PAMC,MCG,MCG
KMFR,medium_airport,Rogue Valley International-Medford Airport,42.374199,-122.873001,US,Medford,yes,KMFR,MFR,MFR
PAMY,medium_airport,Mekoryuk Airport,60.372338,-166.269751,US,Mekoryuk,yes,PAMY,MYU,MYU
KMLB,medium_airport,Melbourne Orlando International Airport,28.102009,-80.641088,US,Melbourne,yes,KMLB,MLB,MLB
KMCE,medium_airport,Merced Regional Macready Field,37.284698,-120.514,US,Merced,yes,KMCE,MCE,MCE
KMEI,medium_airport,Key Field / Meridian Regional Airport,32.3326,-88.7519,US,Meridian,yes,KMEI,MEI,MEI
KIWA,medium_airport,Mesa Gateway Airport,33.3078,-111.654999,US,Mesa,yes,KIWA,AZA,IWA
KOPF,medium_airport,Miami-Opa Locka Executive Airport,25.907,-80.278397,US,Miami,yes,KOPF,OPF,OPF
KMGC,medium_airport,Michigan City Municipal Airport,41.7033,-86.821198,US,Michigan City,yes,KMGC,MGC,MGC
KMAF,medium_airport,Midland International Air and Space Port,31.942499,-102.202003,US,Midland,yes,KMAF,MAF,MAF
KMWL,medium_airport,Mineral Wells Regional Airport,32.781601,-98.060204,US,Mineral Wells,yes,KMWL,MWL,MWL
KMOT,medium_airport,Minot International Airport,48.25801,-101.279123,US,Minot,yes,KMOT,MOT,MOT
KMSO,medium_airport,Missoula Montana Airport,46.915816,-114.091107,US,Missoula,yes,KMSO,MSO,MSO
KCNY,medium_airport,Canyonlands Regional Airport,38.755001,-109.754997,US,Moab,yes,KCNY,CNY,CNY
KMOB,medium_airport,Mobile Regional Airport,30.6912,-88.242798,US,Mobile,yes,KMOB,MOB,MOB
KMLI,medium_airport,Quad City International Airport,41.448502,-90.5075,US,Moline,yes,KMLI,MLI,MLI
KMLU,medium_airport,Monroe Regional Airport,32.510899,-92.037697,US,Monroe,yes,KMLU,MLU,MLU
KMRY,medium_airport,Monterey Regional Airport,36.586777,-121.844183,US,Monterey,yes,KMRY,MRY,MRY
KMGM,medium_airport,Montgomery Regional (Dannelly Field) Airport,32.300598,-86.393997,US,Montgomery,yes,KMGM,MGM,MGM
KMTJ,medium_airport,Montrose Regional Airport,38.5098,-107.893997,US,Montrose,yes,KMTJ,MTJ,MTJ
KMGW,medium_airport,Morgantown Municipal Airport Walter L. (Bill) Hart Field,39.643305,-79.917598,US,Morgantown,yes,KMGW,MGW,MGW
KPIB,medium_airport,Hattiesburg Laurel Regional Airport,31.4671,-89.337097,US,Moselle,yes,KPIB,PIB,PIB
KCWA,medium_airport,Central Wisconsin Airport,44.777448,-89.670238,US,Mosinee,yes,KCWA,CWA,CWA
KMSL,medium_airport,Northwest Alabama Regional Airport,34.745123,-87.612981,US,Muscle Shoals,yes,KMSL,MSL,MSL
KMKG,medium_airport,Muskegon County Airport,43.169498,-86.238197,US,Muskegon,yes,KMKG,MKG,MKG
KACK,medium_airport,Nantucket Memorial Airport,41.25310135,-70.06020355,US,Nantucket,yes,KACK,ACK,ACK
KEWB,medium_airport,New Bedford Regional Airport,41.67610168457031,-70.95690155029297,US,New Bedford,yes,KEWB,EWB,EWB
KEWN,medium_airport,Coastal Carolina Regional Airport,35.0730018616,-77.04290008539999,US,New Bern,yes,KEWN,EWN,EWN
KHVN,medium_airport,Tweed New Haven Airport,41.262869,-72.887694,US,New Haven,yes,KHVN,HVN,HVN
KSWF,medium_airport,New York Stewart International Airport,41.50421,-74.108901,US,Newburgh,yes,KSWF,SWF,SWF
KUUU,medium_airport,Newport State Airport,41.532207,-71.281039,US,Newport,yes,KUUU,NPT,UUU
KPHF,medium_airport,Newport News Williamsburg International Airport,37.131901,-76.492996,US,Newport News,yes,KPHF,PHF,PHF
KIAG,medium_airport,Niagara Falls International Airport,43.1073,-78.946198,US,Niagara Falls,yes,KIAG,IAG,IAG
PAOM,medium_airport,Nome Airport,64.51219940185547,-165.44500732421875,US,Nome,yes,PAOM,OME,OME
KOTH,medium_airport,Southwest Oregon Regional Airport,43.41709899902344,-124.24600219726562,US,North Bend,yes,KOTH,OTH,OTH
KLBF,medium_airport,North Platte Regional Airport Lee Bird Field,41.12620163,-100.6839981,US,North Platte,yes,KLBF,LBF,LBF
PAOR,medium_airport,Northway Airport,62.9613,-141.929001,US,Northway,yes,PAOR,ORT,ORT
PAQT,medium_airport,Nuiqsut Airport,70.209999,-151.005998,US,Nuiqsut,yes,PAQT,NUI,AQT
KOXB,medium_airport,Ocean City Municipal Airport,38.310398,-75.124001,US,Ocean City,yes,KOXB,OCE,OXB
KOGD,medium_airport,Ogden Hinckley Airport,41.195899963379,-112.0120010376,US,Ogden,yes,KOGD,OGD,OGD
KOGS,medium_airport,Ogdensburg International Airport,44.6819,-75.4655,US,Ogdensburg,yes,KOGS,OGS,OGS
KOLM,medium_airport,Olympia Regional Airport,46.969399,-122.903,US,Olympia,yes,KOLM,OLM,OLM
KOWB,medium_airport,Owensboro Daviess County Airport,37.74010086,-87.16680145,US,Owensboro,yes,KOWB,OWB,OWB
KPAH,medium_airport,Barkley Regional Airport,37.06079864501953,-88.7738037109375,US,Paducah,yes,KPAH,PAH,PAH
KPGA,medium_airport,Page Municipal Airport,36.924234,-111.447716,US,Page,yes,KPGA,PGA,PGA
KECP,medium_airport,Northwest Florida Beaches International Airport,30.357106,-85.795414,US,Panama City Beach,yes,KECP,ECP,ECP
KPKB,medium_airport,Mid Ohio Valley Regional Airport,39.3451,-81.439201,US,Parkersburg (Williamstown),yes,KPKB,PKB,PKB
KPSC,medium_airport,Tri Cities Airport,46.264702,-119.119003,US,Pasco,yes,KPSC,PSC,PSC
KPLN,medium_airport,Pellston Regional Airport of Emmet County Airport,45.57089996,-84.79669952,US,Pellston,yes,KPLN,PLN,PLN
KPDT,medium_airport,Eastern Oregon Regional Airport at Pendleton,45.695099,-118.841003,US,Pendleton,yes,KPDT,PDT,PDT
KPIA,medium_airport,General Wayne A. Downing Peoria International Airport,40.663841,-89.692631,US,Peoria,yes,KPIA,PIA,PIA
PAPG,medium_airport,Petersburg James A Johnson Airport,56.80170059,-132.9450073,US,Petersburg,yes,PAPG,PSG,PSG
KPIR,medium_airport,Pierre Regional Airport,44.38270187,-100.2860031,US,Pierre,yes,KPIR,PIR,PIR
PAPM,medium_airport,Platinum Airport,59.017675,-161.827927,US,Platinum,yes,PAPM,PTU,PTU
KPBG,medium_airport,Plattsburgh International Airport,44.650902,-73.468102,US,Plattsburgh,yes,KPBG,PBG,PBG
KPIH,medium_airport,Pocatello Regional Airport,42.9098014831543,-112.59600067138672,US,Pocatello,yes,KPIH,PIH,PIH
PPIZ,medium_airport,Point Lay LRRS Airport,69.732903,-163.005005,US,Point Lay,yes,PPIZ,PIZ,PIZ
PAPH,medium_airport,Port Heiden Airport,56.957893,-158.630219,US,Port Heiden,yes,PAPH,PTH,PTH
KPSM,medium_airport,Portsmouth International Airport at Pease,43.0779,-70.823303,US,Portsmouth,yes,KPSM,PSM,PSM
KPRC,medium_airport,Prescott Regional Airport - Ernest A. Love Field,34.653502,-112.419883,US,Prescott,yes,KPRC,PRC,PRC
KPQI,medium_airport,Presque Isle International Airport,46.688999,-68.0448,US,Presque Isle,yes,KPQI,PQI,PQI
KPVU,medium_airport,Provo Municipal Airport,40.218894,-111.722445,US,Provo,yes,KPVU,PVU,PVU
KPUB,medium_airport,Pueblo Memorial Airport,38.289101,-104.497002,US,Pueblo,yes,KPUB,PUB,PUB
KPUW,medium_airport,Pullman-Moscow Regional Airport,46.741601,-117.11163,US,Pullman,yes,KPUW,PUW,PUW
KPGD,medium_airport,Punta Gorda Airport,26.9202,-81.990501,US,Punta Gorda,yes,KPGD,PGD,PGD
KUIN,medium_airport,Quincy Regional Airport Baldwin Field,39.942699,-91.194603,US,Quincy,yes,KUIN,UIN,UIN
KRAP,medium_airport,Rapid City Regional Airport,44.0452995300293,-103.05699920654297,US,Rapid City,yes,KRAP,RAP,RAP
KRDD,medium_airport,Redding Municipal Airport,40.50899887,-122.2929993,US,Redding,yes,KRDD,RDD,RDD
KRDM,medium_airport,Roberts Field,44.254101,-121.150002,US,Redmond,yes,KRDM,RDM,RDM
KRHI,medium_airport,Rhinelander Oneida County Airport,45.63119888305664,-89.46749877929688,US,Rhinelander,yes,KRHI,RHI,RHI
KOAJ,medium_airport,Albert J Ellis Airport,34.829201,-77.612099,US,Richlands,yes,KOAJ,OAJ,OAJ
KRIW,medium_airport,Central Wyoming Regional Airport,43.064201,-108.459999,US,Riverton,yes,KRIW,RIW,RIW
KROA,medium_airport,Roanoke–Blacksburg Regional Airport,37.3255,-79.975403,US,Roanoke,yes,KROA,ROA,ROA
KRST,medium_airport,Rochester International Airport,43.908298,-92.5,US,Rochester,yes,KRST,RST,RST
KRKS,medium_airport,Southwest Wyoming Regional Airport,41.5942,-109.065001,US,Rock Springs,yes,KRKS,RKS,RKS
KRKD,medium_airport,Knox County Regional Airport,44.060101,-69.099197,US,Rockland,yes,KRKD,RKD,RKD
KROW,medium_airport,Roswell Air Center Airport,33.301601,-104.530998,US,Roswell,yes,KROW,ROW,ROW
PARY,medium_airport,Ruby Airport,64.727203,-155.470001,US,Ruby,yes,PARY,RBY,RBY
KRUT,medium_airport,Rutland - Southern Vermont Regional Airport,43.5294,-72.9496,US,Rutland,yes,KRUT,RUT,RUT
KSTC,medium_airport,Saint Cloud Regional Airport,45.5466,-94.059898,US,Saint Cloud,yes,KSTC,STC,STC
KSLE,medium_airport,Salem-Willamette Valley Airport/McNary Field,44.9095,-123.002998,US,Salem,yes,KSLE,SLE,SLE
KSLN,medium_airport,Salina Municipal Airport,38.79100036621094,-97.6521987915039,US,Salina,yes,KSLN,SLN,SLN
KSBY,medium_airport,Salisbury Ocean City Wicomico Regional Airport,38.34049987792969,-75.51029968261719,US,Salisbury,yes,KSBY,SBY,SBY
KSMN,medium_airport,Lemhi County Airport,45.122233,-113.88196,US,Salmon,yes,KSMN,SMN,SMN
KSJT,medium_airport,San Angelo Regional Mathis Field,31.35770034790039,-100.49600219726562,US,San Angelo,yes,KSJT,SJT,SJT
KSQL,medium_airport,San Carlos Airport,37.51313,-122.250838,US,San Carlos,yes,KSQL,SQL,SQL
KSBP,medium_airport,San Luis County Regional Airport,35.236801147499996,-120.641998291,US,San Luis Obispo,yes,KSBP,SBP,SBP
PASD,medium_airport,Sand Point Airport,55.313908,-160.522099,US,Sand Point,yes,PASD,SDP,SDP
KSBA,medium_airport,Santa Barbara Municipal Airport,34.426201,-119.839996,US,Santa Barbara,yes,KSBA,SBA,SBA
KSAF,medium_airport,Santa Fe Municipal Airport,35.6171,-106.088997,US,Santa Fe,yes,KSAF,SAF,SAF
KSMX,medium_airport,Santa Maria Public Airport Captain G Allan Hancock Field,34.898899,-120.457001,US,Santa Maria,yes,KSMX,SMX,SMX
KSTS,medium_airport,Charles M. Schulz Sonoma County Airport,38.50899887,-122.8130035,US,Santa Rosa,yes,KSTS,STS,STS
KSLK,medium_airport,Adirondack Regional Airport,44.38691,-74.204629,US,Saranac Lake,yes,KSLK,SLK,SLK
PASA,medium_airport,Savoonga Airport,63.686401,-170.492996,US,Savoonga,yes,PASA,SVA,SVA
KCMI,medium_airport,University of Illinois Willard Airport,40.039819,-88.276249,US,Savoy,yes,KCMI,CMI,CMI
KBFF,medium_airport,Western Neb. Rgnl/William B. Heilig Airport,41.87400055,-103.5960007,US,Scottsbluff,yes,KBFF,BFF,BFF
KBFI,medium_airport,King County International Airport - Boeing Field,47.527042,-122.29995,US,Seattle,yes,KBFI,BFI,BFI
KSHR,medium_airport,Sheridan County Airport,44.76919937133789,-106.9800033569336,US,Sheridan,yes,KSHR,SHR,SHR
KSOW,medium_airport,Show Low Regional Airport,34.264062,-110.007091,US,Show Low,yes,KSOW,SOW,SOW
KSHV,medium_airport,Shreveport Regional Airport,32.446602,-93.8256,US,Shreveport,yes,KSHV,SHV,SHV
KSDY,medium_airport,Sidney - Richland Regional Airport,47.705141,-104.194422,US,Sidney,yes,KSDY,SDY,SDY
KSVC,medium_airport,Grant County Airport,32.636701,-108.154736,US,Silver City,yes,KSVC,SVC,SVC
KSUX,medium_airport,Sioux Gateway Airport / Brigadier General Bud Day Field,42.397605,-96.382237,US,Sioux City,yes,KSUX,SUX,SUX
KFSD,medium_airport,Sioux Falls Regional Airport,43.585463,-96.741152,US,Sioux Falls,yes,KFSD,FSD,FSD
PASI,medium_airport,Sitka Rocky Gutierrez Airport,57.04710006713867,-135.36199951171875,US,Sitka,yes,PASI,SIT,SIT
KSBN,medium_airport,South Bend International Airport,41.708304,-86.316922,US,South Bend,yes,KSBN,SBN,SBN
KSPI,medium_airport,Abraham Lincoln Capital Airport,39.844101,-89.677902,US,Springfield,yes,KSPI,SPI,SPI
KSGF,medium_airport,Springfield Branson National Airport,37.245047,-93.388596,US,Springfield,yes,KSGF,SGF,SGF
KSGJ,medium_airport,Northeast Florida Regional Airport,29.9592,-81.339798,US,St Augustine,yes,KSGJ,UST,SGJ
PAPB,medium_airport,St George Airport,56.577345,-169.663823,US,St George,yes,PAPB,STG,PBV
KSGU,medium_airport,St George Regional Airport,37.036389,-113.510306,US,St George,yes,KSGU,SGU,SGU
PASN,medium_airport,St Paul Island Airport,57.166311,-170.222555,US,St Paul Island,yes,PASN,SNP,SNP
KUNV,medium_airport,State College Regional Airport,40.849374,-77.84852,US,State College,yes,KUNV,SCE,UNV
KSWO,medium_airport,Stillwater Regional Airport,36.162132,-97.085581,US,Stillwater,yes,KSWO,SWO,SWO
KSCK,medium_airport,Stockton Metropolitan Airport,37.893279,-121.238079,US,Stockton,yes,KSCK,SCK,SCK
KTIW,medium_airport,Tacoma Narrows Airport,47.267407,-122.577295,US,Tacoma,yes,KTIW,TIW,TIW
KTLH,medium_airport,Tallahassee International Airport,30.401209,-84.35433,US,Tallahassee,yes,KTLH,TLH,TLH
KSKX,medium_airport,Taos Regional Airport,36.452494,-105.67749,US,Taos,yes,KSKX,TSM,SKX
KTEX,medium_airport,Telluride Regional Airport,37.9538,-107.907997,US,Telluride,yes,KTEX,TEX,TEX
KTEB,medium_airport,Teterboro Airport,40.850101,-74.060799,US,Teterboro,yes,KTEB,TEB,TEB
KTXK,medium_airport,Texarkana Regional Airport (Webb Field),33.453701,-93.990997,US,Texarkana,yes,KTXK,TXK,TXK
KTVF,medium_airport,Thief River Falls Regional Airport,48.065701,-96.184998,US,Thief River Falls,yes,KTVF,TVF,TVF
KTOL,medium_airport,Eugene F. Kranz Toledo Express Airport,41.5868,-83.8078,US,Toledo,yes,KTOL,TOL,TOL
KTVC,medium_airport,Cherry Capital Airport,44.741402,-85.582199,US,Traverse City,yes,KTVC,TVC,TVC
KTRK,medium_airport,Truckee Tahoe Airport,39.318628,-120.140562,US,Truckee,yes,KTRK,TKF,TRK
KTUP,medium_airport,Tupelo Regional Airport,34.26810073852539,-88.7698974609375,US,Tupelo,yes,KTUP,TUP,TUP
KTWF,medium_airport,Joslin Field Magic Valley Regional Airport,42.4818,-114.487999,US,Twin Falls,yes,KTWF,TWF,TWF
KTYR,medium_airport,Tyler Pounds Regional Airport,32.35409927368164,-95.40239715576172,US,Tyler,yes,KTYR,TYR,TYR
PAUN,medium_airport,Unalakleet Airport,63.888401,-160.798996,US,Unalakleet,yes,PAUN,UNK,UNK
PADU,medium_airport,Tom Madsen (Dutch Harbor) Airport,53.89881,-166.544996,US,Unalaska,yes,PADU,DUT,DUT
PAIM,medium_airport,Indian Mountain LRRS Airport,65.992798,-153.703995,US,Utopia Creek,yes,PAIM,UTO,UTO
PABR,medium_airport,Wiley Post Will Rogers Memorial Airport,71.285402,-156.766008,US,Utqiaġvik,yes,PABR,BRW,BRW
PAVD,medium_airport,Valdez Pioneer Field,61.132712,-146.246567,US,Valdez,yes,PAVD,VDZ,VDZ
KVLD,medium_airport,Valdosta Regional Airport,30.782499313354492,-83.27670288085938,US,Valdosta,yes,KVLD,VLD,VLD
KVPS,medium_airport,Destin-Fort Walton Beach Airport,30.481315,-86.515839,US,Valparaiso,yes,KVPS,VPS,VPS
KVEL,medium_airport,Vernal Regional Airport,40.436214,-109.511661,US,Vernal,yes,KVEL,VEL,VEL
KVRB,medium_airport,Vero Beach Regional Airport,27.6556,-80.417901,US,Vero Beach,yes,KVRB,VRB,VRB
KVCT,medium_airport,Victoria Regional Airport,28.85260009765625,-96.91850280761719,US,Victoria,yes,KVCT,VCT,VCT
KACT,medium_airport,Waco Regional Airport,31.611299514770508,-97.23049926757812,US,Waco,yes,KACT,ACT,ACT
PHMU,medium_airport,Waimea Kohala Airport,20.001301,-155.667999,US,Waimea (Kamuela),yes,PHMU,MUE,MUE
PAWI,medium_airport,Wainwright Airport,70.638,-159.994995,US,Wainwright,yes,PAWI,AIN,AWI
KALW,medium_airport,Walla Walla Regional Airport,46.09489822,-118.288002,US,Walla Walla,yes,KALW,ALW,ALW
KALO,medium_airport,Waterloo Regional Airport,42.557098388671875,-92.40029907226562,US,Waterloo,yes,KALO,ALO,ALO
KART,medium_airport,Watertown International Airport,43.991901,-76.021698,US,Watertown,yes,KART,ART,ART
KATY,medium_airport,Watertown Regional Airport,44.91400146,-97.15470123,US,Watertown,yes,KATY,ATY,ATY
KEAT,medium_airport,Pangborn Memorial Airport,47.398899,-120.207001,US,Wenatchee,yes,KEAT,EAT,EAT
KLAF,medium_airport,Purdue University Airport,40.412875,-86.939363,US,West Lafayette,yes,KLAF,LAF,LAF
KWYS,medium_airport,Yellowstone Airport,44.6884,-111.117996,US,West Yellowstone,yes,KWYS,WYS,WYS
KWST,medium_airport,Westerly State Airport,41.349602,-71.803398,US,Westerly,yes,KWST,WST,WST
KSHD,medium_airport,Shenandoah Valley Regional Airport,38.263802,-78.8964,US,Weyers Cave,yes,KSHD,SHD,SHD
KHPN,medium_airport,Westchester County Airport,41.06700134277344,-73.70760345458984,US,White Plains,yes,KHPN,HPN,HPN
KICT,medium_airport,Wichita Dwight D. Eisenhower National Airport,37.650314,-97.428583,US,Wichita,yes,KICT,ICT,ICT
KSPS,medium_airport,Wichita Falls Municipal Airport / Sheppard Air Force Base,33.9888,-98.491898,US,Wichita Falls,yes,KSPS,SPS,SPS
KAVP,medium_airport,Wilkes-Barre/Scranton International Airport,41.337064,-75.724232,US,Wilkes-Barre/Scranton,yes,KAVP,AVP,AVP
KIPT,medium_airport,Williamsport Regional Airport,41.242126,-76.92245,US,Williamsport,yes,KIPT,IPT,IPT
KXWA,medium_airport,Williston Basin International Airport,48.260863,-103.75116,US,Williston,yes,KXWA,XWA,XWA
KILG,medium_airport,Wilmington Airport,39.678699,-75.606499,US,Wilmington,yes,KILG,ILG,ILG
KILM,medium_airport,Wilmington International Airport,34.272345,-77.905117,US,Wilmington,yes,KILM,ILM,ILM
KOLF,medium_airport,L M Clayton Airport,48.094501,-105.574997,US,Wolf Point,yes,KOLF,OLF,OLF
KORH,medium_airport,Worcester Regional Airport,42.2673,-71.875702,US,Worcester,yes,KORH,ORH,ORH
PAWG,medium_airport,Wrangell Airport,56.48429871,-132.3699951,US,Wrangell,yes,PAWG,WRG,WRG
KYKM,medium_airport,Yakima Air Terminal McAllister Field,46.56819916,-120.5439987,US,Yakima,yes,KYKM,YKM,YKM
PAYA,medium_airport,Yakutat Airport,59.508717,-139.660435,US,Yakutat,yes,PAYA,YAK,YAK
KNYL,medium_airport,Yuma International Airport / Marine Corps Air Station Yuma,32.650938,-114.609375,US,Yuma,yes,KNYL,YUM,NYL
SULS,medium_airport,Capitan Corbeta CA Curbelo International Airport,-34.855099,-55.094299,UY,Punta del Este,yes,SULS,PDP,
SURV,medium_airport,Pres. Gral. Óscar D. Gestido Binational Airport,-30.9746,-55.4762,UY,Rivera/Santana do Livramento,yes,SURV,RVY,
UTKA,medium_airport,Andijan International Airport,40.727699,72.293999,UZ,Andijan,yes,UZFA,AZN,
UTKF,medium_airport,Fergana International Airport,40.358799,71.745003,UZ,Fergana,yes,UZFF,FEG,
UTSA,medium_airport,Navoi International Airport,40.117599,65.172658,UZ,Navoi,yes,UZSA,NVI,
UTTP,medium_airport,Tashkent-Khumo International Airport,41.312889,69.395535,UZ,Tashkent,yes,UZTP,TVT,
UTST,medium_airport,Termez Airport,37.287261,67.311869,UZ,Termez,yes,UTST,TMJ,
UTTZ,medium_airport,Zomin Airport,40.01402,68.41103,UZ,Zomin,yes,UZTZ,OMN,
TVSB,medium_airport,J F Mitchell Airport,12.9884,-61.262001,VC,Bequia,yes,TVSB,BQU,
TVSC,medium_airport,Canouan Airport,12.699,-61.3424,VC,Canouan,yes,TVSC,CIW,
TVSM,medium_airport,Mustique Airport,12.8879,-61.180199,VC,Lovell,yes,TVSM,MQS,
TVSU,medium_airport,Union Island International Airport,12.600135,-61.411945,VC,Union Island,yes,TVSU,UNI,
SVBI,medium_airport,Barinas Airport,8.615,-70.214167,VE,Barinas,yes,SVBI,BNS,
SVCN,medium_airport,Canaima Airport,6.231989,-62.85485,VE,Canaima,yes,SVCN,CAJ,
SVCP,medium_airport,General Francisco Bermúdez Airport,10.660014,-63.261681,VE,Carúpano,yes,SVCP,CUP,
SVCR,medium_airport,José Leonardo Chirinos Airport,11.414944,-69.680901,VE,Coro,yes,SVCR,CZE,
SVCU,medium_airport,Antonio José de Sucre Airport,10.450333,-64.13047,VE,Cumaná,yes,SVCU,CUM,
SVST,medium_airport,San Tomé Airport,8.9451465606689,-64.151084899902,VE,El Tigre,yes,SVST,SOM,
SVVG,medium_airport,Juan Pablo Pérez Alfonso Airport,8.624139,-71.672668,VE,El Vigía,yes,SVVG,VIG,
SVMT,medium_airport,José Tadeo Monagas International Airport,9.749023,-63.153348,VE,Maturín,yes,SVMT,MUN,
SVJC,medium_airport,Josefa Camejo International Airport,11.780775,-70.151497,VE,Paraguaná,yes,SVJC,LSP,
SVSA,medium_airport,Juan Vicente Gómez International Airport,7.840809,-72.439878,VE,San Antonio del Tachira,yes,SVSA,SVZ,
SVSE,medium_airport,Santa Elena de Uairén Airport,4.554699,-61.145234,VE,Santa Elena de Uairén,yes,SVSE,SNV,
SVSO,medium_airport,Mayor Buenaventura Vivas International Airport,7.56538,-72.035103,VE,Santo Domingo,yes,SVSO,STD,
SVVL,medium_airport,Dr. Antonio Nicolás Briceño Airport,9.340478,-70.584061,VE,Valera,yes,SVVL,VLV,
TUPW,medium_airport,Virgin Gorda Airport,18.446634,-64.427932,VG,Spanish Town,yes,TUPW,VIJ,
TISX,medium_airport,Henry E. Rohlsen Airport,17.701413,-64.802608,VI,Christiansted,yes,TISX,STX,STX
VVBM,medium_airport,Buon Ma Thuot Airport,12.668299675,108.120002747,VN,Buon Ma Thuot,yes,VVBM,BMV,
VVCM,medium_airport,Cà Mau Airport,9.177667,105.177778,VN,Ca Mau City,yes,VVCM,CAH,
VVCS,medium_airport,Con Dao Airport,8.73183,106.633003,VN,Con Dao,yes,VVCS,VCS,
VVDL,medium_airport,Lien Khuong Airport,11.750556,108.366997,VN,Da Lat,yes,VVDL,DLI,
VVDB,medium_airport,Dien Bien Phu Airport,21.3974990845,103.008003235,VN,Dien Bien Phu,yes,VVDB,DIN,
VVDH,medium_airport,Dong Hoi Airport,17.515,106.590556,VN,Dong Hoi,yes,VVDH,VDH,
VVPB,medium_airport,Phu Bai International Airport,16.400628,107.703094,VN,Huế,yes,VVPB,HUI,
VVPK,medium_airport,Pleiku Airport,14.004500389099121,108.01699829101562,VN,Pleiku,yes,VVPK,PXU,
VVPC,medium_airport,Phu Cat Airport,13.955,109.042,VN,Quy Nohn,yes,VVPC,UIH,
VVRG,medium_airport,Rach Gia Airport,9.95802997234,105.132379532,VN,Rach Gia,yes,VVRG,VKG,
VVTH,medium_airport,Dong Tac Airport,13.0496,109.334,VN,Tuy Hoa,yes,VVTH,TBB,
VVVD,medium_airport,Van Don International Airport,21.120693,107.41539,VN,Van Don,yes,VVVD,VDO,
VVVH,medium_airport,Vinh Airport,18.7376003265,105.67099762,VN,Vinh,yes,VVVH,VII,
NVSS,medium_airport,Santo Pekoa International Airport,-15.505000114399998,167.220001221,VU,Luganville,yes,NVSS,SON,
NVVW,medium_airport,Whitegrass Airport,-19.455099,169.223999,VU,Tanna Island,yes,NVVW,TAH,
OYGD,medium_airport,Al Ghaydah International Airport,16.193341,52.174186,YE,Al Ghaydah,yes,OYGD,AAY,
OYSQ,medium_airport,Socotra Airport,12.632093,53.906173,YE,Mori,yes,OYSQ,SCT,
OYTZ,medium_airport,Taiz International Airport,13.686,44.139099,YE,Taiz,yes,OYTZ,TAI,
FAHT,medium_airport,Eastgate Airport / Air Force Base Hoedspruit,-24.361864,31.052921,ZA,Hoedspruit,yes,FAHS,HDS,
FAMM,medium_airport,Mmabatho International Airport,-25.798400878900004,25.548000335699996,ZA,Mafeking,yes,FAMM,MBD,
FAMG,medium_airport,Margate Airport,-30.8574008942,30.343000412,ZA,Margate,yes,FAMG,MGH,
FAMU,medium_airport,Mkuze Airport,-27.626101,32.0443,ZA,Mkuze,yes,FAMU,MZQ,
FAUT,medium_airport,K. D. Matanzima Airport,-31.546363184900002,28.6733551025,ZA,Mthatha,yes,FAUT,UTT,
FAPH,medium_airport,Hendrik Van Eck Airport,-23.937200546299998,31.1553993225,ZA,Phalaborwa,yes,FAPH,PHW,
FAPM,medium_airport,Pietermaritzburg Airport,-29.649000167799997,30.3987007141,ZA,Pietermaritzburg,yes,FAPM,PZB,
FARB,medium_airport,Richards Bay Airport,-28.740999221800003,32.0920982361,ZA,Richards Bay,yes,FARB,RCB,
FASS,medium_airport,Sishen Airport,-27.6486,22.9993,ZA,Sishen,yes,FASS,SIS,
FASZ,medium_airport,Skukuza Airport,-24.96085,31.588587,ZA,Skukuza,yes,FASZ,SZK,
FAUP,medium_airport,Upington Airport,-28.400246,21.263592,ZA,Upington,yes,FAUP,UTN,
FVKB,medium_airport,Kariba Airport,-16.5198,28.885,ZW,Kariba,yes,FVKB,KAB,
